2025.10.24 01:23:47 INFO  web[][o.s.p.ProcessEntryPoint] Starting Web Server
2025.10.24 01:23:49 INFO  web[][o.s.s.p.LogServerVersion] SonarQube Server / 9.9.8.100196 / a6b73d92af974da59414bc4a00dde2882016ea70
2025.10.24 01:23:49 INFO  web[][o.s.s.p.d.EmbeddedDatabase] Starting embedded database on port 9092 with url jdbc:h2:tcp://127.0.0.1:9092/sonar;NON_KEYWORDS=VALUE
2025.10.24 01:23:49 INFO  web[][o.s.s.p.d.EmbeddedDatabase] Embedded database started. Data stored in: /opt/sonarqube/data
2025.10.24 01:23:49 INFO  web[][o.sonar.db.Database] Create JDBC data source for jdbc:h2:tcp://127.0.0.1:9092/sonar;NON_KEYWORDS=VALUE
2025.10.24 01:23:49 INFO  web[][c.z.h.HikariDataSource] HikariPool-1 - Starting...
2025.10.24 01:23:49 INFO  web[][c.z.h.p.HikariPool] HikariPool-1 - Added connection conn2: url=jdbc:h2:tcp://127.0.0.1:9092/sonar user=
2025.10.24 01:23:49 INFO  web[][c.z.h.HikariDataSource] HikariPool-1 - Start completed.
2025.10.24 01:23:49 WARN  web[][o.s.db.dialect.H2] H2 database should be used for evaluation purpose only.
2025.10.24 01:23:51 INFO  web[][o.s.s.p.ServerFileSystemImpl] SonarQube home: /opt/sonarqube
2025.10.24 01:23:51 INFO  web[][o.s.s.u.SystemPasscodeImpl] System authentication by passcode is disabled
2025.10.24 01:23:51 INFO  web[][o.s.s.p.d.m.h.MigrationHistoryTableImpl] Creating table schema_migrations
2025.10.24 01:23:52 INFO  web[][o.s.s.p.ServerPluginManager] Deploy C# Code Quality and Security / 8.51.0.59060 / e14c642f118958f22fd08841dc42f9aae480366a
2025.10.24 01:23:52 INFO  web[][o.s.s.p.ServerPluginManager] Deploy Configuration detection fot Code Quality and Security / 1.2.0.267 / 4f37ba9ffb37a96d5883e52ad392ed32c5c6eaab
2025.10.24 01:23:52 INFO  web[][o.s.s.p.ServerPluginManager] Deploy Flex Code Quality and Security / 2.8.0.3166 / 01f66bdddc678966c81a9064ed139156a6a89c97
2025.10.24 01:23:52 INFO  web[][o.s.s.p.ServerPluginManager] Deploy Go Code Quality and Security / 1.11.0.3905 / e1f28bc000e04ca01881e84218d01d464a17a36f
2025.10.24 01:23:52 INFO  web[][o.s.s.p.ServerPluginManager] Deploy HTML Code Quality and Security / 3.7.1.3306 / d720acc6860c6d8b69ec4d17570a398a1e216da1
2025.10.24 01:23:52 INFO  web[][o.s.s.p.ServerPluginManager] Deploy IaC Code Quality and Security / 1.11.0.2847 / 6892bd3a7320b3c110717acfdb18c4c7451069fd
2025.10.24 01:23:52 INFO  web[][o.s.s.p.ServerPluginManager] Deploy JaCoCo / 1.3.0.1538 / 74a7798c7cea687c72ed9df40c93eb7ea2a58c49
2025.10.24 01:23:52 INFO  web[][o.s.s.p.ServerPluginManager] Deploy Java Code Quality and Security / 7.16.0.30901 / 4b1436558dfd5fc00c8d9aae8bb0364ba122c73e
2025.10.24 01:23:52 INFO  web[][o.s.s.p.ServerPluginManager] Deploy JavaScript/TypeScript/CSS Code Quality and Security / 9.13.0.20537 / 68ff7657415044b86033814795ed95fc1f1558f1
2025.10.24 01:23:52 INFO  web[][o.s.s.p.ServerPluginManager] Deploy Kotlin Code Quality and Security / 2.12.0.1956 / a6df1ae252bd62d63f8673c28f87ad14258a7904
2025.10.24 01:23:52 INFO  web[][o.s.s.p.ServerPluginManager] Deploy PHP Code Quality and Security / 3.27.1.9352 / 3ddc5a03e1a7e3729d41e7c1a30a37d5715958c7
2025.10.24 01:23:52 INFO  web[][o.s.s.p.ServerPluginManager] Deploy Python Code Quality and Security / 3.24.1.11916 / cc8f4fa745eb33d31c3869bdfdfd45514e67c1fe
2025.10.24 01:23:52 INFO  web[][o.s.s.p.ServerPluginManager] Deploy Ruby Code Quality and Security / 1.11.0.3905 / e1f28bc000e04ca01881e84218d01d464a17a36f
2025.10.24 01:23:52 INFO  web[][o.s.s.p.ServerPluginManager] Deploy Scala Code Quality and Security / 1.11.0.3905 / e1f28bc000e04ca01881e84218d01d464a17a36f
2025.10.24 01:23:52 INFO  web[][o.s.s.p.ServerPluginManager] Deploy Text Code Quality and Security / 2.0.2.1090 / 7eb026363b98f5f98b43c603772b5177869c2c6a
2025.10.24 01:23:52 INFO  web[][o.s.s.p.ServerPluginManager] Deploy VB.NET Code Quality and Security / 8.51.0.59060 / e14c642f118958f22fd08841dc42f9aae480366a
2025.10.24 01:23:52 INFO  web[][o.s.s.p.ServerPluginManager] Deploy XML Code Quality and Security / 2.7.0.3820 / 656bccc1910d50c8984536bd2dfd917066b858e6
2025.10.24 01:24:01 INFO  web[][o.s.s.e.EsClientProvider] Connected to local Elasticsearch: [http://localhost:9001]
2025.10.24 01:24:02 WARN  web[][o.s.a.s.w.WebService$Action] Description is not set on action api/monitoring/metrics
2025.10.24 01:24:02 WARN  web[][o.s.a.s.w.WebService$Action] Since is not set on action api/monitoring/metrics
2025.10.24 01:24:02 WARN  web[][o.s.a.s.w.WebService$Action] The response example is not set on action api/monitoring/metrics
2025.10.24 01:24:02 WARN  web[][o.s.a.s.w.WebService$Action] The response example is not set on action api/system/liveness
2025.10.24 01:24:02 INFO  web[][o.s.s.p.d.m.AutoDbMigration] Automatically perform DB migration on fresh install
2025.10.24 01:24:02 INFO  web[][DbMigrations] Executing DB migrations...
2025.10.24 01:24:02 INFO  web[][DbMigrations] #1 'Create initial schema'...
2025.10.24 01:24:03 INFO  web[][DbMigrations] #1 'Create initial schema': success | time=499ms
2025.10.24 01:24:03 INFO  web[][DbMigrations] #2 'Populate initial schema'...
2025.10.24 01:24:03 INFO  web[][DbMigrations] #2 'Populate initial schema': success | time=41ms
2025.10.24 01:24:03 INFO  web[][DbMigrations] #5001 'Drop PK on 'uuid' for 'ce_activity' table'...
2025.10.24 01:24:03 INFO  web[][DbMigrations] #5001 'Drop PK on 'uuid' for 'ce_activity' table': success | time=7ms
2025.10.24 01:24:03 INFO  web[][DbMigrations] #5002 'Drop 'ce_activity_uuid' index'...
2025.10.24 01:24:03 INFO  web[][DbMigrations] #5002 'Drop 'ce_activity_uuid' index': success | time=7ms
2025.10.24 01:24:03 INFO  web[][DbMigrations] #5003 'Recreate PK on 'uuid' for 'ce_activity' table'...
2025.10.24 01:24:03 INFO  web[][DbMigrations] #5003 'Recreate PK on 'uuid' for 'ce_activity' table': success | time=22ms
2025.10.24 01:24:03 INFO  web[][DbMigrations] #5004 'Drop PK on 'uuid' for 'events' table'...
2025.10.24 01:24:03 INFO  web[][DbMigrations] #5004 'Drop PK on 'uuid' for 'events' table': success | time=6ms
2025.10.24 01:24:03 INFO  web[][DbMigrations] #5005 'Drop 'events_uuid' index'...
2025.10.24 01:24:03 INFO  web[][DbMigrations] #5005 'Drop 'events_uuid' index': success | time=5ms
2025.10.24 01:24:03 INFO  web[][DbMigrations] #5006 'Recreate PK on 'uuid' for 'events' table'...
2025.10.24 01:24:03 INFO  web[][DbMigrations] #5006 'Recreate PK on 'uuid' for 'events' table': success | time=5ms
2025.10.24 01:24:03 INFO  web[][DbMigrations] #5007 'Drop PK on 'kee' for 'issues' table'...
2025.10.24 01:24:03 INFO  web[][DbMigrations] #5007 'Drop PK on 'kee' for 'issues' table': success | time=4ms
2025.10.24 01:24:03 INFO  web[][DbMigrations] #5008 'Drop 'issues_kee' index'...
2025.10.24 01:24:03 INFO  web[][DbMigrations] #5008 'Drop 'issues_kee' index': success | time=4ms
2025.10.24 01:24:03 INFO  web[][DbMigrations] #5009 'Recreate PK on 'kee' for 'issues' table'...
2025.10.24 01:24:03 INFO  web[][DbMigrations] #5009 'Recreate PK on 'kee' for 'issues' table': success | time=3ms
2025.10.24 01:24:03 INFO  web[][DbMigrations] #5010 'Drop PK on 'kee' for 'snapshots' table'...
2025.10.24 01:24:03 INFO  web[][DbMigrations] #5010 'Drop PK on 'kee' for 'snapshots' table': success | time=8ms
2025.10.24 01:24:03 INFO  web[][DbMigrations] #5011 'Drop 'analyses_uuid' index'...
2025.10.24 01:24:03 INFO  web[][DbMigrations] #5011 'Drop 'analyses_uuid' index': success | time=4ms
2025.10.24 01:24:03 INFO  web[][DbMigrations] #5012 'Recreate PK on 'kee' for 'snapshots' table'...
2025.10.24 01:24:03 INFO  web[][DbMigrations] #5012 'Recreate PK on 'kee' for 'snapshots' table': success | time=6ms
2025.10.24 01:24:03 INFO  web[][DbMigrations] #6001 'Drop 'manual_measures_component_uuid' index'...
2025.10.24 01:24:03 INFO  web[][DbMigrations] #6001 'Drop 'manual_measures_component_uuid' index': success | time=7ms
2025.10.24 01:24:03 INFO  web[][DbMigrations] #6002 'Drop 'manual_measures' table'...
2025.10.24 01:24:03 INFO  web[][DbMigrations] #6002 'Drop 'manual_measures' table': success | time=11ms
2025.10.24 01:24:03 INFO  web[][DbMigrations] #6003 'Drop custom metrics data from 'live_measures' table'...
2025.10.24 01:24:03 INFO  web[][o.s.s.p.d.m.s.MassUpdate] 0 rows processed (0 items/sec)
2025.10.24 01:24:03 INFO  web[][DbMigrations] #6003 'Drop custom metrics data from 'live_measures' table': success | time=27ms
2025.10.24 01:24:03 INFO  web[][DbMigrations] #6004 'Drop custom metrics data from 'project_measures' table'...
2025.10.24 01:24:03 INFO  web[][o.s.s.p.d.m.s.MassUpdate] 0 rows processed (0 items/sec)
2025.10.24 01:24:03 INFO  web[][DbMigrations] #6004 'Drop custom metrics data from 'project_measures' table': success | time=16ms
2025.10.24 01:24:03 INFO  web[][DbMigrations] #6005 'Drop custom metrics data from 'metrics' table'...
2025.10.24 01:24:03 INFO  web[][o.s.s.p.d.m.s.MassUpdate] 0 rows processed (0 items/sec)
2025.10.24 01:24:03 INFO  web[][DbMigrations] #6005 'Drop custom metrics data from 'metrics' table': success | time=16ms
2025.10.24 01:24:03 INFO  web[][DbMigrations] #6006 'Drop 'user_managed' column from 'metrics' table'...
2025.10.24 01:24:03 INFO  web[][DbMigrations] #6006 'Drop 'user_managed' column from 'metrics' table': success | time=20ms
2025.10.24 01:24:03 INFO  web[][DbMigrations] #6007 'Create Audit table'...
2025.10.24 01:24:03 INFO  web[][DbMigrations] #6007 'Create Audit table': success | time=15ms
2025.10.24 01:24:03 INFO  web[][DbMigrations] #6008 'Add column 'removed' to 'plugins' table'...
2025.10.24 01:24:03 INFO  web[][DbMigrations] #6008 'Add column 'removed' to 'plugins' table': success | time=19ms
2025.10.24 01:24:03 INFO  web[][DbMigrations] #6009 'Alter column 'client_secret' of 'alm_settings' table to length 160'...
2025.10.24 01:24:03 INFO  web[][DbMigrations] #6009 'Alter column 'client_secret' of 'alm_settings' table to length 160': success | time=8ms
2025.10.24 01:24:03 INFO  web[][DbMigrations] #6010 'Alter column 'private_key' of 'alm_settings' table to length 2500'...
2025.10.24 01:24:03 INFO  web[][DbMigrations] #6010 'Alter column 'private_key' of 'alm_settings' table to length 2500': success | time=6ms
2025.10.24 01:24:03 INFO  web[][DbMigrations] #6011 'Create 'portfolios' table'...
2025.10.24 01:24:03 INFO  web[][DbMigrations] #6011 'Create 'portfolios' table': success | time=11ms
2025.10.24 01:24:03 INFO  web[][DbMigrations] #6012 'Create unique index for 'kee' in 'portfolios''...
2025.10.24 01:24:03 INFO  web[][DbMigrations] #6012 'Create unique index for 'kee' in 'portfolios'': success | time=12ms
2025.10.24 01:24:03 INFO  web[][DbMigrations] #6013 'Create 'portfolio_references' table'...
2025.10.24 01:24:03 INFO  web[][DbMigrations] #6013 'Create 'portfolio_references' table': success | time=13ms
2025.10.24 01:24:03 INFO  web[][DbMigrations] #6014 'Create unique index for 'portfolio_references''...
2025.10.24 01:24:03 INFO  web[][DbMigrations] #6014 'Create unique index for 'portfolio_references'': success | time=11ms
2025.10.24 01:24:03 INFO  web[][DbMigrations] #6015 'Create 'portfolio_projects' table'...
2025.10.24 01:24:03 INFO  web[][DbMigrations] #6015 'Create 'portfolio_projects' table': success | time=12ms
2025.10.24 01:24:03 INFO  web[][DbMigrations] #6016 'Create unique index for 'portfolio_projects''...
2025.10.24 01:24:03 INFO  web[][DbMigrations] #6016 'Create unique index for 'portfolio_projects'': success | time=9ms
2025.10.24 01:24:03 INFO  web[][DbMigrations] #6017 'Migrate portfolios to new tables'...
2025.10.24 01:24:03 INFO  web[][DbMigrations] #6017 'Migrate portfolios to new tables': success | time=8ms
2025.10.24 01:24:03 INFO  web[][DbMigrations] #6018 'Create index for 'issue_changes' on 'issue_key' and 'change_type''...
2025.10.24 01:24:03 INFO  web[][DbMigrations] #6018 'Create index for 'issue_changes' on 'issue_key' and 'change_type'': success | time=7ms
2025.10.24 01:24:03 INFO  web[][DbMigrations] #6019 'Remove SVN related properties'...
2025.10.24 01:24:03 INFO  web[][DbMigrations] #6019 'Remove SVN related properties': success | time=10ms
2025.10.24 01:24:03 INFO  web[][DbMigrations] #6101 'Change size of column 'selection_expression' in 'Portfolios''...
2025.10.24 01:24:03 INFO  web[][DbMigrations] #6101 'Change size of column 'selection_expression' in 'Portfolios'': success | time=5ms
2025.10.24 01:24:03 INFO  web[][DbMigrations] #6102 'Migrate Bitbucket.org authentication plugin settings to built-in authentication settings'...
2025.10.24 01:24:03 INFO  web[][DbMigrations] #6102 'Migrate Bitbucket.org authentication plugin settings to built-in authentication settings': success | time=9ms
2025.10.24 01:24:03 INFO  web[][DbMigrations] #6103 'Create column quick_fix_available in 'issues''...
2025.10.24 01:24:03 INFO  web[][DbMigrations] #6103 'Create column quick_fix_available in 'issues'': success | time=14ms
2025.10.24 01:24:03 INFO  web[][DbMigrations] #6104 'Create qgate_user_permissions Table'...
2025.10.24 01:24:03 INFO  web[][DbMigrations] #6104 'Create qgate_user_permissions Table': success | time=10ms
2025.10.24 01:24:03 INFO  web[][DbMigrations] #6105 'Create qgate_group_permissions Table'...
2025.10.24 01:24:03 INFO  web[][DbMigrations] #6105 'Create qgate_group_permissions Table': success | time=7ms
2025.10.24 01:24:03 INFO  web[][DbMigrations] #6106 'Create column sonarlint_ad_seen in 'users''...
2025.10.24 01:24:03 INFO  web[][DbMigrations] #6106 'Create column sonarlint_ad_seen in 'users'': success | time=18ms
2025.10.24 01:24:03 INFO  web[][DbMigrations] #6107 'Upsert value of sonarlint_ad_seen in 'users''...
2025.10.24 01:24:03 INFO  web[][DbMigrations] #6107 'Upsert value of sonarlint_ad_seen in 'users'': success | time=11ms
2025.10.24 01:24:03 INFO  web[][DbMigrations] #6108 'Change size of column 'kee' in 'components''...
2025.10.24 01:24:03 INFO  web[][DbMigrations] #6108 'Change size of column 'kee' in 'components'': success | time=6ms
2025.10.24 01:24:03 INFO  web[][DbMigrations] #6109 'Create table 'portfolio_proj_branches''...
2025.10.24 01:24:03 INFO  web[][DbMigrations] #6109 'Create table 'portfolio_proj_branches'': success | time=10ms
2025.10.24 01:24:03 INFO  web[][DbMigrations] #6110 'Add column 'branch_key' to table 'portfolios''...
2025.10.24 01:24:03 INFO  web[][DbMigrations] #6110 'Add column 'branch_key' to table 'portfolios'': success | time=14ms
2025.10.24 01:24:03 INFO  web[][DbMigrations] #6111 'Change size of column 'kee' in 'components''...
2025.10.24 01:24:03 INFO  web[][DbMigrations] #6111 'Change size of column 'kee' in 'components'': success | time=6ms
2025.10.24 01:24:03 INFO  web[][DbMigrations] #6112 'Create 'project_badge_token' Table'...
2025.10.24 01:24:03 INFO  web[][DbMigrations] #6112 'Create 'project_badge_token' Table': success | time=8ms
2025.10.24 01:24:03 INFO  web[][DbMigrations] #6113 'Deprecate quality profile 'Sonar way Recommended' for js and ts'...
2025.10.24 01:24:03 INFO  web[][DbMigrations] #6113 'Deprecate quality profile 'Sonar way Recommended' for js and ts': success | time=13ms
2025.10.24 01:24:03 INFO  web[][DbMigrations] #6114 'Drop the 'sonar.lf.aboutText' property value'...
2025.10.24 01:24:03 INFO  web[][DbMigrations] #6114 'Drop the 'sonar.lf.aboutText' property value': success | time=6ms
2025.10.24 01:24:03 INFO  web[][DbMigrations] #6201 'Fix usage of deprecated column in MSSQL'...
2025.10.24 01:24:03 INFO  web[][DbMigrations] #6201 'Fix usage of deprecated column in MSSQL': success | time=4ms
2025.10.24 01:24:03 INFO  web[][DbMigrations] #6202 'Drop index 'uniq_portfolio_references''...
2025.10.24 01:24:03 INFO  web[][DbMigrations] #6202 'Drop index 'uniq_portfolio_references'': success | time=5ms
2025.10.24 01:24:03 INFO  web[][DbMigrations] #6203 'Add column 'branch_uuid' to 'portfolio_references''...
2025.10.24 01:24:03 INFO  web[][DbMigrations] #6203 'Add column 'branch_uuid' to 'portfolio_references'': success | time=9ms
2025.10.24 01:24:03 INFO  web[][DbMigrations] #6204 'Create index 'uniq_portfolio_references''...
2025.10.24 01:24:03 INFO  web[][DbMigrations] #6204 'Create index 'uniq_portfolio_references'': success | time=5ms
2025.10.24 01:24:03 INFO  web[][DbMigrations] #6205 'Create table 'new_code_reference_branch_issues''...
2025.10.24 01:24:03 INFO  web[][DbMigrations] #6205 'Create table 'new_code_reference_branch_issues'': success | time=7ms
2025.10.24 01:24:03 INFO  web[][DbMigrations] #6206 'Create index 'uniq_new_code_reference_issues''...
2025.10.24 01:24:03 INFO  web[][DbMigrations] #6206 'Create index 'uniq_new_code_reference_issues'': success | time=6ms
2025.10.24 01:24:03 INFO  web[][DbMigrations] #6301 'Drop unused Issues Column REPORTER'...
2025.10.24 01:24:04 INFO  web[][DbMigrations] #6301 'Drop unused Issues Column REPORTER': success | time=15ms
2025.10.24 01:24:04 INFO  web[][DbMigrations] #6302 'Drop unused Issues Column ACTION_PLAN_KEY'...
2025.10.24 01:24:04 INFO  web[][DbMigrations] #6302 'Drop unused Issues Column ACTION_PLAN_KEY': success | time=35ms
2025.10.24 01:24:04 INFO  web[][DbMigrations] #6303 'Drop unused Issues Column ISSUE_ATTRIBUTES'...
2025.10.24 01:24:04 INFO  web[][DbMigrations] #6303 'Drop unused Issues Column ISSUE_ATTRIBUTES': success | time=22ms
2025.10.24 01:24:04 INFO  web[][DbMigrations] #6304 'Create table 'SCANNER_ANALYSIS_CACHE'...
2025.10.24 01:24:04 INFO  web[][DbMigrations] #6304 'Create table 'SCANNER_ANALYSIS_CACHE': success | time=9ms
2025.10.24 01:24:04 INFO  web[][DbMigrations] #6305 'Issue warning for users using SHA1 hash method'...
2025.10.24 01:24:04 INFO  web[][DbMigrations] #6305 'Issue warning for users using SHA1 hash method': success | time=10ms
2025.10.24 01:24:04 INFO  web[][DbMigrations] #6306 'Drop table 'user_properties''...
2025.10.24 01:24:04 INFO  web[][DbMigrations] #6306 'Drop table 'user_properties'': success | time=10ms
2025.10.24 01:24:04 INFO  web[][DbMigrations] #6401 'Add column 'project_key' to 'user_tokens''...
2025.10.24 01:24:04 INFO  web[][DbMigrations] #6401 'Add column 'project_key' to 'user_tokens'': success | time=11ms
2025.10.24 01:24:04 INFO  web[][DbMigrations] #6402 'Add column 'type' to 'user_tokens''...
2025.10.24 01:24:04 INFO  web[][DbMigrations] #6402 'Add column 'type' to 'user_tokens'': success | time=17ms
2025.10.24 01:24:04 INFO  web[][DbMigrations] #6403 'Upsert value of type in 'user_tokens''...
2025.10.24 01:24:04 INFO  web[][DbMigrations] #6403 'Upsert value of type in 'user_tokens'': success | time=11ms
2025.10.24 01:24:04 INFO  web[][DbMigrations] #6404 'Make column 'type' in 'user_tokens' not nullable'...
2025.10.24 01:24:04 INFO  web[][DbMigrations] #6404 'Make column 'type' in 'user_tokens' not nullable': success | time=11ms
2025.10.24 01:24:04 INFO  web[][DbMigrations] #6405 'Create table RULE_DESC_SECTIONS'...
2025.10.24 01:24:04 INFO  web[][DbMigrations] #6405 'Create table RULE_DESC_SECTIONS': success | time=12ms
2025.10.24 01:24:04 INFO  web[][DbMigrations] #6406 'Insert description from RULES into RULE_DESC_SECTIONS'...
2025.10.24 01:24:04 INFO  web[][DbMigrations] #6406 'Insert description from RULES into RULE_DESC_SECTIONS': success | time=8ms
2025.10.24 01:24:04 INFO  web[][DbMigrations] #6407 'Create index for RULE_DESC_SECTIONS'...
2025.10.24 01:24:04 INFO  web[][DbMigrations] #6407 'Create index for RULE_DESC_SECTIONS': success | time=5ms
2025.10.24 01:24:04 INFO  web[][DbMigrations] #6408 'Drop column DESCRIPTIONS from RULES table'...
2025.10.24 01:24:04 INFO  web[][DbMigrations] #6408 'Drop column DESCRIPTIONS from RULES table': success | time=10ms
2025.10.24 01:24:04 INFO  web[][DbMigrations] #6409 'Drop column CREATED_AT from RULES_METADATA table'...
2025.10.24 01:24:04 INFO  web[][DbMigrations] #6409 'Drop column CREATED_AT from RULES_METADATA table': success | time=8ms
2025.10.24 01:24:04 INFO  web[][DbMigrations] #6410 'Drop column UPDATED_AT from RULES_METADATA table'...
2025.10.24 01:24:04 INFO  web[][DbMigrations] #6410 'Drop column UPDATED_AT from RULES_METADATA table': success | time=11ms
2025.10.24 01:24:04 INFO  web[][DbMigrations] #6411 'Overwrite plugin file hash to force reloading rules'...
2025.10.24 01:24:04 INFO  web[][DbMigrations] #6411 'Overwrite plugin file hash to force reloading rules': success | time=5ms
2025.10.24 01:24:04 INFO  web[][DbMigrations] #6412 'Add rules_metadata columns to rules table'...
2025.10.24 01:24:04 INFO  web[][DbMigrations] #6412 'Add rules_metadata columns to rules table': success | time=81ms
2025.10.24 01:24:04 INFO  web[][DbMigrations] #6413 'Populate rules metadata in rules table'...
2025.10.24 01:24:04 INFO  web[][o.s.s.p.d.m.s.MassUpdate] 0 rows processed (0 items/sec)
2025.10.24 01:24:04 INFO  web[][DbMigrations] #6413 'Populate rules metadata in rules table': success | time=9ms
2025.10.24 01:24:04 INFO  web[][DbMigrations] #6414 'Drop rules_metadata table'...
2025.10.24 01:24:04 INFO  web[][DbMigrations] #6414 'Drop rules_metadata table': success | time=4ms
2025.10.24 01:24:04 INFO  web[][DbMigrations] #6415 'Migrate hotspot rule descriptions'...
2025.10.24 01:24:04 INFO  web[][DbMigrations] #6415 'Migrate hotspot rule descriptions': success | time=6ms
2025.10.24 01:24:04 INFO  web[][DbMigrations] #6416 'Remove onboarded column from User table'...
2025.10.24 01:24:04 INFO  web[][DbMigrations] #6416 'Remove onboarded column from User table': success | time=9ms
2025.10.24 01:24:04 INFO  web[][DbMigrations] #6417 'Add column 'user_triggered' to 'audits''...
2025.10.24 01:24:04 INFO  web[][DbMigrations] #6417 'Add column 'user_triggered' to 'audits'': success | time=8ms
2025.10.24 01:24:04 INFO  web[][DbMigrations] #6418 'Upsert value of 'user_triggered' in 'audits''...
2025.10.24 01:24:04 INFO  web[][DbMigrations] #6418 'Upsert value of 'user_triggered' in 'audits'': success | time=6ms
2025.10.24 01:24:04 INFO  web[][DbMigrations] #6500 'remove root column from users table'...
2025.10.24 01:24:04 INFO  web[][DbMigrations] #6500 'remove root column from users table': success | time=16ms
2025.10.24 01:24:04 INFO  web[][DbMigrations] #6501 'Add columns 'context_key' and 'context_display_name' into rule_desc_sections'...
2025.10.24 01:24:04 INFO  web[][DbMigrations] #6501 'Add columns 'context_key' and 'context_display_name' into rule_desc_sections': success | time=24ms
2025.10.24 01:24:04 INFO  web[][DbMigrations] #6502 'Drop unique index uniq_rule_desc_sections_kee'...
2025.10.24 01:24:04 INFO  web[][DbMigrations] #6502 'Drop unique index uniq_rule_desc_sections_kee': success | time=7ms
2025.10.24 01:24:04 INFO  web[][DbMigrations] #6503 'Create unique uniq_rule_desc_sections'...
2025.10.24 01:24:04 INFO  web[][DbMigrations] #6503 'Create unique uniq_rule_desc_sections': success | time=8ms
2025.10.24 01:24:04 INFO  web[][DbMigrations] #6504 'Add column 'expiration_date' to 'user_tokens''...
2025.10.24 01:24:04 INFO  web[][DbMigrations] #6504 'Add column 'expiration_date' to 'user_tokens'': success | time=13ms
2025.10.24 01:24:04 INFO  web[][DbMigrations] #6505 'Add column 'rule_description_context_key' to 'issues''...
2025.10.24 01:24:04 INFO  web[][DbMigrations] #6505 'Add column 'rule_description_context_key' to 'issues'': success | time=19ms
2025.10.24 01:24:04 INFO  web[][DbMigrations] #6506 'Add column 'education_principles' to 'rules''...
2025.10.24 01:24:04 INFO  web[][DbMigrations] #6506 'Add column 'education_principles' to 'rules'': success | time=16ms
2025.10.24 01:24:04 INFO  web[][DbMigrations] #6507 'Overwrite plugin file hash to force reloading rules'...
2025.10.24 01:24:04 INFO  web[][DbMigrations] #6507 'Overwrite plugin file hash to force reloading rules': success | time=12ms
2025.10.24 01:24:04 INFO  web[][DbMigrations] #6508 'Migrate 'sonarlint_ad_seen' from users to properties'...
2025.10.24 01:24:04 INFO  web[][o.s.s.p.d.m.s.MassUpdate] 0 rows processed (0 items/sec)
2025.10.24 01:24:04 INFO  web[][DbMigrations] #6508 'Migrate 'sonarlint_ad_seen' from users to properties': success | time=18ms
2025.10.24 01:24:04 INFO  web[][DbMigrations] #6509 'Drop column sonarlint_ad_seen in 'users''...
2025.10.24 01:24:04 INFO  web[][DbMigrations] #6509 'Drop column sonarlint_ad_seen in 'users'': success | time=16ms
2025.10.24 01:24:04 INFO  web[][DbMigrations] #6510 'Create table 'push_events''...
2025.10.24 01:24:04 INFO  web[][DbMigrations] #6510 'Create table 'push_events'': success | time=10ms
2025.10.24 01:24:04 INFO  web[][DbMigrations] #6511 'Create index 'idx_push_even_crea_uuid_proj' on 'push_events''...
2025.10.24 01:24:04 INFO  web[][DbMigrations] #6511 'Create index 'idx_push_even_crea_uuid_proj' on 'push_events'': success | time=8ms
2025.10.24 01:24:04 INFO  web[][DbMigrations] #6512 'Add column 'language' to 'push_events''...
2025.10.24 01:24:04 INFO  web[][DbMigrations] #6512 'Add column 'language' to 'push_events'': success | time=11ms
2025.10.24 01:24:04 INFO  web[][DbMigrations] #6513 'Delete duplicated rows in 'project_badge_token''...
2025.10.24 01:24:04 INFO  web[][DbMigrations] #6513 'Delete duplicated rows in 'project_badge_token'': success | time=12ms
2025.10.24 01:24:04 INFO  web[][DbMigrations] #6514 'Add unique index on 'project_uuid' in 'project_badge_token''...
2025.10.24 01:24:04 INFO  web[][DbMigrations] #6514 'Add unique index on 'project_uuid' in 'project_badge_token'': success | time=6ms
2025.10.24 01:24:04 INFO  web[][DbMigrations] #6600 'Add column 'webhook_secret' to 'alm_settings''...
2025.10.24 01:24:04 INFO  web[][DbMigrations] #6600 'Add column 'webhook_secret' to 'alm_settings'': success | time=10ms
2025.10.24 01:24:04 INFO  web[][DbMigrations] #6601 'Drop non unique index on 'uuid' in 'components''...
2025.10.24 01:24:04 INFO  web[][DbMigrations] #6601 'Drop non unique index on 'uuid' in 'components'': success | time=9ms
2025.10.24 01:24:04 INFO  web[][DbMigrations] #6602 'Add unique index on 'uuid' in 'components''...
2025.10.24 01:24:04 INFO  web[][DbMigrations] #6602 'Add unique index on 'uuid' in 'components'': success | time=8ms
2025.10.24 01:24:04 INFO  web[][DbMigrations] #6603 'Drop index for 'project_uuid' in 'components''...
2025.10.24 01:24:04 INFO  web[][DbMigrations] #6603 'Drop index for 'project_uuid' in 'components'': success | time=7ms
2025.10.24 01:24:04 INFO  web[][DbMigrations] #6604 'Rename column 'project_uuid' to 'branch_uuid' in 'components''...
2025.10.24 01:24:04 INFO  web[][DbMigrations] #6604 'Rename column 'project_uuid' to 'branch_uuid' in 'components'': success | time=14ms
2025.10.24 01:24:04 INFO  web[][DbMigrations] #6605 'Create index for 'branch_uuid' in 'components''...
2025.10.24 01:24:04 INFO  web[][DbMigrations] #6605 'Create index for 'branch_uuid' in 'components'': success | time=7ms
2025.10.24 01:24:04 INFO  web[][DbMigrations] #6606 'Drop index for 'kee' in 'components''...
2025.10.24 01:24:04 INFO  web[][DbMigrations] #6606 'Drop index for 'kee' in 'components'': success | time=6ms
2025.10.24 01:24:04 INFO  web[][DbMigrations] #6607 'Fix copy component UUID'...
2025.10.24 01:24:04 INFO  web[][o.s.s.p.d.m.s.MassUpdate] 0 rows processed (0 items/sec)
2025.10.24 01:24:04 INFO  web[][DbMigrations] #6607 'Fix copy component UUID': success | time=15ms
2025.10.24 01:24:04 INFO  web[][DbMigrations] #6608 'Remove branch information from 'kee' in 'components''...
2025.10.24 01:24:04 INFO  web[][o.s.s.p.d.m.s.MassUpdate] 0 rows processed (0 items/sec)
2025.10.24 01:24:04 INFO  web[][DbMigrations] #6608 'Remove branch information from 'kee' in 'components'': success | time=197ms
2025.10.24 01:24:04 INFO  web[][DbMigrations] #6609 'Add unique index on 'kee','branch_uuid' in 'components''...
2025.10.24 01:24:04 INFO  web[][DbMigrations] #6609 'Add unique index on 'kee','branch_uuid' in 'components'': success | time=7ms
2025.10.24 01:24:04 INFO  web[][DbMigrations] #6700 'Move live measure variations to values'...
2025.10.24 01:24:04 INFO  web[][o.s.s.p.d.m.s.MassUpdate] 0 rows processed (0 items/sec)
2025.10.24 01:24:04 INFO  web[][DbMigrations] #6700 'Move live measure variations to values': success | time=13ms
2025.10.24 01:24:04 INFO  web[][DbMigrations] #6701 'Drop live measure variation column'...
2025.10.24 01:24:04 INFO  web[][DbMigrations] #6701 'Drop live measure variation column': success | time=12ms
2025.10.24 01:24:04 INFO  web[][DbMigrations] #6702 'Move project measure variations to values'...
2025.10.24 01:24:04 INFO  web[][o.s.s.p.d.m.s.MassUpdate] 0 rows processed (0 items/sec)
2025.10.24 01:24:04 INFO  web[][DbMigrations] #6702 'Move project measure variations to values': success | time=11ms
2025.10.24 01:24:04 INFO  web[][DbMigrations] #6703 'Drop project measure variation column'...
2025.10.24 01:24:04 INFO  web[][DbMigrations] #6703 'Drop project measure variation column': success | time=10ms
2025.10.24 01:24:04 INFO  web[][DbMigrations] #6704 'Update sonar-users group description'...
2025.10.24 01:24:04 INFO  web[][DbMigrations] #6704 'Update sonar-users group description': success | time=7ms
2025.10.24 01:24:05 INFO  web[][DbMigrations] #6705 'Add message_formattings column to issue table'...
2025.10.24 01:24:05 INFO  web[][DbMigrations] #6705 'Add message_formattings column to issue table': success | time=12ms
2025.10.24 01:24:05 INFO  web[][DbMigrations] #6706 'Create scim_users table'...
2025.10.24 01:24:05 INFO  web[][DbMigrations] #6706 'Create scim_users table': success | time=6ms
2025.10.24 01:24:05 INFO  web[][DbMigrations] #6707 'Create unique index on scim_users.user_uuid'...
2025.10.24 01:24:05 INFO  web[][DbMigrations] #6707 'Create unique index on scim_users.user_uuid': success | time=7ms
2025.10.24 01:24:05 INFO  web[][DbMigrations] #6800 'Add node_name column to ce_activity table'...
2025.10.24 01:24:05 INFO  web[][DbMigrations] #6800 'Add node_name column to ce_activity table': success | time=14ms
2025.10.24 01:24:05 INFO  web[][DbMigrations] #6801 'Delete all analysis cache'...
2025.10.24 01:24:05 INFO  web[][DbMigrations] #6801 'Delete all analysis cache': success | time=8ms
2025.10.24 01:24:05 INFO  web[][DbMigrations] #6802 'Change user_uuid field size to 255 for audit table'...
2025.10.24 01:24:05 INFO  web[][DbMigrations] #6802 'Change user_uuid field size to 255 for audit table': success | time=5ms
2025.10.24 01:24:05 INFO  web[][DbMigrations] #6803 'Add ncloc to 'Projects' table'...
2025.10.24 01:24:05 INFO  web[][DbMigrations] #6803 'Add ncloc to 'Projects' table': success | time=10ms
2025.10.24 01:24:05 INFO  web[][DbMigrations] #6804 'Populate ncloc in 'Projects' table'...
2025.10.24 01:24:05 INFO  web[][o.s.s.p.d.m.s.MassUpdate] 0 rows processed (0 items/sec)
2025.10.24 01:24:05 INFO  web[][DbMigrations] #6804 'Populate ncloc in 'Projects' table': success | time=15ms
2025.10.24 01:24:05 INFO  web[][DbMigrations] Executed DB migrations: success | time=2283ms
2025.10.24 01:24:05 INFO  web[][o.s.s.p.Platform] Database has been automatically updated
2025.10.24 01:24:05 INFO  web[][o.s.s.p.w.MasterServletFilter] Initializing servlet filter org.sonar.server.platform.web.WebServiceFilter@2c99c8d [pattern=UrlPattern{inclusions=[/api/system/migrate_db.*, ...], exclusions=[/api/components/update_key, ...]}]
2025.10.24 01:24:05 INFO  web[][o.s.s.p.DetectPluginChange] Detect plugin changes
2025.10.24 01:24:05 INFO  web[][o.s.s.a.EmbeddedTomcat] HTTP connector enabled on port 9000
2025.10.24 01:24:07 INFO  web[][o.s.s.e.IndexCreator] Create index [metadatas]
2025.10.24 01:24:10 INFO  web[][o.s.s.e.IndexCreator] Create type metadatas/metadata
2025.10.24 01:24:11 INFO  web[][o.s.s.e.IndexCreator] Create index [components]
2025.10.24 01:24:18 INFO  web[][o.s.s.e.IndexCreator] Create type components/auth
2025.10.24 01:24:18 INFO  web[][o.s.s.e.IndexCreator] Create index [projectmeasures]
2025.10.24 01:24:24 INFO  web[][o.s.s.e.IndexCreator] Create type projectmeasures/auth
2025.10.24 01:24:24 INFO  web[][o.s.s.e.IndexCreator] Create index [rules]
2025.10.24 01:24:28 INFO  web[][o.s.s.e.IndexCreator] Create type rules/rule
2025.10.24 01:24:28 INFO  web[][o.s.s.e.IndexCreator] Create index [issues]
2025.10.24 01:24:34 INFO  web[][o.s.s.e.IndexCreator] Create type issues/auth
2025.10.24 01:24:35 INFO  web[][o.s.s.e.IndexCreator] Create index [users]
2025.10.24 01:24:38 INFO  web[][o.s.s.e.IndexCreator] Create type users/user
2025.10.24 01:24:39 INFO  web[][o.s.s.e.IndexCreator] Create index [views]
2025.10.24 01:24:44 INFO  web[][o.s.s.e.IndexCreator] Create type views/view
2025.10.24 01:24:44 INFO  web[][o.s.s.s.LogServerId] Server ID: 147B411E-AZoT0Ng0Vpb9ZWeZMlXF
2025.10.24 01:24:44 WARN  web[][o.s.s.a.LogOAuthWarning] For security reasons, OAuth authentication should use HTTPS. You should set the property 'Administration > Configuration > Server base URL' to a HTTPS URL.
2025.10.24 01:24:45 INFO  web[][o.s.s.p.UpdateCenterClient] Update center: https://update.sonarsource.org/update-center.properties
2025.10.24 01:24:47 WARN  web[][o.s.a.s.w.WebService$Action] The response example is not set on action saml/validation_init
2025.10.24 01:24:47 WARN  web[][o.s.a.s.w.WebService$Action] The response example is not set on action api/system/liveness
2025.10.24 01:24:47 WARN  web[][o.s.a.s.w.WebService$Action] The response example is not set on action api/plugins/download
2025.10.24 01:24:47 WARN  web[][o.s.a.s.w.WebService$Action] The response example is not set on action api/analysis_cache/get
2025.10.24 01:24:47 WARN  web[][o.s.a.s.w.WebService$Action] The response example is not set on action api/alm_integrations/check_pat
2025.10.24 01:24:47 WARN  web[][o.s.a.s.w.WebService$Action] The response example is not set on action api/push/sonarlint_events
2025.10.24 01:24:47 INFO  web[][o.s.s.a.p.ExpiredSessionsCleaner] Purge of expired session tokens has removed 0 elements
2025.10.24 01:24:47 INFO  web[][o.s.s.a.p.ExpiredSessionsCleaner] Purge of expired SAML message ids has removed 0 elements
2025.10.24 01:24:47 INFO  web[][o.s.s.n.NotificationDaemon] Notification service started (delay 60 sec.)
2025.10.24 01:24:47 INFO  web[][o.s.s.t.TelemetryDaemon] Sharing of SonarQube statistics is enabled.
2025.10.24 01:24:47 INFO  web[][o.s.s.s.GeneratePluginIndex] Generate scanner plugin index
2025.10.24 01:24:47 INFO  web[][o.s.s.s.RegisterMetrics] Register metrics
2025.10.24 01:24:48 INFO  web[][o.s.s.q.RegisterQualityGates] Built-in quality gate's conditions of [Sonar way] has been updated
2025.10.24 01:24:48 INFO  web[][o.s.s.r.RegisterRules] Register rules
2025.10.24 01:25:44 INFO  web[][o.s.s.q.b.BuiltInQProfileRepositoryImpl] Load quality profiles
2025.10.24 01:25:45 INFO  web[][o.s.s.q.RegisterQualityProfiles] Register quality profiles
2025.10.24 01:25:45 INFO  web[][o.s.s.q.RegisterQualityProfiles] Register profile kubernetes/Sonar way
2025.10.24 01:25:45 INFO  web[][o.s.s.q.RegisterQualityProfiles] Register profile css/Sonar way
2025.10.24 01:25:45 INFO  web[][o.s.s.q.RegisterQualityProfiles] Register profile scala/Sonar way
2025.10.24 01:25:46 INFO  web[][o.s.s.q.RegisterQualityProfiles] Register profile jsp/Sonar way
2025.10.24 01:25:46 INFO  web[][o.s.s.q.RegisterQualityProfiles] Register profile go/Sonar way
2025.10.24 01:25:46 INFO  web[][o.s.s.q.RegisterQualityProfiles] Register profile kotlin/Sonar way
2025.10.24 01:25:47 INFO  web[][o.s.s.q.RegisterQualityProfiles] Register profile js/Sonar way
2025.10.24 01:25:48 INFO  web[][o.s.s.q.RegisterQualityProfiles] Register profile py/Sonar way
2025.10.24 01:25:48 INFO  web[][o.s.s.q.RegisterQualityProfiles] Register profile secrets/Sonar way
2025.10.24 01:25:48 INFO  web[][o.s.s.q.RegisterQualityProfiles] Register profile ruby/Sonar way
2025.10.24 01:25:49 INFO  web[][o.s.s.q.RegisterQualityProfiles] Register profile docker/Sonar way
2025.10.24 01:25:49 INFO  web[][o.s.s.q.RegisterQualityProfiles] Register profile cs/Sonar way
2025.10.24 01:25:50 INFO  web[][o.s.s.q.RegisterQualityProfiles] Register profile java/Sonar way
2025.10.24 01:25:51 INFO  web[][o.s.s.q.RegisterQualityProfiles] Register profile web/Sonar way
2025.10.24 01:25:51 INFO  web[][o.s.s.q.RegisterQualityProfiles] Register profile xml/Sonar way
2025.10.24 01:25:51 INFO  web[][o.s.s.q.RegisterQualityProfiles] Register profile flex/Sonar way
2025.10.24 01:25:52 INFO  web[][o.s.s.q.RegisterQualityProfiles] Register profile json/Sonar way
2025.10.24 01:25:52 INFO  web[][o.s.s.q.RegisterQualityProfiles] Register profile php/Sonar way
2025.10.24 01:25:52 INFO  web[][o.s.s.q.RegisterQualityProfiles] Register profile terraform/Sonar way
2025.10.24 01:25:53 INFO  web[][o.s.s.q.RegisterQualityProfiles] Register profile text/Sonar way
2025.10.24 01:25:53 INFO  web[][o.s.s.q.RegisterQualityProfiles] Register profile vbnet/Sonar way
2025.10.24 01:25:54 INFO  web[][o.s.s.q.RegisterQualityProfiles] Register profile cloudformation/Sonar way
2025.10.24 01:25:55 INFO  web[][o.s.s.q.RegisterQualityProfiles] Register profile yaml/Sonar way
2025.10.24 01:25:55 INFO  web[][o.s.s.q.RegisterQualityProfiles] Register profile ts/Sonar way
2025.10.24 01:25:55 INFO  web[][o.s.s.s.RegisterPermissionTemplates] Register permission templates
2025.10.24 01:25:55 INFO  web[][o.s.s.s.RenameDeprecatedPropertyKeys] Rename deprecated property keys
2025.10.24 01:25:55 INFO  web[][o.s.s.s.RegisterPlugins] Register plugins
2025.10.24 01:25:55 INFO  web[][o.s.s.p.w.MasterServletFilter] Initializing servlet filter org.sonar.server.platform.web.SonarLintConnectionFilter@225a3fa2 [pattern=UrlPattern{inclusions=[/api/*], exclusions=[]}]
2025.10.24 01:25:55 INFO  web[][o.s.s.p.w.MasterServletFilter] Initializing servlet filter org.sonar.server.platform.web.WebServiceFilter@3bb9832c [pattern=UrlPattern{inclusions=[/api/issues/delete_comment.*, ...], exclusions=[/api/authentication/login.*, ...]}]
2025.10.24 01:25:55 INFO  web[][o.s.s.p.w.MasterServletFilter] Initializing servlet filter org.sonar.server.platform.web.WebServiceReroutingFilter@4f8f69fb [pattern=UrlPattern{inclusions=[/api/components/bulk_update_key, ...], exclusions=[]}]
2025.10.24 01:25:55 INFO  web[][o.s.s.p.w.MasterServletFilter] Initializing servlet filter org.sonar.server.authentication.DefaultAdminCredentialsVerifierFilter@4ed28dca [pattern=UrlPattern{inclusions=[/*], exclusions=[*.css, ...]}]
2025.10.24 01:25:55 INFO  web[][o.s.s.p.w.MasterServletFilter] Initializing servlet filter org.sonar.server.authentication.InitFilter@3d060c9d [pattern=UrlPattern{inclusions=[/sessions/init/*], exclusions=[]}]
2025.10.24 01:25:55 INFO  web[][o.s.s.p.w.MasterServletFilter] Initializing servlet filter org.sonar.server.authentication.SamlValidationRedirectionFilter@4ad148f2 [pattern=UrlPattern{inclusions=[/oauth2/callback/saml], exclusions=[]}]
2025.10.24 01:25:55 INFO  web[][o.s.s.p.w.MasterServletFilter] Initializing servlet filter org.sonar.server.authentication.OAuth2CallbackFilter@7e2530e2 [pattern=UrlPattern{inclusions=[/oauth2/callback/*], exclusions=[]}]
2025.10.24 01:25:55 INFO  web[][o.s.s.p.w.MasterServletFilter] Initializing servlet filter org.sonar.server.authentication.ResetPasswordFilter@24435e31 [pattern=UrlPattern{inclusions=[/*], exclusions=[*.css, ...]}]
2025.10.24 01:25:55 INFO  web[][o.s.s.p.w.MasterServletFilter] Initializing servlet filter org.sonar.server.authentication.ws.LoginAction@3d3b07c9 [pattern=UrlPattern{inclusions=[/api/authentication/login], exclusions=[]}]
2025.10.24 01:25:55 INFO  web[][o.s.s.p.w.MasterServletFilter] Initializing servlet filter org.sonar.server.authentication.ws.LogoutAction@7fad2c83 [pattern=UrlPattern{inclusions=[/api/authentication/logout], exclusions=[]}]
2025.10.24 01:25:55 INFO  web[][o.s.s.p.w.MasterServletFilter] Initializing servlet filter org.sonar.server.authentication.ws.ValidateAction@22a81f47 [pattern=UrlPattern{inclusions=[/api/authentication/validate], exclusions=[]}]
2025.10.24 01:25:55 INFO  web[][o.s.s.p.w.MasterServletFilter] Initializing servlet filter org.sonar.server.saml.ws.ValidationInitAction@5573611d [pattern=UrlPattern{inclusions=[/saml/validation_init], exclusions=[]}]
2025.10.24 01:25:55 INFO  web[][o.s.s.p.w.MasterServletFilter] Initializing servlet filter org.sonar.server.saml.ws.ValidationAction@212d7c84 [pattern=UrlPattern{inclusions=[/saml/validation], exclusions=[]}]
2025.10.24 01:25:55 INFO  web[][o.s.s.p.w.MasterServletFilter] Initializing servlet filter org.sonar.server.user.ws.ChangePasswordAction@292cccc0 [pattern=UrlPattern{inclusions=[/api/users/change_password], exclusions=[]}]
2025.10.24 01:25:55 INFO  web[][o.s.s.p.w.MasterServletFilter] Initializing servlet filter org.sonar.server.plugins.PluginsRiskConsentFilter@697a97cf [pattern=UrlPattern{inclusions=[/*], exclusions=[*.css, ...]}]
2025.10.24 01:25:55 INFO  web[][o.s.s.e.IndexerStartupTask] Indexing of type [users/user]...
2025.10.24 01:25:57 INFO  web[][o.s.s.e.IndexerStartupTask] Indexing of type [users/user] done | time=1922ms
2025.10.24 01:25:57 INFO  web[][o.s.s.e.IndexerStartupTask] Indexing of type [projectmeasures/auth/projectmeasure]...
2025.10.24 01:25:58 INFO  web[][o.s.s.e.IndexerStartupTask] Indexing of type [projectmeasures/auth/projectmeasure] done | time=951ms
2025.10.24 01:25:58 INFO  web[][o.s.s.e.IndexerStartupTask] Indexing of type [components/auth/component]...
2025.10.24 01:25:59 INFO  web[][o.s.s.e.IndexerStartupTask] Indexing of type [components/auth/component] done | time=509ms
2025.10.24 01:25:59 INFO  web[][o.s.s.e.IndexerStartupTask] Indexing of type [views/view]...
2025.10.24 01:26:00 INFO  web[][o.s.s.e.IndexerStartupTask] Indexing of type [views/view] done | time=1361ms
2025.10.24 01:26:00 INFO  web[][o.s.s.e.IndexerStartupTask] Trigger asynchronous indexing of type [issues/auth/issue]...
2025.10.24 01:26:00 INFO  web[][o.s.s.i.i.AsyncIssueIndexingImpl] 0 pending indexation task found to be deleted...
2025.10.24 01:26:00 INFO  web[][o.s.s.i.i.AsyncIssueIndexingImpl] 0 completed indexation task found to be deleted...
2025.10.24 01:26:00 INFO  web[][o.s.s.i.i.AsyncIssueIndexingImpl] Indexation task deletion complete.
2025.10.24 01:26:00 INFO  web[][o.s.s.i.i.AsyncIssueIndexingImpl] Deleting tasks characteristics...
2025.10.24 01:26:00 INFO  web[][o.s.s.i.i.AsyncIssueIndexingImpl] Tasks characteristics deletion complete.
2025.10.24 01:26:00 INFO  web[][o.s.s.i.i.AsyncIssueIndexingImpl] 0 branch found in need of issue sync.
2025.10.24 01:26:00 INFO  web[][o.s.s.e.IndexerStartupTask] Trigger asynchronous indexing of type [issues/auth/issue] done | time=357ms
2025.10.24 01:26:00 INFO  web[][o.s.s.e.IndexerStartupTask] Indexing of types [components/auth],[projectmeasures/auth],[issues/auth]...
2025.10.24 01:26:01 INFO  web[][o.s.s.e.IndexerStartupTask] Indexing of types [components/auth],[projectmeasures/auth],[issues/auth] done | time=900ms
2025.10.24 01:26:01 INFO  web[][o.s.s.q.ProjectsInWarningDaemon] Counting number of projects in warning is enabled.
2025.10.24 01:26:01 INFO  web[][o.s.s.p.p.PlatformLevelStartup] Running Community Edition
2025.10.24 01:26:02 INFO  web[][o.s.s.q.ProjectsInWarningDaemon] Counting number of projects in warning will be disabled as there are no more projects in warning.
2025.10.24 01:26:02 INFO  web[][o.s.s.p.Platform] Web Server is operational
2025.10.24 01:27:57 INFO  web[][o.s.p.ProcessEntryPoint] Gracefully stopping process
2025.10.24 01:27:57 INFO  web[][o.s.s.n.NotificationDaemon] Notification service stopped
2025.10.24 01:27:58 INFO  web[][c.z.h.HikariDataSource] HikariPool-1 - Shutdown initiated...
2025.10.24 01:28:58 INFO  web[][o.s.p.ProcessEntryPoint] Starting Web Server
2025.10.24 01:29:01 INFO  web[][o.s.s.p.LogServerVersion] SonarQube Server / 9.9.8.100196 / a6b73d92af974da59414bc4a00dde2882016ea70
2025.10.24 01:29:07 INFO  web[][o.s.s.p.d.EmbeddedDatabase] Starting embedded database on port 9092 with url jdbc:h2:tcp://127.0.0.1:9092/sonar;NON_KEYWORDS=VALUE
2025.10.24 01:29:07 INFO  web[][o.s.s.p.d.EmbeddedDatabase] Embedded database started. Data stored in: /opt/sonarqube/data
2025.10.24 01:29:07 INFO  web[][o.sonar.db.Database] Create JDBC data source for jdbc:h2:tcp://127.0.0.1:9092/sonar;NON_KEYWORDS=VALUE
2025.10.24 01:29:07 INFO  web[][c.z.h.HikariDataSource] HikariPool-1 - Starting...
2025.10.24 01:29:08 INFO  web[][c.z.h.p.HikariPool] HikariPool-1 - Added connection conn2: url=jdbc:h2:tcp://127.0.0.1:9092/sonar user=
2025.10.24 01:29:08 INFO  web[][c.z.h.HikariDataSource] HikariPool-1 - Start completed.
2025.10.24 01:29:08 WARN  web[][o.s.db.dialect.H2] H2 database should be used for evaluation purpose only.
2025.10.24 01:29:11 INFO  web[][o.s.s.p.ServerFileSystemImpl] SonarQube home: /opt/sonarqube
2025.10.24 01:29:11 INFO  web[][o.s.s.u.SystemPasscodeImpl] System authentication by passcode is disabled
2025.10.24 01:29:11 INFO  web[][o.s.s.p.ServerPluginManager] Deploy C# Code Quality and Security / 8.51.0.59060 / e14c642f118958f22fd08841dc42f9aae480366a
2025.10.24 01:29:11 INFO  web[][o.s.s.p.ServerPluginManager] Deploy Configuration detection fot Code Quality and Security / 1.2.0.267 / 4f37ba9ffb37a96d5883e52ad392ed32c5c6eaab
2025.10.24 01:29:11 INFO  web[][o.s.s.p.ServerPluginManager] Deploy Flex Code Quality and Security / 2.8.0.3166 / 01f66bdddc678966c81a9064ed139156a6a89c97
2025.10.24 01:29:11 INFO  web[][o.s.s.p.ServerPluginManager] Deploy Go Code Quality and Security / 1.11.0.3905 / e1f28bc000e04ca01881e84218d01d464a17a36f
2025.10.24 01:29:11 INFO  web[][o.s.s.p.ServerPluginManager] Deploy HTML Code Quality and Security / 3.7.1.3306 / d720acc6860c6d8b69ec4d17570a398a1e216da1
2025.10.24 01:29:11 INFO  web[][o.s.s.p.ServerPluginManager] Deploy IaC Code Quality and Security / 1.11.0.2847 / 6892bd3a7320b3c110717acfdb18c4c7451069fd
2025.10.24 01:29:11 INFO  web[][o.s.s.p.ServerPluginManager] Deploy JaCoCo / 1.3.0.1538 / 74a7798c7cea687c72ed9df40c93eb7ea2a58c49
2025.10.24 01:29:11 INFO  web[][o.s.s.p.ServerPluginManager] Deploy Java Code Quality and Security / 7.16.0.30901 / 4b1436558dfd5fc00c8d9aae8bb0364ba122c73e
2025.10.24 01:29:11 INFO  web[][o.s.s.p.ServerPluginManager] Deploy JavaScript/TypeScript/CSS Code Quality and Security / 9.13.0.20537 / 68ff7657415044b86033814795ed95fc1f1558f1
2025.10.24 01:29:11 INFO  web[][o.s.s.p.ServerPluginManager] Deploy Kotlin Code Quality and Security / 2.12.0.1956 / a6df1ae252bd62d63f8673c28f87ad14258a7904
2025.10.24 01:29:11 INFO  web[][o.s.s.p.ServerPluginManager] Deploy PHP Code Quality and Security / 3.27.1.9352 / 3ddc5a03e1a7e3729d41e7c1a30a37d5715958c7
2025.10.24 01:29:11 INFO  web[][o.s.s.p.ServerPluginManager] Deploy Python Code Quality and Security / 3.24.1.11916 / cc8f4fa745eb33d31c3869bdfdfd45514e67c1fe
2025.10.24 01:29:11 INFO  web[][o.s.s.p.ServerPluginManager] Deploy Ruby Code Quality and Security / 1.11.0.3905 / e1f28bc000e04ca01881e84218d01d464a17a36f
2025.10.24 01:29:11 INFO  web[][o.s.s.p.ServerPluginManager] Deploy Scala Code Quality and Security / 1.11.0.3905 / e1f28bc000e04ca01881e84218d01d464a17a36f
2025.10.24 01:29:11 INFO  web[][o.s.s.p.ServerPluginManager] Deploy Text Code Quality and Security / 2.0.2.1090 / 7eb026363b98f5f98b43c603772b5177869c2c6a
2025.10.24 01:29:11 INFO  web[][o.s.s.p.ServerPluginManager] Deploy VB.NET Code Quality and Security / 8.51.0.59060 / e14c642f118958f22fd08841dc42f9aae480366a
2025.10.24 01:29:11 INFO  web[][o.s.s.p.ServerPluginManager] Deploy XML Code Quality and Security / 2.7.0.3820 / 656bccc1910d50c8984536bd2dfd917066b858e6
2025.10.24 01:29:22 INFO  web[][o.s.s.e.EsClientProvider] Connected to local Elasticsearch: [http://localhost:9001]
2025.10.24 01:29:23 WARN  web[][o.s.a.s.w.WebService$Action] Description is not set on action api/monitoring/metrics
2025.10.24 01:29:23 WARN  web[][o.s.a.s.w.WebService$Action] Since is not set on action api/monitoring/metrics
2025.10.24 01:29:23 WARN  web[][o.s.a.s.w.WebService$Action] The response example is not set on action api/monitoring/metrics
2025.10.24 01:29:23 WARN  web[][o.s.a.s.w.WebService$Action] The response example is not set on action api/system/liveness
2025.10.24 01:29:23 INFO  web[][o.s.s.p.w.MasterServletFilter] Initializing servlet filter org.sonar.server.platform.web.WebServiceFilter@71789580 [pattern=UrlPattern{inclusions=[/api/system/migrate_db.*, ...], exclusions=[/api/components/update_key, ...]}]
2025.10.24 01:29:23 INFO  web[][o.s.s.p.DetectPluginChange] Detect plugin changes
2025.10.24 01:29:23 INFO  web[][o.s.s.p.DetectPluginChange] No plugin change detected
2025.10.24 01:29:23 INFO  web[][o.s.s.a.EmbeddedTomcat] HTTP connector enabled on port 9000
2025.10.24 01:29:27 INFO  web[][o.s.s.s.LogServerId] Server ID: 147B411E-AZoT0Ng0Vpb9ZWeZMlXF
2025.10.24 01:29:27 WARN  web[][o.s.s.a.LogOAuthWarning] For security reasons, OAuth authentication should use HTTPS. You should set the property 'Administration > Configuration > Server base URL' to a HTTPS URL.
2025.10.24 01:29:27 INFO  web[][o.s.s.p.UpdateCenterClient] Update center: https://update.sonarsource.org/update-center.properties
2025.10.24 01:29:29 WARN  web[][o.s.a.s.w.WebService$Action] The response example is not set on action saml/validation_init
2025.10.24 01:29:30 WARN  web[][o.s.a.s.w.WebService$Action] The response example is not set on action api/system/liveness
2025.10.24 01:29:30 WARN  web[][o.s.a.s.w.WebService$Action] The response example is not set on action api/plugins/download
2025.10.24 01:29:30 WARN  web[][o.s.a.s.w.WebService$Action] The response example is not set on action api/analysis_cache/get
2025.10.24 01:29:30 WARN  web[][o.s.a.s.w.WebService$Action] The response example is not set on action api/alm_integrations/check_pat
2025.10.24 01:29:30 WARN  web[][o.s.a.s.w.WebService$Action] The response example is not set on action api/push/sonarlint_events
2025.10.24 01:29:30 INFO  web[][o.s.s.a.p.ExpiredSessionsCleaner] Purge of expired session tokens has removed 0 elements
2025.10.24 01:29:30 INFO  web[][o.s.s.a.p.ExpiredSessionsCleaner] Purge of expired SAML message ids has removed 0 elements
2025.10.24 01:29:30 INFO  web[][o.s.s.n.NotificationDaemon] Notification service started (delay 60 sec.)
2025.10.24 01:29:30 INFO  web[][o.s.s.t.TelemetryDaemon] Sharing of SonarQube statistics is enabled.
2025.10.24 01:29:30 INFO  web[][o.s.s.s.GeneratePluginIndex] Generate scanner plugin index
2025.10.24 01:29:30 INFO  web[][o.s.s.s.RegisterPermissionTemplates] Register permission templates
2025.10.24 01:29:30 INFO  web[][o.s.s.s.RenameDeprecatedPropertyKeys] Rename deprecated property keys
2025.10.24 01:29:30 INFO  web[][o.s.s.s.RegisterPlugins] Register plugins
2025.10.24 01:29:30 INFO  web[][o.s.s.p.w.MasterServletFilter] Initializing servlet filter org.sonar.server.platform.web.SonarLintConnectionFilter@470fa552 [pattern=UrlPattern{inclusions=[/api/*], exclusions=[]}]
2025.10.24 01:29:30 INFO  web[][o.s.s.p.w.MasterServletFilter] Initializing servlet filter org.sonar.server.platform.web.WebServiceFilter@34716b16 [pattern=UrlPattern{inclusions=[/api/issues/delete_comment.*, ...], exclusions=[/api/authentication/login.*, ...]}]
2025.10.24 01:29:30 INFO  web[][o.s.s.p.w.MasterServletFilter] Initializing servlet filter org.sonar.server.platform.web.WebServiceReroutingFilter@58791911 [pattern=UrlPattern{inclusions=[/api/components/bulk_update_key, ...], exclusions=[]}]
2025.10.24 01:29:30 INFO  web[][o.s.s.p.w.MasterServletFilter] Initializing servlet filter org.sonar.server.authentication.DefaultAdminCredentialsVerifierFilter@548c463a [pattern=UrlPattern{inclusions=[/*], exclusions=[*.css, ...]}]
2025.10.24 01:29:30 INFO  web[][o.s.s.p.w.MasterServletFilter] Initializing servlet filter org.sonar.server.authentication.InitFilter@6e935ccc [pattern=UrlPattern{inclusions=[/sessions/init/*], exclusions=[]}]
2025.10.24 01:29:30 INFO  web[][o.s.s.p.w.MasterServletFilter] Initializing servlet filter org.sonar.server.authentication.SamlValidationRedirectionFilter@5105a3d3 [pattern=UrlPattern{inclusions=[/oauth2/callback/saml], exclusions=[]}]
2025.10.24 01:29:30 INFO  web[][o.s.s.p.w.MasterServletFilter] Initializing servlet filter org.sonar.server.authentication.OAuth2CallbackFilter@41249973 [pattern=UrlPattern{inclusions=[/oauth2/callback/*], exclusions=[]}]
2025.10.24 01:29:30 INFO  web[][o.s.s.p.w.MasterServletFilter] Initializing servlet filter org.sonar.server.authentication.ResetPasswordFilter@77afbafb [pattern=UrlPattern{inclusions=[/*], exclusions=[*.css, ...]}]
2025.10.24 01:29:30 INFO  web[][o.s.s.p.w.MasterServletFilter] Initializing servlet filter org.sonar.server.authentication.ws.LoginAction@6e3061bc [pattern=UrlPattern{inclusions=[/api/authentication/login], exclusions=[]}]
2025.10.24 01:29:30 INFO  web[][o.s.s.p.w.MasterServletFilter] Initializing servlet filter org.sonar.server.authentication.ws.LogoutAction@55bfe5d0 [pattern=UrlPattern{inclusions=[/api/authentication/logout], exclusions=[]}]
2025.10.24 01:29:30 INFO  web[][o.s.s.p.w.MasterServletFilter] Initializing servlet filter org.sonar.server.authentication.ws.ValidateAction@2b9e633f [pattern=UrlPattern{inclusions=[/api/authentication/validate], exclusions=[]}]
2025.10.24 01:29:30 INFO  web[][o.s.s.p.w.MasterServletFilter] Initializing servlet filter org.sonar.server.saml.ws.ValidationInitAction@58e41593 [pattern=UrlPattern{inclusions=[/saml/validation_init], exclusions=[]}]
2025.10.24 01:29:30 INFO  web[][o.s.s.p.w.MasterServletFilter] Initializing servlet filter org.sonar.server.saml.ws.ValidationAction@50a28489 [pattern=UrlPattern{inclusions=[/saml/validation], exclusions=[]}]
2025.10.24 01:29:30 INFO  web[][o.s.s.p.w.MasterServletFilter] Initializing servlet filter org.sonar.server.user.ws.ChangePasswordAction@32efdfe [pattern=UrlPattern{inclusions=[/api/users/change_password], exclusions=[]}]
2025.10.24 01:29:30 INFO  web[][o.s.s.p.w.MasterServletFilter] Initializing servlet filter org.sonar.server.plugins.PluginsRiskConsentFilter@7fc9cd73 [pattern=UrlPattern{inclusions=[/*], exclusions=[*.css, ...]}]
2025.10.24 01:29:30 INFO  web[][o.s.s.q.ProjectsInWarningDaemon] Counting number of projects in warning is not started as there are no projects in this situation.
2025.10.24 01:29:30 INFO  web[][o.s.s.p.p.PlatformLevelStartup] Running Community Edition
2025.10.24 01:29:31 INFO  web[][o.s.s.p.Platform] Web Server is operational
2025.10.24 01:30:37 INFO  web[][o.s.p.ProcessEntryPoint] Gracefully stopping process
2025.10.24 01:30:37 INFO  web[][o.s.s.n.NotificationDaemon] Notification service stopped
2025.10.24 01:30:37 INFO  web[][c.z.h.HikariDataSource] HikariPool-1 - Shutdown initiated...
2025.10.24 01:30:37 INFO  web[][c.z.h.HikariDataSource] HikariPool-1 - Shutdown completed.
2025.10.24 01:30:37 INFO  web[][o.s.s.p.d.EmbeddedDatabase] Embedded database stopped
2025.10.24 01:30:37 INFO  web[][o.s.s.app.WebServer] Web Server stopped
2025.10.24 01:31:50 INFO  web[][o.s.p.ProcessEntryPoint] Starting Web Server
2025.10.24 01:31:51 INFO  web[][o.s.s.p.LogServerVersion] SonarQube Server / 9.9.8.100196 / a6b73d92af974da59414bc4a00dde2882016ea70
2025.10.24 01:31:52 INFO  web[][o.s.s.p.d.EmbeddedDatabase] Starting embedded database on port 9092 with url jdbc:h2:tcp://127.0.0.1:9092/sonar;NON_KEYWORDS=VALUE
2025.10.24 01:31:52 INFO  web[][o.s.s.p.d.EmbeddedDatabase] Embedded database started. Data stored in: /opt/sonarqube/data
2025.10.24 01:31:52 INFO  web[][o.sonar.db.Database] Create JDBC data source for jdbc:h2:tcp://127.0.0.1:9092/sonar;NON_KEYWORDS=VALUE
2025.10.24 01:31:52 INFO  web[][c.z.h.HikariDataSource] HikariPool-1 - Starting...
2025.10.24 01:31:53 INFO  web[][c.z.h.p.HikariPool] HikariPool-1 - Added connection conn2: url=jdbc:h2:tcp://127.0.0.1:9092/sonar user=
2025.10.24 01:31:53 INFO  web[][c.z.h.HikariDataSource] HikariPool-1 - Start completed.
2025.10.24 01:31:53 WARN  web[][o.s.db.dialect.H2] H2 database should be used for evaluation purpose only.
2025.10.24 01:31:54 INFO  web[][o.s.s.p.ServerFileSystemImpl] SonarQube home: /opt/sonarqube
2025.10.24 01:31:54 INFO  web[][o.s.s.u.SystemPasscodeImpl] System authentication by passcode is disabled
2025.10.24 01:31:55 INFO  web[][o.s.s.p.ServerPluginManager] Deploy C# Code Quality and Security / 8.51.0.59060 / e14c642f118958f22fd08841dc42f9aae480366a
2025.10.24 01:31:55 INFO  web[][o.s.s.p.ServerPluginManager] Deploy Configuration detection fot Code Quality and Security / 1.2.0.267 / 4f37ba9ffb37a96d5883e52ad392ed32c5c6eaab
2025.10.24 01:31:55 INFO  web[][o.s.s.p.ServerPluginManager] Deploy Flex Code Quality and Security / 2.8.0.3166 / 01f66bdddc678966c81a9064ed139156a6a89c97
2025.10.24 01:31:55 INFO  web[][o.s.s.p.ServerPluginManager] Deploy Go Code Quality and Security / 1.11.0.3905 / e1f28bc000e04ca01881e84218d01d464a17a36f
2025.10.24 01:31:55 INFO  web[][o.s.s.p.ServerPluginManager] Deploy HTML Code Quality and Security / 3.7.1.3306 / d720acc6860c6d8b69ec4d17570a398a1e216da1
2025.10.24 01:31:55 INFO  web[][o.s.s.p.ServerPluginManager] Deploy IaC Code Quality and Security / 1.11.0.2847 / 6892bd3a7320b3c110717acfdb18c4c7451069fd
2025.10.24 01:31:55 INFO  web[][o.s.s.p.ServerPluginManager] Deploy JaCoCo / 1.3.0.1538 / 74a7798c7cea687c72ed9df40c93eb7ea2a58c49
2025.10.24 01:31:55 INFO  web[][o.s.s.p.ServerPluginManager] Deploy Java Code Quality and Security / 7.16.0.30901 / 4b1436558dfd5fc00c8d9aae8bb0364ba122c73e
2025.10.24 01:31:55 INFO  web[][o.s.s.p.ServerPluginManager] Deploy JavaScript/TypeScript/CSS Code Quality and Security / 9.13.0.20537 / 68ff7657415044b86033814795ed95fc1f1558f1
2025.10.24 01:31:55 INFO  web[][o.s.s.p.ServerPluginManager] Deploy Kotlin Code Quality and Security / 2.12.0.1956 / a6df1ae252bd62d63f8673c28f87ad14258a7904
2025.10.24 01:31:55 INFO  web[][o.s.s.p.ServerPluginManager] Deploy PHP Code Quality and Security / 3.27.1.9352 / 3ddc5a03e1a7e3729d41e7c1a30a37d5715958c7
2025.10.24 01:31:55 INFO  web[][o.s.s.p.ServerPluginManager] Deploy Python Code Quality and Security / 3.24.1.11916 / cc8f4fa745eb33d31c3869bdfdfd45514e67c1fe
2025.10.24 01:31:55 INFO  web[][o.s.s.p.ServerPluginManager] Deploy Ruby Code Quality and Security / 1.11.0.3905 / e1f28bc000e04ca01881e84218d01d464a17a36f
2025.10.24 01:31:55 INFO  web[][o.s.s.p.ServerPluginManager] Deploy Scala Code Quality and Security / 1.11.0.3905 / e1f28bc000e04ca01881e84218d01d464a17a36f
2025.10.24 01:31:55 INFO  web[][o.s.s.p.ServerPluginManager] Deploy Text Code Quality and Security / 2.0.2.1090 / 7eb026363b98f5f98b43c603772b5177869c2c6a
2025.10.24 01:31:55 INFO  web[][o.s.s.p.ServerPluginManager] Deploy VB.NET Code Quality and Security / 8.51.0.59060 / e14c642f118958f22fd08841dc42f9aae480366a
2025.10.24 01:31:55 INFO  web[][o.s.s.p.ServerPluginManager] Deploy XML Code Quality and Security / 2.7.0.3820 / 656bccc1910d50c8984536bd2dfd917066b858e6
2025.10.24 01:32:02 INFO  web[][o.s.s.e.EsClientProvider] Connected to local Elasticsearch: [http://localhost:9001]
2025.10.24 01:32:03 WARN  web[][o.s.a.s.w.WebService$Action] Description is not set on action api/monitoring/metrics
2025.10.24 01:32:03 WARN  web[][o.s.a.s.w.WebService$Action] Since is not set on action api/monitoring/metrics
2025.10.24 01:32:03 WARN  web[][o.s.a.s.w.WebService$Action] The response example is not set on action api/monitoring/metrics
2025.10.24 01:32:03 WARN  web[][o.s.a.s.w.WebService$Action] The response example is not set on action api/system/liveness
2025.10.24 01:32:03 INFO  web[][o.s.s.p.w.MasterServletFilter] Initializing servlet filter org.sonar.server.platform.web.WebServiceFilter@573aeab2 [pattern=UrlPattern{inclusions=[/api/system/migrate_db.*, ...], exclusions=[/api/components/update_key, ...]}]
2025.10.24 01:32:03 INFO  web[][o.s.s.p.DetectPluginChange] Detect plugin changes
2025.10.24 01:32:03 INFO  web[][o.s.s.p.DetectPluginChange] No plugin change detected
2025.10.24 01:32:03 INFO  web[][o.s.s.a.EmbeddedTomcat] HTTP connector enabled on port 9000
2025.10.24 01:32:05 INFO  web[][o.s.s.s.LogServerId] Server ID: 147B411E-AZoT0Ng0Vpb9ZWeZMlXF
2025.10.24 01:32:05 WARN  web[][o.s.s.a.LogOAuthWarning] For security reasons, OAuth authentication should use HTTPS. You should set the property 'Administration > Configuration > Server base URL' to a HTTPS URL.
2025.10.24 01:32:05 INFO  web[][o.s.s.p.UpdateCenterClient] Update center: https://update.sonarsource.org/update-center.properties
2025.10.24 01:32:08 WARN  web[][o.s.a.s.w.WebService$Action] The response example is not set on action saml/validation_init
2025.10.24 01:32:08 WARN  web[][o.s.a.s.w.WebService$Action] The response example is not set on action api/system/liveness
2025.10.24 01:32:08 WARN  web[][o.s.a.s.w.WebService$Action] The response example is not set on action api/plugins/download
2025.10.24 01:32:08 WARN  web[][o.s.a.s.w.WebService$Action] The response example is not set on action api/analysis_cache/get
2025.10.24 01:32:08 WARN  web[][o.s.a.s.w.WebService$Action] The response example is not set on action api/alm_integrations/check_pat
2025.10.24 01:32:08 WARN  web[][o.s.a.s.w.WebService$Action] The response example is not set on action api/push/sonarlint_events
2025.10.24 01:32:08 INFO  web[][o.s.s.n.NotificationDaemon] Notification service started (delay 60 sec.)
2025.10.24 01:32:08 INFO  web[][o.s.s.t.TelemetryDaemon] Sharing of SonarQube statistics is enabled.
2025.10.24 01:32:08 INFO  web[][o.s.s.s.GeneratePluginIndex] Generate scanner plugin index
2025.10.24 01:32:08 INFO  web[][o.s.s.s.RegisterPermissionTemplates] Register permission templates
2025.10.24 01:32:08 INFO  web[][o.s.s.s.RenameDeprecatedPropertyKeys] Rename deprecated property keys
2025.10.24 01:32:08 INFO  web[][o.s.s.s.RegisterPlugins] Register plugins
2025.10.24 01:32:08 INFO  web[][o.s.s.p.w.MasterServletFilter] Initializing servlet filter org.sonar.server.platform.web.SonarLintConnectionFilter@26027e8 [pattern=UrlPattern{inclusions=[/api/*], exclusions=[]}]
2025.10.24 01:32:08 INFO  web[][o.s.s.p.w.MasterServletFilter] Initializing servlet filter org.sonar.server.platform.web.WebServiceFilter@44b78903 [pattern=UrlPattern{inclusions=[/api/issues/delete_comment.*, ...], exclusions=[/api/authentication/login.*, ...]}]
2025.10.24 01:32:08 INFO  web[][o.s.s.p.w.MasterServletFilter] Initializing servlet filter org.sonar.server.platform.web.WebServiceReroutingFilter@442d6181 [pattern=UrlPattern{inclusions=[/api/components/bulk_update_key, ...], exclusions=[]}]
2025.10.24 01:32:08 INFO  web[][o.s.s.p.w.MasterServletFilter] Initializing servlet filter org.sonar.server.authentication.DefaultAdminCredentialsVerifierFilter@7ed87571 [pattern=UrlPattern{inclusions=[/*], exclusions=[*.css, ...]}]
2025.10.24 01:32:08 INFO  web[][o.s.s.p.w.MasterServletFilter] Initializing servlet filter org.sonar.server.authentication.InitFilter@7d845225 [pattern=UrlPattern{inclusions=[/sessions/init/*], exclusions=[]}]
2025.10.24 01:32:08 INFO  web[][o.s.s.p.w.MasterServletFilter] Initializing servlet filter org.sonar.server.authentication.SamlValidationRedirectionFilter@5032307 [pattern=UrlPattern{inclusions=[/oauth2/callback/saml], exclusions=[]}]
2025.10.24 01:32:08 INFO  web[][o.s.s.p.w.MasterServletFilter] Initializing servlet filter org.sonar.server.authentication.OAuth2CallbackFilter@2a8d7b4f [pattern=UrlPattern{inclusions=[/oauth2/callback/*], exclusions=[]}]
2025.10.24 01:32:08 INFO  web[][o.s.s.p.w.MasterServletFilter] Initializing servlet filter org.sonar.server.authentication.ResetPasswordFilter@17c3f092 [pattern=UrlPattern{inclusions=[/*], exclusions=[*.css, ...]}]
2025.10.24 01:32:08 INFO  web[][o.s.s.p.w.MasterServletFilter] Initializing servlet filter org.sonar.server.authentication.ws.LoginAction@665e62f9 [pattern=UrlPattern{inclusions=[/api/authentication/login], exclusions=[]}]
2025.10.24 01:32:08 INFO  web[][o.s.s.p.w.MasterServletFilter] Initializing servlet filter org.sonar.server.authentication.ws.LogoutAction@ec4d14b [pattern=UrlPattern{inclusions=[/api/authentication/logout], exclusions=[]}]
2025.10.24 01:32:08 INFO  web[][o.s.s.p.w.MasterServletFilter] Initializing servlet filter org.sonar.server.authentication.ws.ValidateAction@6118d272 [pattern=UrlPattern{inclusions=[/api/authentication/validate], exclusions=[]}]
2025.10.24 01:32:08 INFO  web[][o.s.s.p.w.MasterServletFilter] Initializing servlet filter org.sonar.server.saml.ws.ValidationInitAction@5da54b8d [pattern=UrlPattern{inclusions=[/saml/validation_init], exclusions=[]}]
2025.10.24 01:32:08 INFO  web[][o.s.s.p.w.MasterServletFilter] Initializing servlet filter org.sonar.server.saml.ws.ValidationAction@197302f9 [pattern=UrlPattern{inclusions=[/saml/validation], exclusions=[]}]
2025.10.24 01:32:08 INFO  web[][o.s.s.p.w.MasterServletFilter] Initializing servlet filter org.sonar.server.user.ws.ChangePasswordAction@48099d35 [pattern=UrlPattern{inclusions=[/api/users/change_password], exclusions=[]}]
2025.10.24 01:32:08 INFO  web[][o.s.s.p.w.MasterServletFilter] Initializing servlet filter org.sonar.server.plugins.PluginsRiskConsentFilter@548e8428 [pattern=UrlPattern{inclusions=[/*], exclusions=[*.css, ...]}]
2025.10.24 01:32:08 INFO  web[][o.s.s.q.ProjectsInWarningDaemon] Counting number of projects in warning is not started as there are no projects in this situation.
2025.10.24 01:32:08 INFO  web[][o.s.s.p.p.PlatformLevelStartup] Running Community Edition
2025.10.24 01:32:09 INFO  web[][o.s.s.p.Platform] Web Server is operational
2025.10.24 01:35:36 ERROR web[AZoT2aiJMZXN+/fEAAAb][o.s.u.c.UpdateCenterDeserializer] ltsVersion seems wrong as it is not listed in SonarQube versions
2025.10.24 01:35:36 ERROR web[AZoT2aiJMZXN+/fEAAAb][o.s.u.c.UpdateCenterDeserializer] authoidc.3.0.0.sqVersions should be defined
2025.10.24 01:35:36 ERROR web[AZoT2aiJMZXN+/fEAAAb][o.s.u.c.UpdateCenterDeserializer] Plugin OpenID Connect Authentication for SonarQube version 3.0.0 should declare compatible SQ versions
2025.10.24 01:35:36 ERROR web[AZoT2aiJMZXN+/fEAAAb][o.s.u.c.UpdateCenterDeserializer] creedengopython.2.2.0.sqVersions should be defined
2025.10.24 01:35:36 ERROR web[AZoT2aiJMZXN+/fEAAAb][o.s.u.c.UpdateCenterDeserializer] Plugin creedengo - Python language version 2.2.0 should declare compatible SQ versions
2025.10.24 01:35:36 ERROR web[AZoT2aiJMZXN+/fEAAAb][o.s.u.c.UpdateCenterDeserializer] jqassistant.3.0.1.sqVersions should be defined
2025.10.24 01:35:36 ERROR web[AZoT2aiJMZXN+/fEAAAb][o.s.u.c.UpdateCenterDeserializer] Plugin jQAssistant version 3.0.1 should declare compatible SQ versions
2025.10.24 01:35:36 ERROR web[AZoT2aiJMZXN+/fEAAAb][o.s.u.c.UpdateCenterDeserializer] l10nru.25.1.sqVersions should be defined
2025.10.24 01:35:36 ERROR web[AZoT2aiJMZXN+/fEAAAb][o.s.u.c.UpdateCenterDeserializer] Plugin Russian Pack version 25.1 should declare compatible SQ versions
2025.10.24 01:35:36 ERROR web[AZoT2aiJMZXN+/fEAAAb][o.s.u.c.UpdateCenterDeserializer] l10nru.25.7.sqVersions should be defined
2025.10.24 01:35:36 ERROR web[AZoT2aiJMZXN+/fEAAAb][o.s.u.c.UpdateCenterDeserializer] Plugin Russian Pack version 25.7 should declare compatible SQ versions
2025.10.24 01:35:36 ERROR web[AZoT2aiJMZXN+/fEAAAb][o.s.u.c.UpdateCenterDeserializer] l10nzh.24.12.sqVersions should be defined
2025.10.24 01:35:36 ERROR web[AZoT2aiJMZXN+/fEAAAb][o.s.u.c.UpdateCenterDeserializer] Plugin Chinese Pack version 24.12 should declare compatible SQ versions
2025.10.24 01:35:36 ERROR web[AZoT2aiJMZXN+/fEAAAb][o.s.u.c.UpdateCenterDeserializer] l10nzh.25.1.sqVersions should be defined
2025.10.24 01:35:36 ERROR web[AZoT2aiJMZXN+/fEAAAb][o.s.u.c.UpdateCenterDeserializer] Plugin Chinese Pack version 25.1 should declare compatible SQ versions
2025.10.24 01:35:36 ERROR web[AZoT2aiJMZXN+/fEAAAb][o.s.u.c.UpdateCenterDeserializer] l10nzh.25.2.sqVersions should be defined
2025.10.24 01:35:36 ERROR web[AZoT2aiJMZXN+/fEAAAb][o.s.u.c.UpdateCenterDeserializer] Plugin Chinese Pack version 25.2 should declare compatible SQ versions
2025.10.24 01:35:36 ERROR web[AZoT2aiJMZXN+/fEAAAb][o.s.u.c.UpdateCenterDeserializer] l10nzh.25.3.sqVersions should be defined
2025.10.24 01:35:36 ERROR web[AZoT2aiJMZXN+/fEAAAb][o.s.u.c.UpdateCenterDeserializer] Plugin Chinese Pack version 25.3 should declare compatible SQ versions
2025.10.24 01:35:36 ERROR web[AZoT2aiJMZXN+/fEAAAb][o.s.u.c.UpdateCenterDeserializer] l10nzh.25.4.sqVersions should be defined
2025.10.24 01:35:36 ERROR web[AZoT2aiJMZXN+/fEAAAb][o.s.u.c.UpdateCenterDeserializer] Plugin Chinese Pack version 25.4 should declare compatible SQ versions
2025.10.24 01:35:36 ERROR web[AZoT2aiJMZXN+/fEAAAb][o.s.u.c.UpdateCenterDeserializer] l10nzh.25.5.sqVersions should be defined
2025.10.24 01:35:36 ERROR web[AZoT2aiJMZXN+/fEAAAb][o.s.u.c.UpdateCenterDeserializer] Plugin Chinese Pack version 25.5 should declare compatible SQ versions
2025.10.24 01:35:36 ERROR web[AZoT2aiJMZXN+/fEAAAb][o.s.u.c.UpdateCenterDeserializer] l10nzh.25.6.sqVersions should be defined
2025.10.24 01:35:36 ERROR web[AZoT2aiJMZXN+/fEAAAb][o.s.u.c.UpdateCenterDeserializer] Plugin Chinese Pack version 25.6 should declare compatible SQ versions
2025.10.24 01:35:36 ERROR web[AZoT2aiJMZXN+/fEAAAb][o.s.u.c.UpdateCenterDeserializer] l10nzh.25.7.sqVersions should be defined
2025.10.24 01:35:36 ERROR web[AZoT2aiJMZXN+/fEAAAb][o.s.u.c.UpdateCenterDeserializer] Plugin Chinese Pack version 25.7 should declare compatible SQ versions
2025.10.24 01:35:36 ERROR web[AZoT2aiJMZXN+/fEAAAb][o.s.u.c.UpdateCenterDeserializer] l10nzh.25.8.sqVersions should be defined
2025.10.24 01:35:36 ERROR web[AZoT2aiJMZXN+/fEAAAb][o.s.u.c.UpdateCenterDeserializer] Plugin Chinese Pack version 25.8 should declare compatible SQ versions
2025.10.24 01:35:36 ERROR web[AZoT2aiJMZXN+/fEAAAb][o.s.u.c.UpdateCenterDeserializer] l10nzh.25.9.sqVersions should be defined
2025.10.24 01:35:36 ERROR web[AZoT2aiJMZXN+/fEAAAb][o.s.u.c.UpdateCenterDeserializer] Plugin Chinese Pack version 25.9 should declare compatible SQ versions
2025.10.24 01:35:36 ERROR web[AZoT2aiJMZXN+/fEAAAb][o.s.u.c.UpdateCenterDeserializer] l10nzh.25.10.sqVersions should be defined
2025.10.24 01:35:36 ERROR web[AZoT2aiJMZXN+/fEAAAb][o.s.u.c.UpdateCenterDeserializer] Plugin Chinese Pack version 25.10 should declare compatible SQ versions
2025.10.24 01:35:36 ERROR web[AZoT2aiJMZXN+/fEAAAb][o.s.u.c.UpdateCenterDeserializer] l10nzhtw.1.2.sqVersions should be defined
2025.10.24 01:35:36 ERROR web[AZoT2aiJMZXN+/fEAAAb][o.s.u.c.UpdateCenterDeserializer] Plugin TraditionalChinese Pack version 1.2 should declare compatible SQ versions
2025.10.24 01:35:36 ERROR web[AZoT2aiJMZXN+/fEAAAb][o.s.u.c.UpdateCenterDeserializer] l10nzhtw.1.3.sqVersions should be defined
2025.10.24 01:35:36 ERROR web[AZoT2aiJMZXN+/fEAAAb][o.s.u.c.UpdateCenterDeserializer] Plugin TraditionalChinese Pack version 1.3 should declare compatible SQ versions
2025.10.24 01:35:36 ERROR web[AZoT2aiJMZXN+/fEAAAb][o.s.u.c.UpdateCenterDeserializer] l10nzhtw.1.4.sqVersions should be defined
2025.10.24 01:35:36 ERROR web[AZoT2aiJMZXN+/fEAAAb][o.s.u.c.UpdateCenterDeserializer] Plugin TraditionalChinese Pack version 1.4 should declare compatible SQ versions
2025.10.24 01:35:36 ERROR web[AZoT2aiJMZXN+/fEAAAb][o.s.u.c.UpdateCenterDeserializer] l10nzhtw.1.5.sqVersions should be defined
2025.10.24 01:35:36 ERROR web[AZoT2aiJMZXN+/fEAAAb][o.s.u.c.UpdateCenterDeserializer] Plugin TraditionalChinese Pack version 1.5 should declare compatible SQ versions
2025.10.24 01:35:37 ERROR web[AZoT2aiJMZXN+/fEAAAb][o.s.u.c.UpdateCenterDeserializer] l10nzhtw.1.6.sqVersions should be defined
2025.10.24 01:35:37 ERROR web[AZoT2aiJMZXN+/fEAAAb][o.s.u.c.UpdateCenterDeserializer] Plugin TraditionalChinese Pack version 1.6 should declare compatible SQ versions
2025.10.24 01:35:37 ERROR web[AZoT2aiJMZXN+/fEAAAb][o.s.u.c.UpdateCenterDeserializer] l10nzhtw.1.7.sqVersions should be defined
2025.10.24 01:35:37 ERROR web[AZoT2aiJMZXN+/fEAAAb][o.s.u.c.UpdateCenterDeserializer] Plugin TraditionalChinese Pack version 1.7 should declare compatible SQ versions
2025.10.24 01:35:37 ERROR web[AZoT2aiJMZXN+/fEAAAb][o.s.u.c.UpdateCenterDeserializer] magento2php.1.3.0.sqVersions should be defined
2025.10.24 01:35:37 ERROR web[AZoT2aiJMZXN+/fEAAAb][o.s.u.c.UpdateCenterDeserializer] Plugin PHP Custom Rules for Magento 2 CMS version 1.3.0 should declare compatible SQ versions
2025.10.24 01:35:37 WARN  web[AZoT2aiJMZXN+/fEAAAb][o.s.u.c.UpdateCenterDeserializer] The plugin magento2php is not compatible with any public SQ versions.
2025.10.24 01:35:37 ERROR web[AZoT2aiJMZXN+/fEAAAb][o.s.u.c.UpdateCenterDeserializer] openedge.2.30.0.sqVersions should be defined
2025.10.24 01:35:37 ERROR web[AZoT2aiJMZXN+/fEAAAb][o.s.u.c.UpdateCenterDeserializer] Plugin OpenEdge version 2.30.0 should declare compatible SQ versions
2025.10.24 01:35:37 ERROR web[AZoT2aiJMZXN+/fEAAAb][o.s.u.c.UpdateCenterDeserializer] scmtfvc.2.5.0.sqVersions should be defined
2025.10.24 01:35:37 ERROR web[AZoT2aiJMZXN+/fEAAAb][o.s.u.c.UpdateCenterDeserializer] Plugin TFVC version 2.5.0 should declare compatible SQ versions
2025.10.24 01:35:37 INFO  web[AZoT2aiJMZXN+/fEAAAb][o.s.u.c.UpdateCenter] The plugin 'config' version : 1.2.0.267 has not been found on the update center.
2025.10.24 01:35:37 INFO  web[AZoT2aiJMZXN+/fEAAAb][o.s.u.c.UpdateCenter] The plugin 'csharp' version : 8.51.0.59060 has not been found on the update center.
2025.10.24 01:35:37 INFO  web[AZoT2aiJMZXN+/fEAAAb][o.s.u.c.UpdateCenter] The plugin 'flex' version : 2.8.0.3166 has not been found on the update center.
2025.10.24 01:35:37 INFO  web[AZoT2aiJMZXN+/fEAAAb][o.s.u.c.UpdateCenter] The plugin 'go' version : 1.11.0.3905 has not been found on the update center.
2025.10.24 01:35:37 INFO  web[AZoT2aiJMZXN+/fEAAAb][o.s.u.c.UpdateCenter] The plugin 'iac' version : 1.11.0.2847 has not been found on the update center.
2025.10.24 01:35:37 INFO  web[AZoT2aiJMZXN+/fEAAAb][o.s.u.c.UpdateCenter] The plugin 'jacoco' version : 1.3.0.1538 has not been found on the update center.
2025.10.24 01:35:37 INFO  web[AZoT2aiJMZXN+/fEAAAb][o.s.u.c.UpdateCenter] The plugin 'java' version : 7.16.0.30901 has not been found on the update center.
2025.10.24 01:35:37 INFO  web[AZoT2aiJMZXN+/fEAAAb][o.s.u.c.UpdateCenter] The plugin 'javascript' version : 9.13.0.20537 has not been found on the update center.
2025.10.24 01:35:37 INFO  web[AZoT2aiJMZXN+/fEAAAb][o.s.u.c.UpdateCenter] The plugin 'kotlin' version : 2.12.0.1956 has not been found on the update center.
2025.10.24 01:35:37 INFO  web[AZoT2aiJMZXN+/fEAAAb][o.s.u.c.UpdateCenter] The plugin 'php' version : 3.27.1.9352 has not been found on the update center.
2025.10.24 01:35:37 INFO  web[AZoT2aiJMZXN+/fEAAAb][o.s.u.c.UpdateCenter] The plugin 'python' version : 3.24.1.11916 has not been found on the update center.
2025.10.24 01:35:37 INFO  web[AZoT2aiJMZXN+/fEAAAb][o.s.u.c.UpdateCenter] The plugin 'ruby' version : 1.11.0.3905 has not been found on the update center.
2025.10.24 01:35:37 INFO  web[AZoT2aiJMZXN+/fEAAAb][o.s.u.c.UpdateCenter] The plugin 'sonarscala' version : 1.11.0.3905 has not been found on the update center.
2025.10.24 01:35:37 INFO  web[AZoT2aiJMZXN+/fEAAAb][o.s.u.c.UpdateCenter] The plugin 'text' version : 2.0.2.1090 has not been found on the update center.
2025.10.24 01:35:37 INFO  web[AZoT2aiJMZXN+/fEAAAb][o.s.u.c.UpdateCenter] The plugin 'vbnet' version : 8.51.0.59060 has not been found on the update center.
2025.10.24 01:35:37 INFO  web[AZoT2aiJMZXN+/fEAAAb][o.s.u.c.UpdateCenter] The plugin 'web' version : 3.7.1.3306 has not been found on the update center.
2025.10.24 01:35:37 INFO  web[AZoT2aiJMZXN+/fEAAAb][o.s.u.c.UpdateCenter] The plugin 'xml' version : 2.7.0.3820 has not been found on the update center.
2025.10.24 01:35:37 INFO  web[AZoT2aiJMZXN+/fEAAAb][o.s.u.c.UpdateCenter] The plugin 'config' version : 1.2.0.267 has not been found on the update center.
2025.10.24 01:35:37 INFO  web[AZoT2aiJMZXN+/fEAAAb][o.s.u.c.UpdateCenter] The plugin 'csharp' version : 8.51.0.59060 has not been found on the update center.
2025.10.24 01:35:37 INFO  web[AZoT2aiJMZXN+/fEAAAb][o.s.u.c.UpdateCenter] The plugin 'flex' version : 2.8.0.3166 has not been found on the update center.
2025.10.24 01:35:37 INFO  web[AZoT2aiJMZXN+/fEAAAb][o.s.u.c.UpdateCenter] The plugin 'go' version : 1.11.0.3905 has not been found on the update center.
2025.10.24 01:35:37 INFO  web[AZoT2aiJMZXN+/fEAAAb][o.s.u.c.UpdateCenter] The plugin 'iac' version : 1.11.0.2847 has not been found on the update center.
2025.10.24 01:35:37 INFO  web[AZoT2aiJMZXN+/fEAAAb][o.s.u.c.UpdateCenter] The plugin 'jacoco' version : 1.3.0.1538 has not been found on the update center.
2025.10.24 01:35:37 INFO  web[AZoT2aiJMZXN+/fEAAAb][o.s.u.c.UpdateCenter] The plugin 'java' version : 7.16.0.30901 has not been found on the update center.
2025.10.24 01:35:37 INFO  web[AZoT2aiJMZXN+/fEAAAb][o.s.u.c.UpdateCenter] The plugin 'javascript' version : 9.13.0.20537 has not been found on the update center.
2025.10.24 01:35:37 INFO  web[AZoT2aiJMZXN+/fEAAAb][o.s.u.c.UpdateCenter] The plugin 'kotlin' version : 2.12.0.1956 has not been found on the update center.
2025.10.24 01:35:37 INFO  web[AZoT2aiJMZXN+/fEAAAb][o.s.u.c.UpdateCenter] The plugin 'php' version : 3.27.1.9352 has not been found on the update center.
2025.10.24 01:35:37 INFO  web[AZoT2aiJMZXN+/fEAAAb][o.s.u.c.UpdateCenter] The plugin 'python' version : 3.24.1.11916 has not been found on the update center.
2025.10.24 01:35:37 INFO  web[AZoT2aiJMZXN+/fEAAAb][o.s.u.c.UpdateCenter] The plugin 'ruby' version : 1.11.0.3905 has not been found on the update center.
2025.10.24 01:35:37 INFO  web[AZoT2aiJMZXN+/fEAAAb][o.s.u.c.UpdateCenter] The plugin 'sonarscala' version : 1.11.0.3905 has not been found on the update center.
2025.10.24 01:35:37 INFO  web[AZoT2aiJMZXN+/fEAAAb][o.s.u.c.UpdateCenter] The plugin 'text' version : 2.0.2.1090 has not been found on the update center.
2025.10.24 01:35:37 INFO  web[AZoT2aiJMZXN+/fEAAAb][o.s.u.c.UpdateCenter] The plugin 'vbnet' version : 8.51.0.59060 has not been found on the update center.
2025.10.24 01:35:37 INFO  web[AZoT2aiJMZXN+/fEAAAb][o.s.u.c.UpdateCenter] The plugin 'web' version : 3.7.1.3306 has not been found on the update center.
2025.10.24 01:35:37 INFO  web[AZoT2aiJMZXN+/fEAAAb][o.s.u.c.UpdateCenter] The plugin 'xml' version : 2.7.0.3820 has not been found on the update center.
2025.10.24 01:35:37 INFO  web[AZoT2aiJMZXN+/fEAAAb][o.s.u.c.UpdateCenter] The plugin 'config' version : 1.2.0.267 has not been found on the update center.
2025.10.24 01:35:37 INFO  web[AZoT2aiJMZXN+/fEAAAb][o.s.u.c.UpdateCenter] The plugin 'csharp' version : 8.51.0.59060 has not been found on the update center.
2025.10.24 01:35:37 INFO  web[AZoT2aiJMZXN+/fEAAAb][o.s.u.c.UpdateCenter] The plugin 'flex' version : 2.8.0.3166 has not been found on the update center.
2025.10.24 01:35:37 INFO  web[AZoT2aiJMZXN+/fEAAAb][o.s.u.c.UpdateCenter] The plugin 'go' version : 1.11.0.3905 has not been found on the update center.
2025.10.24 01:35:37 INFO  web[AZoT2aiJMZXN+/fEAAAb][o.s.u.c.UpdateCenter] The plugin 'iac' version : 1.11.0.2847 has not been found on the update center.
2025.10.24 01:35:37 INFO  web[AZoT2aiJMZXN+/fEAAAb][o.s.u.c.UpdateCenter] The plugin 'jacoco' version : 1.3.0.1538 has not been found on the update center.
2025.10.24 01:35:37 INFO  web[AZoT2aiJMZXN+/fEAAAb][o.s.u.c.UpdateCenter] The plugin 'java' version : 7.16.0.30901 has not been found on the update center.
2025.10.24 01:35:37 INFO  web[AZoT2aiJMZXN+/fEAAAb][o.s.u.c.UpdateCenter] The plugin 'javascript' version : 9.13.0.20537 has not been found on the update center.
2025.10.24 01:35:37 INFO  web[AZoT2aiJMZXN+/fEAAAb][o.s.u.c.UpdateCenter] The plugin 'kotlin' version : 2.12.0.1956 has not been found on the update center.
2025.10.24 01:35:37 INFO  web[AZoT2aiJMZXN+/fEAAAb][o.s.u.c.UpdateCenter] The plugin 'php' version : 3.27.1.9352 has not been found on the update center.
2025.10.24 01:35:37 INFO  web[AZoT2aiJMZXN+/fEAAAb][o.s.u.c.UpdateCenter] The plugin 'python' version : 3.24.1.11916 has not been found on the update center.
2025.10.24 01:35:37 INFO  web[AZoT2aiJMZXN+/fEAAAb][o.s.u.c.UpdateCenter] The plugin 'ruby' version : 1.11.0.3905 has not been found on the update center.
2025.10.24 01:35:37 INFO  web[AZoT2aiJMZXN+/fEAAAb][o.s.u.c.UpdateCenter] The plugin 'sonarscala' version : 1.11.0.3905 has not been found on the update center.
2025.10.24 01:35:37 INFO  web[AZoT2aiJMZXN+/fEAAAb][o.s.u.c.UpdateCenter] The plugin 'text' version : 2.0.2.1090 has not been found on the update center.
2025.10.24 01:35:37 INFO  web[AZoT2aiJMZXN+/fEAAAb][o.s.u.c.UpdateCenter] The plugin 'vbnet' version : 8.51.0.59060 has not been found on the update center.
2025.10.24 01:35:37 INFO  web[AZoT2aiJMZXN+/fEAAAb][o.s.u.c.UpdateCenter] The plugin 'web' version : 3.7.1.3306 has not been found on the update center.
2025.10.24 01:35:37 INFO  web[AZoT2aiJMZXN+/fEAAAb][o.s.u.c.UpdateCenter] The plugin 'xml' version : 2.7.0.3820 has not been found on the update center.
2025.10.24 01:35:37 INFO  web[AZoT2aiJMZXN+/fEAAAb][o.s.u.c.UpdateCenter] The plugin 'config' version : 1.2.0.267 has not been found on the update center.
2025.10.24 01:35:37 INFO  web[AZoT2aiJMZXN+/fEAAAb][o.s.u.c.UpdateCenter] The plugin 'csharp' version : 8.51.0.59060 has not been found on the update center.
2025.10.24 01:35:37 INFO  web[AZoT2aiJMZXN+/fEAAAb][o.s.u.c.UpdateCenter] The plugin 'flex' version : 2.8.0.3166 has not been found on the update center.
2025.10.24 01:35:37 INFO  web[AZoT2aiJMZXN+/fEAAAb][o.s.u.c.UpdateCenter] The plugin 'go' version : 1.11.0.3905 has not been found on the update center.
2025.10.24 01:35:37 INFO  web[AZoT2aiJMZXN+/fEAAAb][o.s.u.c.UpdateCenter] The plugin 'iac' version : 1.11.0.2847 has not been found on the update center.
2025.10.24 01:35:37 INFO  web[AZoT2aiJMZXN+/fEAAAb][o.s.u.c.UpdateCenter] The plugin 'jacoco' version : 1.3.0.1538 has not been found on the update center.
2025.10.24 01:35:37 INFO  web[AZoT2aiJMZXN+/fEAAAb][o.s.u.c.UpdateCenter] The plugin 'java' version : 7.16.0.30901 has not been found on the update center.
2025.10.24 01:35:37 INFO  web[AZoT2aiJMZXN+/fEAAAb][o.s.u.c.UpdateCenter] The plugin 'javascript' version : 9.13.0.20537 has not been found on the update center.
2025.10.24 01:35:37 INFO  web[AZoT2aiJMZXN+/fEAAAb][o.s.u.c.UpdateCenter] The plugin 'kotlin' version : 2.12.0.1956 has not been found on the update center.
2025.10.24 01:35:37 INFO  web[AZoT2aiJMZXN+/fEAAAb][o.s.u.c.UpdateCenter] The plugin 'php' version : 3.27.1.9352 has not been found on the update center.
2025.10.24 01:35:37 INFO  web[AZoT2aiJMZXN+/fEAAAb][o.s.u.c.UpdateCenter] The plugin 'python' version : 3.24.1.11916 has not been found on the update center.
2025.10.24 01:35:37 INFO  web[AZoT2aiJMZXN+/fEAAAb][o.s.u.c.UpdateCenter] The plugin 'ruby' version : 1.11.0.3905 has not been found on the update center.
2025.10.24 01:35:37 INFO  web[AZoT2aiJMZXN+/fEAAAb][o.s.u.c.UpdateCenter] The plugin 'sonarscala' version : 1.11.0.3905 has not been found on the update center.
2025.10.24 01:35:37 INFO  web[AZoT2aiJMZXN+/fEAAAb][o.s.u.c.UpdateCenter] The plugin 'text' version : 2.0.2.1090 has not been found on the update center.
2025.10.24 01:35:37 INFO  web[AZoT2aiJMZXN+/fEAAAb][o.s.u.c.UpdateCenter] The plugin 'vbnet' version : 8.51.0.59060 has not been found on the update center.
2025.10.24 01:35:37 INFO  web[AZoT2aiJMZXN+/fEAAAb][o.s.u.c.UpdateCenter] The plugin 'web' version : 3.7.1.3306 has not been found on the update center.
2025.10.24 01:35:37 INFO  web[AZoT2aiJMZXN+/fEAAAb][o.s.u.c.UpdateCenter] The plugin 'xml' version : 2.7.0.3820 has not been found on the update center.
2025.10.24 01:35:37 INFO  web[AZoT2aiJMZXN+/fEAAAb][o.s.u.c.UpdateCenter] The plugin 'config' version : 1.2.0.267 has not been found on the update center.
2025.10.24 01:35:37 INFO  web[AZoT2aiJMZXN+/fEAAAb][o.s.u.c.UpdateCenter] The plugin 'csharp' version : 8.51.0.59060 has not been found on the update center.
2025.10.24 01:35:37 INFO  web[AZoT2aiJMZXN+/fEAAAb][o.s.u.c.UpdateCenter] The plugin 'flex' version : 2.8.0.3166 has not been found on the update center.
2025.10.24 01:35:37 INFO  web[AZoT2aiJMZXN+/fEAAAb][o.s.u.c.UpdateCenter] The plugin 'go' version : 1.11.0.3905 has not been found on the update center.
2025.10.24 01:35:37 INFO  web[AZoT2aiJMZXN+/fEAAAb][o.s.u.c.UpdateCenter] The plugin 'iac' version : 1.11.0.2847 has not been found on the update center.
2025.10.24 01:35:37 INFO  web[AZoT2aiJMZXN+/fEAAAb][o.s.u.c.UpdateCenter] The plugin 'jacoco' version : 1.3.0.1538 has not been found on the update center.
2025.10.24 01:35:37 INFO  web[AZoT2aiJMZXN+/fEAAAb][o.s.u.c.UpdateCenter] The plugin 'java' version : 7.16.0.30901 has not been found on the update center.
2025.10.24 01:35:37 INFO  web[AZoT2aiJMZXN+/fEAAAb][o.s.u.c.UpdateCenter] The plugin 'javascript' version : 9.13.0.20537 has not been found on the update center.
2025.10.24 01:35:37 INFO  web[AZoT2aiJMZXN+/fEAAAb][o.s.u.c.UpdateCenter] The plugin 'kotlin' version : 2.12.0.1956 has not been found on the update center.
2025.10.24 01:35:37 INFO  web[AZoT2aiJMZXN+/fEAAAb][o.s.u.c.UpdateCenter] The plugin 'php' version : 3.27.1.9352 has not been found on the update center.
2025.10.24 01:35:37 INFO  web[AZoT2aiJMZXN+/fEAAAb][o.s.u.c.UpdateCenter] The plugin 'python' version : 3.24.1.11916 has not been found on the update center.
2025.10.24 01:35:37 INFO  web[AZoT2aiJMZXN+/fEAAAb][o.s.u.c.UpdateCenter] The plugin 'ruby' version : 1.11.0.3905 has not been found on the update center.
2025.10.24 01:35:37 INFO  web[AZoT2aiJMZXN+/fEAAAb][o.s.u.c.UpdateCenter] The plugin 'sonarscala' version : 1.11.0.3905 has not been found on the update center.
2025.10.24 01:35:37 INFO  web[AZoT2aiJMZXN+/fEAAAb][o.s.u.c.UpdateCenter] The plugin 'text' version : 2.0.2.1090 has not been found on the update center.
2025.10.24 01:35:37 INFO  web[AZoT2aiJMZXN+/fEAAAb][o.s.u.c.UpdateCenter] The plugin 'vbnet' version : 8.51.0.59060 has not been found on the update center.
2025.10.24 01:35:37 INFO  web[AZoT2aiJMZXN+/fEAAAb][o.s.u.c.UpdateCenter] The plugin 'web' version : 3.7.1.3306 has not been found on the update center.
2025.10.24 01:35:37 INFO  web[AZoT2aiJMZXN+/fEAAAb][o.s.u.c.UpdateCenter] The plugin 'xml' version : 2.7.0.3820 has not been found on the update center.
2025.10.24 01:35:37 INFO  web[AZoT2aiJMZXN+/fEAAAb][o.s.u.c.UpdateCenter] The plugin 'config' version : 1.2.0.267 has not been found on the update center.
2025.10.24 01:35:37 INFO  web[AZoT2aiJMZXN+/fEAAAb][o.s.u.c.UpdateCenter] The plugin 'csharp' version : 8.51.0.59060 has not been found on the update center.
2025.10.24 01:35:37 INFO  web[AZoT2aiJMZXN+/fEAAAb][o.s.u.c.UpdateCenter] The plugin 'flex' version : 2.8.0.3166 has not been found on the update center.
2025.10.24 01:35:37 INFO  web[AZoT2aiJMZXN+/fEAAAb][o.s.u.c.UpdateCenter] The plugin 'go' version : 1.11.0.3905 has not been found on the update center.
2025.10.24 01:35:37 INFO  web[AZoT2aiJMZXN+/fEAAAb][o.s.u.c.UpdateCenter] The plugin 'iac' version : 1.11.0.2847 has not been found on the update center.
2025.10.24 01:35:37 INFO  web[AZoT2aiJMZXN+/fEAAAb][o.s.u.c.UpdateCenter] The plugin 'jacoco' version : 1.3.0.1538 has not been found on the update center.
2025.10.24 01:35:37 INFO  web[AZoT2aiJMZXN+/fEAAAb][o.s.u.c.UpdateCenter] The plugin 'java' version : 7.16.0.30901 has not been found on the update center.
2025.10.24 01:35:37 INFO  web[AZoT2aiJMZXN+/fEAAAb][o.s.u.c.UpdateCenter] The plugin 'javascript' version : 9.13.0.20537 has not been found on the update center.
2025.10.24 01:35:37 INFO  web[AZoT2aiJMZXN+/fEAAAb][o.s.u.c.UpdateCenter] The plugin 'kotlin' version : 2.12.0.1956 has not been found on the update center.
2025.10.24 01:35:37 INFO  web[AZoT2aiJMZXN+/fEAAAb][o.s.u.c.UpdateCenter] The plugin 'php' version : 3.27.1.9352 has not been found on the update center.
2025.10.24 01:35:37 INFO  web[AZoT2aiJMZXN+/fEAAAb][o.s.u.c.UpdateCenter] The plugin 'python' version : 3.24.1.11916 has not been found on the update center.
2025.10.24 01:35:37 INFO  web[AZoT2aiJMZXN+/fEAAAb][o.s.u.c.UpdateCenter] The plugin 'ruby' version : 1.11.0.3905 has not been found on the update center.
2025.10.24 01:35:37 INFO  web[AZoT2aiJMZXN+/fEAAAb][o.s.u.c.UpdateCenter] The plugin 'sonarscala' version : 1.11.0.3905 has not been found on the update center.
2025.10.24 01:35:37 INFO  web[AZoT2aiJMZXN+/fEAAAb][o.s.u.c.UpdateCenter] The plugin 'text' version : 2.0.2.1090 has not been found on the update center.
2025.10.24 01:35:37 INFO  web[AZoT2aiJMZXN+/fEAAAb][o.s.u.c.UpdateCenter] The plugin 'vbnet' version : 8.51.0.59060 has not been found on the update center.
2025.10.24 01:35:37 INFO  web[AZoT2aiJMZXN+/fEAAAb][o.s.u.c.UpdateCenter] The plugin 'web' version : 3.7.1.3306 has not been found on the update center.
2025.10.24 01:35:37 INFO  web[AZoT2aiJMZXN+/fEAAAb][o.s.u.c.UpdateCenter] The plugin 'xml' version : 2.7.0.3820 has not been found on the update center.
2025.10.24 01:35:37 INFO  web[AZoT2aiJMZXN+/fEAAAb][o.s.u.c.UpdateCenter] The plugin 'config' version : 1.2.0.267 has not been found on the update center.
2025.10.24 01:35:37 INFO  web[AZoT2aiJMZXN+/fEAAAb][o.s.u.c.UpdateCenter] The plugin 'csharp' version : 8.51.0.59060 has not been found on the update center.
2025.10.24 01:35:37 INFO  web[AZoT2aiJMZXN+/fEAAAb][o.s.u.c.UpdateCenter] The plugin 'flex' version : 2.8.0.3166 has not been found on the update center.
2025.10.24 01:35:37 INFO  web[AZoT2aiJMZXN+/fEAAAb][o.s.u.c.UpdateCenter] The plugin 'go' version : 1.11.0.3905 has not been found on the update center.
2025.10.24 01:35:37 INFO  web[AZoT2aiJMZXN+/fEAAAb][o.s.u.c.UpdateCenter] The plugin 'iac' version : 1.11.0.2847 has not been found on the update center.
2025.10.24 01:35:37 INFO  web[AZoT2aiJMZXN+/fEAAAb][o.s.u.c.UpdateCenter] The plugin 'jacoco' version : 1.3.0.1538 has not been found on the update center.
2025.10.24 01:35:37 INFO  web[AZoT2aiJMZXN+/fEAAAb][o.s.u.c.UpdateCenter] The plugin 'java' version : 7.16.0.30901 has not been found on the update center.
2025.10.24 01:35:37 INFO  web[AZoT2aiJMZXN+/fEAAAb][o.s.u.c.UpdateCenter] The plugin 'javascript' version : 9.13.0.20537 has not been found on the update center.
2025.10.24 01:35:37 INFO  web[AZoT2aiJMZXN+/fEAAAb][o.s.u.c.UpdateCenter] The plugin 'kotlin' version : 2.12.0.1956 has not been found on the update center.
2025.10.24 01:35:37 INFO  web[AZoT2aiJMZXN+/fEAAAb][o.s.u.c.UpdateCenter] The plugin 'php' version : 3.27.1.9352 has not been found on the update center.
2025.10.24 01:35:37 INFO  web[AZoT2aiJMZXN+/fEAAAb][o.s.u.c.UpdateCenter] The plugin 'python' version : 3.24.1.11916 has not been found on the update center.
2025.10.24 01:35:37 INFO  web[AZoT2aiJMZXN+/fEAAAb][o.s.u.c.UpdateCenter] The plugin 'ruby' version : 1.11.0.3905 has not been found on the update center.
2025.10.24 01:35:37 INFO  web[AZoT2aiJMZXN+/fEAAAb][o.s.u.c.UpdateCenter] The plugin 'sonarscala' version : 1.11.0.3905 has not been found on the update center.
2025.10.24 01:35:37 INFO  web[AZoT2aiJMZXN+/fEAAAb][o.s.u.c.UpdateCenter] The plugin 'text' version : 2.0.2.1090 has not been found on the update center.
2025.10.24 01:35:37 INFO  web[AZoT2aiJMZXN+/fEAAAb][o.s.u.c.UpdateCenter] The plugin 'vbnet' version : 8.51.0.59060 has not been found on the update center.
2025.10.24 01:35:37 INFO  web[AZoT2aiJMZXN+/fEAAAb][o.s.u.c.UpdateCenter] The plugin 'web' version : 3.7.1.3306 has not been found on the update center.
2025.10.24 01:35:37 INFO  web[AZoT2aiJMZXN+/fEAAAb][o.s.u.c.UpdateCenter] The plugin 'xml' version : 2.7.0.3820 has not been found on the update center.
2025.10.24 01:35:37 INFO  web[AZoT2aiJMZXN+/fEAAAb][o.s.u.c.UpdateCenter] The plugin 'config' version : 1.2.0.267 has not been found on the update center.
2025.10.24 01:35:37 INFO  web[AZoT2aiJMZXN+/fEAAAb][o.s.u.c.UpdateCenter] The plugin 'csharp' version : 8.51.0.59060 has not been found on the update center.
2025.10.24 01:35:37 INFO  web[AZoT2aiJMZXN+/fEAAAb][o.s.u.c.UpdateCenter] The plugin 'flex' version : 2.8.0.3166 has not been found on the update center.
2025.10.24 01:35:37 INFO  web[AZoT2aiJMZXN+/fEAAAb][o.s.u.c.UpdateCenter] The plugin 'go' version : 1.11.0.3905 has not been found on the update center.
2025.10.24 01:35:37 INFO  web[AZoT2aiJMZXN+/fEAAAb][o.s.u.c.UpdateCenter] The plugin 'iac' version : 1.11.0.2847 has not been found on the update center.
2025.10.24 01:35:37 INFO  web[AZoT2aiJMZXN+/fEAAAb][o.s.u.c.UpdateCenter] The plugin 'jacoco' version : 1.3.0.1538 has not been found on the update center.
2025.10.24 01:35:37 INFO  web[AZoT2aiJMZXN+/fEAAAb][o.s.u.c.UpdateCenter] The plugin 'java' version : 7.16.0.30901 has not been found on the update center.
2025.10.24 01:35:37 INFO  web[AZoT2aiJMZXN+/fEAAAb][o.s.u.c.UpdateCenter] The plugin 'javascript' version : 9.13.0.20537 has not been found on the update center.
2025.10.24 01:35:37 INFO  web[AZoT2aiJMZXN+/fEAAAb][o.s.u.c.UpdateCenter] The plugin 'kotlin' version : 2.12.0.1956 has not been found on the update center.
2025.10.24 01:35:37 INFO  web[AZoT2aiJMZXN+/fEAAAb][o.s.u.c.UpdateCenter] The plugin 'php' version : 3.27.1.9352 has not been found on the update center.
2025.10.24 01:35:37 INFO  web[AZoT2aiJMZXN+/fEAAAb][o.s.u.c.UpdateCenter] The plugin 'python' version : 3.24.1.11916 has not been found on the update center.
2025.10.24 01:35:37 INFO  web[AZoT2aiJMZXN+/fEAAAb][o.s.u.c.UpdateCenter] The plugin 'ruby' version : 1.11.0.3905 has not been found on the update center.
2025.10.24 01:35:37 INFO  web[AZoT2aiJMZXN+/fEAAAb][o.s.u.c.UpdateCenter] The plugin 'sonarscala' version : 1.11.0.3905 has not been found on the update center.
2025.10.24 01:35:37 INFO  web[AZoT2aiJMZXN+/fEAAAb][o.s.u.c.UpdateCenter] The plugin 'text' version : 2.0.2.1090 has not been found on the update center.
2025.10.24 01:35:37 INFO  web[AZoT2aiJMZXN+/fEAAAb][o.s.u.c.UpdateCenter] The plugin 'vbnet' version : 8.51.0.59060 has not been found on the update center.
2025.10.24 01:35:37 INFO  web[AZoT2aiJMZXN+/fEAAAb][o.s.u.c.UpdateCenter] The plugin 'web' version : 3.7.1.3306 has not been found on the update center.
2025.10.24 01:35:37 INFO  web[AZoT2aiJMZXN+/fEAAAb][o.s.u.c.UpdateCenter] The plugin 'xml' version : 2.7.0.3820 has not been found on the update center.
2025.10.24 01:35:37 INFO  web[AZoT2aiJMZXN+/fEAAAb][o.s.u.c.UpdateCenter] The plugin 'config' version : 1.2.0.267 has not been found on the update center.
2025.10.24 01:35:37 INFO  web[AZoT2aiJMZXN+/fEAAAb][o.s.u.c.UpdateCenter] The plugin 'csharp' version : 8.51.0.59060 has not been found on the update center.
2025.10.24 01:35:37 INFO  web[AZoT2aiJMZXN+/fEAAAb][o.s.u.c.UpdateCenter] The plugin 'flex' version : 2.8.0.3166 has not been found on the update center.
2025.10.24 01:35:37 INFO  web[AZoT2aiJMZXN+/fEAAAb][o.s.u.c.UpdateCenter] The plugin 'go' version : 1.11.0.3905 has not been found on the update center.
2025.10.24 01:35:37 INFO  web[AZoT2aiJMZXN+/fEAAAb][o.s.u.c.UpdateCenter] The plugin 'iac' version : 1.11.0.2847 has not been found on the update center.
2025.10.24 01:35:37 INFO  web[AZoT2aiJMZXN+/fEAAAb][o.s.u.c.UpdateCenter] The plugin 'jacoco' version : 1.3.0.1538 has not been found on the update center.
2025.10.24 01:35:37 INFO  web[AZoT2aiJMZXN+/fEAAAb][o.s.u.c.UpdateCenter] The plugin 'java' version : 7.16.0.30901 has not been found on the update center.
2025.10.24 01:35:37 INFO  web[AZoT2aiJMZXN+/fEAAAb][o.s.u.c.UpdateCenter] The plugin 'javascript' version : 9.13.0.20537 has not been found on the update center.
2025.10.24 01:35:37 INFO  web[AZoT2aiJMZXN+/fEAAAb][o.s.u.c.UpdateCenter] The plugin 'kotlin' version : 2.12.0.1956 has not been found on the update center.
2025.10.24 01:35:37 INFO  web[AZoT2aiJMZXN+/fEAAAb][o.s.u.c.UpdateCenter] The plugin 'php' version : 3.27.1.9352 has not been found on the update center.
2025.10.24 01:35:37 INFO  web[AZoT2aiJMZXN+/fEAAAb][o.s.u.c.UpdateCenter] The plugin 'python' version : 3.24.1.11916 has not been found on the update center.
2025.10.24 01:35:37 INFO  web[AZoT2aiJMZXN+/fEAAAb][o.s.u.c.UpdateCenter] The plugin 'ruby' version : 1.11.0.3905 has not been found on the update center.
2025.10.24 01:35:37 INFO  web[AZoT2aiJMZXN+/fEAAAb][o.s.u.c.UpdateCenter] The plugin 'sonarscala' version : 1.11.0.3905 has not been found on the update center.
2025.10.24 01:35:37 INFO  web[AZoT2aiJMZXN+/fEAAAb][o.s.u.c.UpdateCenter] The plugin 'text' version : 2.0.2.1090 has not been found on the update center.
2025.10.24 01:35:37 INFO  web[AZoT2aiJMZXN+/fEAAAb][o.s.u.c.UpdateCenter] The plugin 'vbnet' version : 8.51.0.59060 has not been found on the update center.
2025.10.24 01:35:37 INFO  web[AZoT2aiJMZXN+/fEAAAb][o.s.u.c.UpdateCenter] The plugin 'web' version : 3.7.1.3306 has not been found on the update center.
2025.10.24 01:35:37 INFO  web[AZoT2aiJMZXN+/fEAAAb][o.s.u.c.UpdateCenter] The plugin 'xml' version : 2.7.0.3820 has not been found on the update center.
2025.10.24 01:35:37 INFO  web[AZoT2aiJMZXN+/fEAAAb][o.s.u.c.UpdateCenter] The plugin 'config' version : 1.2.0.267 has not been found on the update center.
2025.10.24 01:35:37 INFO  web[AZoT2aiJMZXN+/fEAAAb][o.s.u.c.UpdateCenter] The plugin 'csharp' version : 8.51.0.59060 has not been found on the update center.
2025.10.24 01:35:37 INFO  web[AZoT2aiJMZXN+/fEAAAb][o.s.u.c.UpdateCenter] The plugin 'flex' version : 2.8.0.3166 has not been found on the update center.
2025.10.24 01:35:37 INFO  web[AZoT2aiJMZXN+/fEAAAb][o.s.u.c.UpdateCenter] The plugin 'go' version : 1.11.0.3905 has not been found on the update center.
2025.10.24 01:35:37 INFO  web[AZoT2aiJMZXN+/fEAAAb][o.s.u.c.UpdateCenter] The plugin 'iac' version : 1.11.0.2847 has not been found on the update center.
2025.10.24 01:35:37 INFO  web[AZoT2aiJMZXN+/fEAAAb][o.s.u.c.UpdateCenter] The plugin 'jacoco' version : 1.3.0.1538 has not been found on the update center.
2025.10.24 01:35:37 INFO  web[AZoT2aiJMZXN+/fEAAAb][o.s.u.c.UpdateCenter] The plugin 'java' version : 7.16.0.30901 has not been found on the update center.
2025.10.24 01:35:37 INFO  web[AZoT2aiJMZXN+/fEAAAb][o.s.u.c.UpdateCenter] The plugin 'javascript' version : 9.13.0.20537 has not been found on the update center.
2025.10.24 01:35:37 INFO  web[AZoT2aiJMZXN+/fEAAAb][o.s.u.c.UpdateCenter] The plugin 'kotlin' version : 2.12.0.1956 has not been found on the update center.
2025.10.24 01:35:37 INFO  web[AZoT2aiJMZXN+/fEAAAb][o.s.u.c.UpdateCenter] The plugin 'php' version : 3.27.1.9352 has not been found on the update center.
2025.10.24 01:35:37 INFO  web[AZoT2aiJMZXN+/fEAAAb][o.s.u.c.UpdateCenter] The plugin 'python' version : 3.24.1.11916 has not been found on the update center.
2025.10.24 01:35:37 INFO  web[AZoT2aiJMZXN+/fEAAAb][o.s.u.c.UpdateCenter] The plugin 'ruby' version : 1.11.0.3905 has not been found on the update center.
2025.10.24 01:35:37 INFO  web[AZoT2aiJMZXN+/fEAAAb][o.s.u.c.UpdateCenter] The plugin 'sonarscala' version : 1.11.0.3905 has not been found on the update center.
2025.10.24 01:35:37 INFO  web[AZoT2aiJMZXN+/fEAAAb][o.s.u.c.UpdateCenter] The plugin 'text' version : 2.0.2.1090 has not been found on the update center.
2025.10.24 01:35:37 INFO  web[AZoT2aiJMZXN+/fEAAAb][o.s.u.c.UpdateCenter] The plugin 'vbnet' version : 8.51.0.59060 has not been found on the update center.
2025.10.24 01:35:37 INFO  web[AZoT2aiJMZXN+/fEAAAb][o.s.u.c.UpdateCenter] The plugin 'web' version : 3.7.1.3306 has not been found on the update center.
2025.10.24 01:35:37 INFO  web[AZoT2aiJMZXN+/fEAAAb][o.s.u.c.UpdateCenter] The plugin 'xml' version : 2.7.0.3820 has not been found on the update center.
2025.10.24 01:35:37 INFO  web[AZoT2aiJMZXN+/fEAAAb][o.s.u.c.UpdateCenter] The plugin 'config' version : 1.2.0.267 has not been found on the update center.
2025.10.24 01:35:37 INFO  web[AZoT2aiJMZXN+/fEAAAb][o.s.u.c.UpdateCenter] The plugin 'csharp' version : 8.51.0.59060 has not been found on the update center.
2025.10.24 01:35:37 INFO  web[AZoT2aiJMZXN+/fEAAAb][o.s.u.c.UpdateCenter] The plugin 'flex' version : 2.8.0.3166 has not been found on the update center.
2025.10.24 01:35:37 INFO  web[AZoT2aiJMZXN+/fEAAAb][o.s.u.c.UpdateCenter] The plugin 'go' version : 1.11.0.3905 has not been found on the update center.
2025.10.24 01:35:37 INFO  web[AZoT2aiJMZXN+/fEAAAb][o.s.u.c.UpdateCenter] The plugin 'iac' version : 1.11.0.2847 has not been found on the update center.
2025.10.24 01:35:37 INFO  web[AZoT2aiJMZXN+/fEAAAb][o.s.u.c.UpdateCenter] The plugin 'jacoco' version : 1.3.0.1538 has not been found on the update center.
2025.10.24 01:35:37 INFO  web[AZoT2aiJMZXN+/fEAAAb][o.s.u.c.UpdateCenter] The plugin 'java' version : 7.16.0.30901 has not been found on the update center.
2025.10.24 01:35:37 INFO  web[AZoT2aiJMZXN+/fEAAAb][o.s.u.c.UpdateCenter] The plugin 'javascript' version : 9.13.0.20537 has not been found on the update center.
2025.10.24 01:35:37 INFO  web[AZoT2aiJMZXN+/fEAAAb][o.s.u.c.UpdateCenter] The plugin 'kotlin' version : 2.12.0.1956 has not been found on the update center.
2025.10.24 01:35:37 INFO  web[AZoT2aiJMZXN+/fEAAAb][o.s.u.c.UpdateCenter] The plugin 'php' version : 3.27.1.9352 has not been found on the update center.
2025.10.24 01:35:37 INFO  web[AZoT2aiJMZXN+/fEAAAb][o.s.u.c.UpdateCenter] The plugin 'python' version : 3.24.1.11916 has not been found on the update center.
2025.10.24 01:35:37 INFO  web[AZoT2aiJMZXN+/fEAAAb][o.s.u.c.UpdateCenter] The plugin 'ruby' version : 1.11.0.3905 has not been found on the update center.
2025.10.24 01:35:37 INFO  web[AZoT2aiJMZXN+/fEAAAb][o.s.u.c.UpdateCenter] The plugin 'sonarscala' version : 1.11.0.3905 has not been found on the update center.
2025.10.24 01:35:37 INFO  web[AZoT2aiJMZXN+/fEAAAb][o.s.u.c.UpdateCenter] The plugin 'text' version : 2.0.2.1090 has not been found on the update center.
2025.10.24 01:35:37 INFO  web[AZoT2aiJMZXN+/fEAAAb][o.s.u.c.UpdateCenter] The plugin 'vbnet' version : 8.51.0.59060 has not been found on the update center.
2025.10.24 01:35:37 INFO  web[AZoT2aiJMZXN+/fEAAAb][o.s.u.c.UpdateCenter] The plugin 'web' version : 3.7.1.3306 has not been found on the update center.
2025.10.24 01:35:37 INFO  web[AZoT2aiJMZXN+/fEAAAb][o.s.u.c.UpdateCenter] The plugin 'xml' version : 2.7.0.3820 has not been found on the update center.
2025.10.24 01:35:37 INFO  web[AZoT2aiJMZXN+/fEAAAb][o.s.u.c.UpdateCenter] The plugin 'config' version : 1.2.0.267 has not been found on the update center.
2025.10.24 01:35:37 INFO  web[AZoT2aiJMZXN+/fEAAAb][o.s.u.c.UpdateCenter] The plugin 'csharp' version : 8.51.0.59060 has not been found on the update center.
2025.10.24 01:35:37 INFO  web[AZoT2aiJMZXN+/fEAAAb][o.s.u.c.UpdateCenter] The plugin 'flex' version : 2.8.0.3166 has not been found on the update center.
2025.10.24 01:35:37 INFO  web[AZoT2aiJMZXN+/fEAAAb][o.s.u.c.UpdateCenter] The plugin 'go' version : 1.11.0.3905 has not been found on the update center.
2025.10.24 01:35:37 INFO  web[AZoT2aiJMZXN+/fEAAAb][o.s.u.c.UpdateCenter] The plugin 'iac' version : 1.11.0.2847 has not been found on the update center.
2025.10.24 01:35:37 INFO  web[AZoT2aiJMZXN+/fEAAAb][o.s.u.c.UpdateCenter] The plugin 'jacoco' version : 1.3.0.1538 has not been found on the update center.
2025.10.24 01:35:37 INFO  web[AZoT2aiJMZXN+/fEAAAb][o.s.u.c.UpdateCenter] The plugin 'java' version : 7.16.0.30901 has not been found on the update center.
2025.10.24 01:35:37 INFO  web[AZoT2aiJMZXN+/fEAAAb][o.s.u.c.UpdateCenter] The plugin 'javascript' version : 9.13.0.20537 has not been found on the update center.
2025.10.24 01:35:37 INFO  web[AZoT2aiJMZXN+/fEAAAb][o.s.u.c.UpdateCenter] The plugin 'kotlin' version : 2.12.0.1956 has not been found on the update center.
2025.10.24 01:35:37 INFO  web[AZoT2aiJMZXN+/fEAAAb][o.s.u.c.UpdateCenter] The plugin 'php' version : 3.27.1.9352 has not been found on the update center.
2025.10.24 01:35:37 INFO  web[AZoT2aiJMZXN+/fEAAAb][o.s.u.c.UpdateCenter] The plugin 'python' version : 3.24.1.11916 has not been found on the update center.
2025.10.24 01:35:37 INFO  web[AZoT2aiJMZXN+/fEAAAb][o.s.u.c.UpdateCenter] The plugin 'ruby' version : 1.11.0.3905 has not been found on the update center.
2025.10.24 01:35:37 INFO  web[AZoT2aiJMZXN+/fEAAAb][o.s.u.c.UpdateCenter] The plugin 'sonarscala' version : 1.11.0.3905 has not been found on the update center.
2025.10.24 01:35:37 INFO  web[AZoT2aiJMZXN+/fEAAAb][o.s.u.c.UpdateCenter] The plugin 'text' version : 2.0.2.1090 has not been found on the update center.
2025.10.24 01:35:37 INFO  web[AZoT2aiJMZXN+/fEAAAb][o.s.u.c.UpdateCenter] The plugin 'vbnet' version : 8.51.0.59060 has not been found on the update center.
2025.10.24 01:35:37 INFO  web[AZoT2aiJMZXN+/fEAAAb][o.s.u.c.UpdateCenter] The plugin 'web' version : 3.7.1.3306 has not been found on the update center.
2025.10.24 01:35:37 INFO  web[AZoT2aiJMZXN+/fEAAAb][o.s.u.c.UpdateCenter] The plugin 'xml' version : 2.7.0.3820 has not been found on the update center.
2025.10.24 01:35:37 INFO  web[AZoT2aiJMZXN+/fEAAAb][o.s.u.c.UpdateCenter] The plugin 'config' version : 1.2.0.267 has not been found on the update center.
2025.10.24 01:35:37 INFO  web[AZoT2aiJMZXN+/fEAAAb][o.s.u.c.UpdateCenter] The plugin 'csharp' version : 8.51.0.59060 has not been found on the update center.
2025.10.24 01:35:37 INFO  web[AZoT2aiJMZXN+/fEAAAb][o.s.u.c.UpdateCenter] The plugin 'flex' version : 2.8.0.3166 has not been found on the update center.
2025.10.24 01:35:37 INFO  web[AZoT2aiJMZXN+/fEAAAb][o.s.u.c.UpdateCenter] The plugin 'go' version : 1.11.0.3905 has not been found on the update center.
2025.10.24 01:35:37 INFO  web[AZoT2aiJMZXN+/fEAAAb][o.s.u.c.UpdateCenter] The plugin 'iac' version : 1.11.0.2847 has not been found on the update center.
2025.10.24 01:35:37 INFO  web[AZoT2aiJMZXN+/fEAAAb][o.s.u.c.UpdateCenter] The plugin 'jacoco' version : 1.3.0.1538 has not been found on the update center.
2025.10.24 01:35:37 INFO  web[AZoT2aiJMZXN+/fEAAAb][o.s.u.c.UpdateCenter] The plugin 'java' version : 7.16.0.30901 has not been found on the update center.
2025.10.24 01:35:37 INFO  web[AZoT2aiJMZXN+/fEAAAb][o.s.u.c.UpdateCenter] The plugin 'javascript' version : 9.13.0.20537 has not been found on the update center.
2025.10.24 01:35:37 INFO  web[AZoT2aiJMZXN+/fEAAAb][o.s.u.c.UpdateCenter] The plugin 'kotlin' version : 2.12.0.1956 has not been found on the update center.
2025.10.24 01:35:37 INFO  web[AZoT2aiJMZXN+/fEAAAb][o.s.u.c.UpdateCenter] The plugin 'php' version : 3.27.1.9352 has not been found on the update center.
2025.10.24 01:35:37 INFO  web[AZoT2aiJMZXN+/fEAAAb][o.s.u.c.UpdateCenter] The plugin 'python' version : 3.24.1.11916 has not been found on the update center.
2025.10.24 01:35:37 INFO  web[AZoT2aiJMZXN+/fEAAAb][o.s.u.c.UpdateCenter] The plugin 'ruby' version : 1.11.0.3905 has not been found on the update center.
2025.10.24 01:35:37 INFO  web[AZoT2aiJMZXN+/fEAAAb][o.s.u.c.UpdateCenter] The plugin 'sonarscala' version : 1.11.0.3905 has not been found on the update center.
2025.10.24 01:35:37 INFO  web[AZoT2aiJMZXN+/fEAAAb][o.s.u.c.UpdateCenter] The plugin 'text' version : 2.0.2.1090 has not been found on the update center.
2025.10.24 01:35:37 INFO  web[AZoT2aiJMZXN+/fEAAAb][o.s.u.c.UpdateCenter] The plugin 'vbnet' version : 8.51.0.59060 has not been found on the update center.
2025.10.24 01:35:37 INFO  web[AZoT2aiJMZXN+/fEAAAb][o.s.u.c.UpdateCenter] The plugin 'web' version : 3.7.1.3306 has not been found on the update center.
2025.10.24 01:35:37 INFO  web[AZoT2aiJMZXN+/fEAAAb][o.s.u.c.UpdateCenter] The plugin 'xml' version : 2.7.0.3820 has not been found on the update center.
2025.10.24 01:35:37 INFO  web[AZoT2aiJMZXN+/fEAAAb][o.s.u.c.UpdateCenter] The plugin 'config' version : 1.2.0.267 has not been found on the update center.
2025.10.24 01:35:37 INFO  web[AZoT2aiJMZXN+/fEAAAb][o.s.u.c.UpdateCenter] The plugin 'csharp' version : 8.51.0.59060 has not been found on the update center.
2025.10.24 01:35:37 INFO  web[AZoT2aiJMZXN+/fEAAAb][o.s.u.c.UpdateCenter] The plugin 'flex' version : 2.8.0.3166 has not been found on the update center.
2025.10.24 01:35:37 INFO  web[AZoT2aiJMZXN+/fEAAAb][o.s.u.c.UpdateCenter] The plugin 'go' version : 1.11.0.3905 has not been found on the update center.
2025.10.24 01:35:37 INFO  web[AZoT2aiJMZXN+/fEAAAb][o.s.u.c.UpdateCenter] The plugin 'iac' version : 1.11.0.2847 has not been found on the update center.
2025.10.24 01:35:37 INFO  web[AZoT2aiJMZXN+/fEAAAb][o.s.u.c.UpdateCenter] The plugin 'jacoco' version : 1.3.0.1538 has not been found on the update center.
2025.10.24 01:35:37 INFO  web[AZoT2aiJMZXN+/fEAAAb][o.s.u.c.UpdateCenter] The plugin 'java' version : 7.16.0.30901 has not been found on the update center.
2025.10.24 01:35:37 INFO  web[AZoT2aiJMZXN+/fEAAAb][o.s.u.c.UpdateCenter] The plugin 'javascript' version : 9.13.0.20537 has not been found on the update center.
2025.10.24 01:35:37 INFO  web[AZoT2aiJMZXN+/fEAAAb][o.s.u.c.UpdateCenter] The plugin 'kotlin' version : 2.12.0.1956 has not been found on the update center.
2025.10.24 01:35:37 INFO  web[AZoT2aiJMZXN+/fEAAAb][o.s.u.c.UpdateCenter] The plugin 'php' version : 3.27.1.9352 has not been found on the update center.
2025.10.24 01:35:37 INFO  web[AZoT2aiJMZXN+/fEAAAb][o.s.u.c.UpdateCenter] The plugin 'python' version : 3.24.1.11916 has not been found on the update center.
2025.10.24 01:35:37 INFO  web[AZoT2aiJMZXN+/fEAAAb][o.s.u.c.UpdateCenter] The plugin 'ruby' version : 1.11.0.3905 has not been found on the update center.
2025.10.24 01:35:37 INFO  web[AZoT2aiJMZXN+/fEAAAb][o.s.u.c.UpdateCenter] The plugin 'sonarscala' version : 1.11.0.3905 has not been found on the update center.
2025.10.24 01:35:37 INFO  web[AZoT2aiJMZXN+/fEAAAb][o.s.u.c.UpdateCenter] The plugin 'text' version : 2.0.2.1090 has not been found on the update center.
2025.10.24 01:35:37 INFO  web[AZoT2aiJMZXN+/fEAAAb][o.s.u.c.UpdateCenter] The plugin 'vbnet' version : 8.51.0.59060 has not been found on the update center.
2025.10.24 01:35:37 INFO  web[AZoT2aiJMZXN+/fEAAAb][o.s.u.c.UpdateCenter] The plugin 'web' version : 3.7.1.3306 has not been found on the update center.
2025.10.24 01:35:37 INFO  web[AZoT2aiJMZXN+/fEAAAb][o.s.u.c.UpdateCenter] The plugin 'xml' version : 2.7.0.3820 has not been found on the update center.
2025.10.24 01:44:14 INFO  web[AZoT2aiJMZXN+/fEAAB0][o.s.u.c.UpdateCenter] The plugin 'config' version : 1.2.0.267 has not been found on the update center.
2025.10.24 01:44:14 INFO  web[AZoT2aiJMZXN+/fEAAB0][o.s.u.c.UpdateCenter] The plugin 'csharp' version : 8.51.0.59060 has not been found on the update center.
2025.10.24 01:44:14 INFO  web[AZoT2aiJMZXN+/fEAAB0][o.s.u.c.UpdateCenter] The plugin 'flex' version : 2.8.0.3166 has not been found on the update center.
2025.10.24 01:44:14 INFO  web[AZoT2aiJMZXN+/fEAAB0][o.s.u.c.UpdateCenter] The plugin 'go' version : 1.11.0.3905 has not been found on the update center.
2025.10.24 01:44:14 INFO  web[AZoT2aiJMZXN+/fEAAB0][o.s.u.c.UpdateCenter] The plugin 'iac' version : 1.11.0.2847 has not been found on the update center.
2025.10.24 01:44:14 INFO  web[AZoT2aiJMZXN+/fEAAB0][o.s.u.c.UpdateCenter] The plugin 'jacoco' version : 1.3.0.1538 has not been found on the update center.
2025.10.24 01:44:14 INFO  web[AZoT2aiJMZXN+/fEAAB0][o.s.u.c.UpdateCenter] The plugin 'java' version : 7.16.0.30901 has not been found on the update center.
2025.10.24 01:44:14 INFO  web[AZoT2aiJMZXN+/fEAAB0][o.s.u.c.UpdateCenter] The plugin 'javascript' version : 9.13.0.20537 has not been found on the update center.
2025.10.24 01:44:14 INFO  web[AZoT2aiJMZXN+/fEAAB0][o.s.u.c.UpdateCenter] The plugin 'kotlin' version : 2.12.0.1956 has not been found on the update center.
2025.10.24 01:44:14 INFO  web[AZoT2aiJMZXN+/fEAAB0][o.s.u.c.UpdateCenter] The plugin 'php' version : 3.27.1.9352 has not been found on the update center.
2025.10.24 01:44:14 INFO  web[AZoT2aiJMZXN+/fEAAB0][o.s.u.c.UpdateCenter] The plugin 'python' version : 3.24.1.11916 has not been found on the update center.
2025.10.24 01:44:14 INFO  web[AZoT2aiJMZXN+/fEAAB0][o.s.u.c.UpdateCenter] The plugin 'ruby' version : 1.11.0.3905 has not been found on the update center.
2025.10.24 01:44:14 INFO  web[AZoT2aiJMZXN+/fEAAB0][o.s.u.c.UpdateCenter] The plugin 'sonarscala' version : 1.11.0.3905 has not been found on the update center.
2025.10.24 01:44:14 INFO  web[AZoT2aiJMZXN+/fEAAB0][o.s.u.c.UpdateCenter] The plugin 'text' version : 2.0.2.1090 has not been found on the update center.
2025.10.24 01:44:14 INFO  web[AZoT2aiJMZXN+/fEAAB0][o.s.u.c.UpdateCenter] The plugin 'vbnet' version : 8.51.0.59060 has not been found on the update center.
2025.10.24 01:44:14 INFO  web[AZoT2aiJMZXN+/fEAAB0][o.s.u.c.UpdateCenter] The plugin 'web' version : 3.7.1.3306 has not been found on the update center.
2025.10.24 01:44:14 INFO  web[AZoT2aiJMZXN+/fEAAB0][o.s.u.c.UpdateCenter] The plugin 'xml' version : 2.7.0.3820 has not been found on the update center.
2025.10.24 01:44:14 INFO  web[AZoT2aiJMZXN+/fEAAB0][o.s.u.c.UpdateCenter] The plugin 'config' version : 1.2.0.267 has not been found on the update center.
2025.10.24 01:44:14 INFO  web[AZoT2aiJMZXN+/fEAAB0][o.s.u.c.UpdateCenter] The plugin 'csharp' version : 8.51.0.59060 has not been found on the update center.
2025.10.24 01:44:14 INFO  web[AZoT2aiJMZXN+/fEAAB0][o.s.u.c.UpdateCenter] The plugin 'flex' version : 2.8.0.3166 has not been found on the update center.
2025.10.24 01:44:14 INFO  web[AZoT2aiJMZXN+/fEAAB0][o.s.u.c.UpdateCenter] The plugin 'go' version : 1.11.0.3905 has not been found on the update center.
2025.10.24 01:44:14 INFO  web[AZoT2aiJMZXN+/fEAAB0][o.s.u.c.UpdateCenter] The plugin 'iac' version : 1.11.0.2847 has not been found on the update center.
2025.10.24 01:44:14 INFO  web[AZoT2aiJMZXN+/fEAAB0][o.s.u.c.UpdateCenter] The plugin 'jacoco' version : 1.3.0.1538 has not been found on the update center.
2025.10.24 01:44:14 INFO  web[AZoT2aiJMZXN+/fEAAB0][o.s.u.c.UpdateCenter] The plugin 'java' version : 7.16.0.30901 has not been found on the update center.
2025.10.24 01:44:14 INFO  web[AZoT2aiJMZXN+/fEAAB0][o.s.u.c.UpdateCenter] The plugin 'javascript' version : 9.13.0.20537 has not been found on the update center.
2025.10.24 01:44:14 INFO  web[AZoT2aiJMZXN+/fEAAB0][o.s.u.c.UpdateCenter] The plugin 'kotlin' version : 2.12.0.1956 has not been found on the update center.
2025.10.24 01:44:14 INFO  web[AZoT2aiJMZXN+/fEAAB0][o.s.u.c.UpdateCenter] The plugin 'php' version : 3.27.1.9352 has not been found on the update center.
2025.10.24 01:44:14 INFO  web[AZoT2aiJMZXN+/fEAAB0][o.s.u.c.UpdateCenter] The plugin 'python' version : 3.24.1.11916 has not been found on the update center.
2025.10.24 01:44:14 INFO  web[AZoT2aiJMZXN+/fEAAB0][o.s.u.c.UpdateCenter] The plugin 'ruby' version : 1.11.0.3905 has not been found on the update center.
2025.10.24 01:44:14 INFO  web[AZoT2aiJMZXN+/fEAAB0][o.s.u.c.UpdateCenter] The plugin 'sonarscala' version : 1.11.0.3905 has not been found on the update center.
2025.10.24 01:44:14 INFO  web[AZoT2aiJMZXN+/fEAAB0][o.s.u.c.UpdateCenter] The plugin 'text' version : 2.0.2.1090 has not been found on the update center.
2025.10.24 01:44:14 INFO  web[AZoT2aiJMZXN+/fEAAB0][o.s.u.c.UpdateCenter] The plugin 'vbnet' version : 8.51.0.59060 has not been found on the update center.
2025.10.24 01:44:14 INFO  web[AZoT2aiJMZXN+/fEAAB0][o.s.u.c.UpdateCenter] The plugin 'web' version : 3.7.1.3306 has not been found on the update center.
2025.10.24 01:44:14 INFO  web[AZoT2aiJMZXN+/fEAAB0][o.s.u.c.UpdateCenter] The plugin 'xml' version : 2.7.0.3820 has not been found on the update center.
2025.10.24 01:44:14 INFO  web[AZoT2aiJMZXN+/fEAAB0][o.s.u.c.UpdateCenter] The plugin 'config' version : 1.2.0.267 has not been found on the update center.
2025.10.24 01:44:14 INFO  web[AZoT2aiJMZXN+/fEAAB0][o.s.u.c.UpdateCenter] The plugin 'csharp' version : 8.51.0.59060 has not been found on the update center.
2025.10.24 01:44:14 INFO  web[AZoT2aiJMZXN+/fEAAB0][o.s.u.c.UpdateCenter] The plugin 'flex' version : 2.8.0.3166 has not been found on the update center.
2025.10.24 01:44:14 INFO  web[AZoT2aiJMZXN+/fEAAB0][o.s.u.c.UpdateCenter] The plugin 'go' version : 1.11.0.3905 has not been found on the update center.
2025.10.24 01:44:14 INFO  web[AZoT2aiJMZXN+/fEAAB0][o.s.u.c.UpdateCenter] The plugin 'iac' version : 1.11.0.2847 has not been found on the update center.
2025.10.24 01:44:14 INFO  web[AZoT2aiJMZXN+/fEAAB0][o.s.u.c.UpdateCenter] The plugin 'jacoco' version : 1.3.0.1538 has not been found on the update center.
2025.10.24 01:44:14 INFO  web[AZoT2aiJMZXN+/fEAAB0][o.s.u.c.UpdateCenter] The plugin 'java' version : 7.16.0.30901 has not been found on the update center.
2025.10.24 01:44:14 INFO  web[AZoT2aiJMZXN+/fEAAB0][o.s.u.c.UpdateCenter] The plugin 'javascript' version : 9.13.0.20537 has not been found on the update center.
2025.10.24 01:44:14 INFO  web[AZoT2aiJMZXN+/fEAAB0][o.s.u.c.UpdateCenter] The plugin 'kotlin' version : 2.12.0.1956 has not been found on the update center.
2025.10.24 01:44:14 INFO  web[AZoT2aiJMZXN+/fEAAB0][o.s.u.c.UpdateCenter] The plugin 'php' version : 3.27.1.9352 has not been found on the update center.
2025.10.24 01:44:14 INFO  web[AZoT2aiJMZXN+/fEAAB0][o.s.u.c.UpdateCenter] The plugin 'python' version : 3.24.1.11916 has not been found on the update center.
2025.10.24 01:44:14 INFO  web[AZoT2aiJMZXN+/fEAAB0][o.s.u.c.UpdateCenter] The plugin 'ruby' version : 1.11.0.3905 has not been found on the update center.
2025.10.24 01:44:14 INFO  web[AZoT2aiJMZXN+/fEAAB0][o.s.u.c.UpdateCenter] The plugin 'sonarscala' version : 1.11.0.3905 has not been found on the update center.
2025.10.24 01:44:14 INFO  web[AZoT2aiJMZXN+/fEAAB0][o.s.u.c.UpdateCenter] The plugin 'text' version : 2.0.2.1090 has not been found on the update center.
2025.10.24 01:44:14 INFO  web[AZoT2aiJMZXN+/fEAAB0][o.s.u.c.UpdateCenter] The plugin 'vbnet' version : 8.51.0.59060 has not been found on the update center.
2025.10.24 01:44:14 INFO  web[AZoT2aiJMZXN+/fEAAB0][o.s.u.c.UpdateCenter] The plugin 'web' version : 3.7.1.3306 has not been found on the update center.
2025.10.24 01:44:14 INFO  web[AZoT2aiJMZXN+/fEAAB0][o.s.u.c.UpdateCenter] The plugin 'xml' version : 2.7.0.3820 has not been found on the update center.
2025.10.24 01:44:14 INFO  web[AZoT2aiJMZXN+/fEAAB0][o.s.u.c.UpdateCenter] The plugin 'config' version : 1.2.0.267 has not been found on the update center.
2025.10.24 01:44:14 INFO  web[AZoT2aiJMZXN+/fEAAB0][o.s.u.c.UpdateCenter] The plugin 'csharp' version : 8.51.0.59060 has not been found on the update center.
2025.10.24 01:44:14 INFO  web[AZoT2aiJMZXN+/fEAAB0][o.s.u.c.UpdateCenter] The plugin 'flex' version : 2.8.0.3166 has not been found on the update center.
2025.10.24 01:44:14 INFO  web[AZoT2aiJMZXN+/fEAAB0][o.s.u.c.UpdateCenter] The plugin 'go' version : 1.11.0.3905 has not been found on the update center.
2025.10.24 01:44:14 INFO  web[AZoT2aiJMZXN+/fEAAB0][o.s.u.c.UpdateCenter] The plugin 'iac' version : 1.11.0.2847 has not been found on the update center.
2025.10.24 01:44:14 INFO  web[AZoT2aiJMZXN+/fEAAB0][o.s.u.c.UpdateCenter] The plugin 'jacoco' version : 1.3.0.1538 has not been found on the update center.
2025.10.24 01:44:14 INFO  web[AZoT2aiJMZXN+/fEAAB0][o.s.u.c.UpdateCenter] The plugin 'java' version : 7.16.0.30901 has not been found on the update center.
2025.10.24 01:44:14 INFO  web[AZoT2aiJMZXN+/fEAAB0][o.s.u.c.UpdateCenter] The plugin 'javascript' version : 9.13.0.20537 has not been found on the update center.
2025.10.24 01:44:14 INFO  web[AZoT2aiJMZXN+/fEAAB0][o.s.u.c.UpdateCenter] The plugin 'kotlin' version : 2.12.0.1956 has not been found on the update center.
2025.10.24 01:44:14 INFO  web[AZoT2aiJMZXN+/fEAAB0][o.s.u.c.UpdateCenter] The plugin 'php' version : 3.27.1.9352 has not been found on the update center.
2025.10.24 01:44:14 INFO  web[AZoT2aiJMZXN+/fEAAB0][o.s.u.c.UpdateCenter] The plugin 'python' version : 3.24.1.11916 has not been found on the update center.
2025.10.24 01:44:14 INFO  web[AZoT2aiJMZXN+/fEAAB0][o.s.u.c.UpdateCenter] The plugin 'ruby' version : 1.11.0.3905 has not been found on the update center.
2025.10.24 01:44:14 INFO  web[AZoT2aiJMZXN+/fEAAB0][o.s.u.c.UpdateCenter] The plugin 'sonarscala' version : 1.11.0.3905 has not been found on the update center.
2025.10.24 01:44:14 INFO  web[AZoT2aiJMZXN+/fEAAB0][o.s.u.c.UpdateCenter] The plugin 'text' version : 2.0.2.1090 has not been found on the update center.
2025.10.24 01:44:14 INFO  web[AZoT2aiJMZXN+/fEAAB0][o.s.u.c.UpdateCenter] The plugin 'vbnet' version : 8.51.0.59060 has not been found on the update center.
2025.10.24 01:44:14 INFO  web[AZoT2aiJMZXN+/fEAAB0][o.s.u.c.UpdateCenter] The plugin 'web' version : 3.7.1.3306 has not been found on the update center.
2025.10.24 01:44:14 INFO  web[AZoT2aiJMZXN+/fEAAB0][o.s.u.c.UpdateCenter] The plugin 'xml' version : 2.7.0.3820 has not been found on the update center.
2025.10.24 01:44:14 INFO  web[AZoT2aiJMZXN+/fEAAB0][o.s.u.c.UpdateCenter] The plugin 'config' version : 1.2.0.267 has not been found on the update center.
2025.10.24 01:44:14 INFO  web[AZoT2aiJMZXN+/fEAAB0][o.s.u.c.UpdateCenter] The plugin 'csharp' version : 8.51.0.59060 has not been found on the update center.
2025.10.24 01:44:14 INFO  web[AZoT2aiJMZXN+/fEAAB0][o.s.u.c.UpdateCenter] The plugin 'flex' version : 2.8.0.3166 has not been found on the update center.
2025.10.24 01:44:14 INFO  web[AZoT2aiJMZXN+/fEAAB0][o.s.u.c.UpdateCenter] The plugin 'go' version : 1.11.0.3905 has not been found on the update center.
2025.10.24 01:44:14 INFO  web[AZoT2aiJMZXN+/fEAAB0][o.s.u.c.UpdateCenter] The plugin 'iac' version : 1.11.0.2847 has not been found on the update center.
2025.10.24 01:44:14 INFO  web[AZoT2aiJMZXN+/fEAAB0][o.s.u.c.UpdateCenter] The plugin 'jacoco' version : 1.3.0.1538 has not been found on the update center.
2025.10.24 01:44:14 INFO  web[AZoT2aiJMZXN+/fEAAB0][o.s.u.c.UpdateCenter] The plugin 'java' version : 7.16.0.30901 has not been found on the update center.
2025.10.24 01:44:14 INFO  web[AZoT2aiJMZXN+/fEAAB0][o.s.u.c.UpdateCenter] The plugin 'javascript' version : 9.13.0.20537 has not been found on the update center.
2025.10.24 01:44:14 INFO  web[AZoT2aiJMZXN+/fEAAB0][o.s.u.c.UpdateCenter] The plugin 'kotlin' version : 2.12.0.1956 has not been found on the update center.
2025.10.24 01:44:14 INFO  web[AZoT2aiJMZXN+/fEAAB0][o.s.u.c.UpdateCenter] The plugin 'php' version : 3.27.1.9352 has not been found on the update center.
2025.10.24 01:44:14 INFO  web[AZoT2aiJMZXN+/fEAAB0][o.s.u.c.UpdateCenter] The plugin 'python' version : 3.24.1.11916 has not been found on the update center.
2025.10.24 01:44:14 INFO  web[AZoT2aiJMZXN+/fEAAB0][o.s.u.c.UpdateCenter] The plugin 'ruby' version : 1.11.0.3905 has not been found on the update center.
2025.10.24 01:44:14 INFO  web[AZoT2aiJMZXN+/fEAAB0][o.s.u.c.UpdateCenter] The plugin 'sonarscala' version : 1.11.0.3905 has not been found on the update center.
2025.10.24 01:44:14 INFO  web[AZoT2aiJMZXN+/fEAAB0][o.s.u.c.UpdateCenter] The plugin 'text' version : 2.0.2.1090 has not been found on the update center.
2025.10.24 01:44:14 INFO  web[AZoT2aiJMZXN+/fEAAB0][o.s.u.c.UpdateCenter] The plugin 'vbnet' version : 8.51.0.59060 has not been found on the update center.
2025.10.24 01:44:14 INFO  web[AZoT2aiJMZXN+/fEAAB0][o.s.u.c.UpdateCenter] The plugin 'web' version : 3.7.1.3306 has not been found on the update center.
2025.10.24 01:44:14 INFO  web[AZoT2aiJMZXN+/fEAAB0][o.s.u.c.UpdateCenter] The plugin 'xml' version : 2.7.0.3820 has not been found on the update center.
2025.10.24 01:44:14 INFO  web[AZoT2aiJMZXN+/fEAAB0][o.s.u.c.UpdateCenter] The plugin 'config' version : 1.2.0.267 has not been found on the update center.
2025.10.24 01:44:14 INFO  web[AZoT2aiJMZXN+/fEAAB0][o.s.u.c.UpdateCenter] The plugin 'csharp' version : 8.51.0.59060 has not been found on the update center.
2025.10.24 01:44:14 INFO  web[AZoT2aiJMZXN+/fEAAB0][o.s.u.c.UpdateCenter] The plugin 'flex' version : 2.8.0.3166 has not been found on the update center.
2025.10.24 01:44:14 INFO  web[AZoT2aiJMZXN+/fEAAB0][o.s.u.c.UpdateCenter] The plugin 'go' version : 1.11.0.3905 has not been found on the update center.
2025.10.24 01:44:14 INFO  web[AZoT2aiJMZXN+/fEAAB0][o.s.u.c.UpdateCenter] The plugin 'iac' version : 1.11.0.2847 has not been found on the update center.
2025.10.24 01:44:14 INFO  web[AZoT2aiJMZXN+/fEAAB0][o.s.u.c.UpdateCenter] The plugin 'jacoco' version : 1.3.0.1538 has not been found on the update center.
2025.10.24 01:44:14 INFO  web[AZoT2aiJMZXN+/fEAAB0][o.s.u.c.UpdateCenter] The plugin 'java' version : 7.16.0.30901 has not been found on the update center.
2025.10.24 01:44:14 INFO  web[AZoT2aiJMZXN+/fEAAB0][o.s.u.c.UpdateCenter] The plugin 'javascript' version : 9.13.0.20537 has not been found on the update center.
2025.10.24 01:44:14 INFO  web[AZoT2aiJMZXN+/fEAAB0][o.s.u.c.UpdateCenter] The plugin 'kotlin' version : 2.12.0.1956 has not been found on the update center.
2025.10.24 01:44:14 INFO  web[AZoT2aiJMZXN+/fEAAB0][o.s.u.c.UpdateCenter] The plugin 'php' version : 3.27.1.9352 has not been found on the update center.
2025.10.24 01:44:14 INFO  web[AZoT2aiJMZXN+/fEAAB0][o.s.u.c.UpdateCenter] The plugin 'python' version : 3.24.1.11916 has not been found on the update center.
2025.10.24 01:44:14 INFO  web[AZoT2aiJMZXN+/fEAAB0][o.s.u.c.UpdateCenter] The plugin 'ruby' version : 1.11.0.3905 has not been found on the update center.
2025.10.24 01:44:14 INFO  web[AZoT2aiJMZXN+/fEAAB0][o.s.u.c.UpdateCenter] The plugin 'sonarscala' version : 1.11.0.3905 has not been found on the update center.
2025.10.24 01:44:14 INFO  web[AZoT2aiJMZXN+/fEAAB0][o.s.u.c.UpdateCenter] The plugin 'text' version : 2.0.2.1090 has not been found on the update center.
2025.10.24 01:44:14 INFO  web[AZoT2aiJMZXN+/fEAAB0][o.s.u.c.UpdateCenter] The plugin 'vbnet' version : 8.51.0.59060 has not been found on the update center.
2025.10.24 01:44:14 INFO  web[AZoT2aiJMZXN+/fEAAB0][o.s.u.c.UpdateCenter] The plugin 'web' version : 3.7.1.3306 has not been found on the update center.
2025.10.24 01:44:14 INFO  web[AZoT2aiJMZXN+/fEAAB0][o.s.u.c.UpdateCenter] The plugin 'xml' version : 2.7.0.3820 has not been found on the update center.
2025.10.24 01:44:14 INFO  web[AZoT2aiJMZXN+/fEAAB0][o.s.u.c.UpdateCenter] The plugin 'config' version : 1.2.0.267 has not been found on the update center.
2025.10.24 01:44:14 INFO  web[AZoT2aiJMZXN+/fEAAB0][o.s.u.c.UpdateCenter] The plugin 'csharp' version : 8.51.0.59060 has not been found on the update center.
2025.10.24 01:44:14 INFO  web[AZoT2aiJMZXN+/fEAAB0][o.s.u.c.UpdateCenter] The plugin 'flex' version : 2.8.0.3166 has not been found on the update center.
2025.10.24 01:44:14 INFO  web[AZoT2aiJMZXN+/fEAAB0][o.s.u.c.UpdateCenter] The plugin 'go' version : 1.11.0.3905 has not been found on the update center.
2025.10.24 01:44:15 INFO  web[AZoT2aiJMZXN+/fEAAB0][o.s.u.c.UpdateCenter] The plugin 'iac' version : 1.11.0.2847 has not been found on the update center.
2025.10.24 01:44:15 INFO  web[AZoT2aiJMZXN+/fEAAB0][o.s.u.c.UpdateCenter] The plugin 'jacoco' version : 1.3.0.1538 has not been found on the update center.
2025.10.24 01:44:15 INFO  web[AZoT2aiJMZXN+/fEAAB0][o.s.u.c.UpdateCenter] The plugin 'java' version : 7.16.0.30901 has not been found on the update center.
2025.10.24 01:44:15 INFO  web[AZoT2aiJMZXN+/fEAAB0][o.s.u.c.UpdateCenter] The plugin 'javascript' version : 9.13.0.20537 has not been found on the update center.
2025.10.24 01:44:15 INFO  web[AZoT2aiJMZXN+/fEAAB0][o.s.u.c.UpdateCenter] The plugin 'kotlin' version : 2.12.0.1956 has not been found on the update center.
2025.10.24 01:44:15 INFO  web[AZoT2aiJMZXN+/fEAAB0][o.s.u.c.UpdateCenter] The plugin 'php' version : 3.27.1.9352 has not been found on the update center.
2025.10.24 01:44:15 INFO  web[AZoT2aiJMZXN+/fEAAB0][o.s.u.c.UpdateCenter] The plugin 'python' version : 3.24.1.11916 has not been found on the update center.
2025.10.24 01:44:15 INFO  web[AZoT2aiJMZXN+/fEAAB0][o.s.u.c.UpdateCenter] The plugin 'ruby' version : 1.11.0.3905 has not been found on the update center.
2025.10.24 01:44:15 INFO  web[AZoT2aiJMZXN+/fEAAB0][o.s.u.c.UpdateCenter] The plugin 'sonarscala' version : 1.11.0.3905 has not been found on the update center.
2025.10.24 01:44:15 INFO  web[AZoT2aiJMZXN+/fEAAB0][o.s.u.c.UpdateCenter] The plugin 'text' version : 2.0.2.1090 has not been found on the update center.
2025.10.24 01:44:15 INFO  web[AZoT2aiJMZXN+/fEAAB0][o.s.u.c.UpdateCenter] The plugin 'vbnet' version : 8.51.0.59060 has not been found on the update center.
2025.10.24 01:44:15 INFO  web[AZoT2aiJMZXN+/fEAAB0][o.s.u.c.UpdateCenter] The plugin 'web' version : 3.7.1.3306 has not been found on the update center.
2025.10.24 01:44:15 INFO  web[AZoT2aiJMZXN+/fEAAB0][o.s.u.c.UpdateCenter] The plugin 'xml' version : 2.7.0.3820 has not been found on the update center.
2025.10.24 01:44:15 INFO  web[AZoT2aiJMZXN+/fEAAB0][o.s.u.c.UpdateCenter] The plugin 'config' version : 1.2.0.267 has not been found on the update center.
2025.10.24 01:44:15 INFO  web[AZoT2aiJMZXN+/fEAAB0][o.s.u.c.UpdateCenter] The plugin 'csharp' version : 8.51.0.59060 has not been found on the update center.
2025.10.24 01:44:15 INFO  web[AZoT2aiJMZXN+/fEAAB0][o.s.u.c.UpdateCenter] The plugin 'flex' version : 2.8.0.3166 has not been found on the update center.
2025.10.24 01:44:15 INFO  web[AZoT2aiJMZXN+/fEAAB0][o.s.u.c.UpdateCenter] The plugin 'go' version : 1.11.0.3905 has not been found on the update center.
2025.10.24 01:44:15 INFO  web[AZoT2aiJMZXN+/fEAAB0][o.s.u.c.UpdateCenter] The plugin 'iac' version : 1.11.0.2847 has not been found on the update center.
2025.10.24 01:44:15 INFO  web[AZoT2aiJMZXN+/fEAAB0][o.s.u.c.UpdateCenter] The plugin 'jacoco' version : 1.3.0.1538 has not been found on the update center.
2025.10.24 01:44:15 INFO  web[AZoT2aiJMZXN+/fEAAB0][o.s.u.c.UpdateCenter] The plugin 'java' version : 7.16.0.30901 has not been found on the update center.
2025.10.24 01:44:15 INFO  web[AZoT2aiJMZXN+/fEAAB0][o.s.u.c.UpdateCenter] The plugin 'javascript' version : 9.13.0.20537 has not been found on the update center.
2025.10.24 01:44:15 INFO  web[AZoT2aiJMZXN+/fEAAB0][o.s.u.c.UpdateCenter] The plugin 'kotlin' version : 2.12.0.1956 has not been found on the update center.
2025.10.24 01:44:15 INFO  web[AZoT2aiJMZXN+/fEAAB0][o.s.u.c.UpdateCenter] The plugin 'php' version : 3.27.1.9352 has not been found on the update center.
2025.10.24 01:44:15 INFO  web[AZoT2aiJMZXN+/fEAAB0][o.s.u.c.UpdateCenter] The plugin 'python' version : 3.24.1.11916 has not been found on the update center.
2025.10.24 01:44:15 INFO  web[AZoT2aiJMZXN+/fEAAB0][o.s.u.c.UpdateCenter] The plugin 'ruby' version : 1.11.0.3905 has not been found on the update center.
2025.10.24 01:44:15 INFO  web[AZoT2aiJMZXN+/fEAAB0][o.s.u.c.UpdateCenter] The plugin 'sonarscala' version : 1.11.0.3905 has not been found on the update center.
2025.10.24 01:44:15 INFO  web[AZoT2aiJMZXN+/fEAAB0][o.s.u.c.UpdateCenter] The plugin 'text' version : 2.0.2.1090 has not been found on the update center.
2025.10.24 01:44:15 INFO  web[AZoT2aiJMZXN+/fEAAB0][o.s.u.c.UpdateCenter] The plugin 'vbnet' version : 8.51.0.59060 has not been found on the update center.
2025.10.24 01:44:15 INFO  web[AZoT2aiJMZXN+/fEAAB0][o.s.u.c.UpdateCenter] The plugin 'web' version : 3.7.1.3306 has not been found on the update center.
2025.10.24 01:44:15 INFO  web[AZoT2aiJMZXN+/fEAAB0][o.s.u.c.UpdateCenter] The plugin 'xml' version : 2.7.0.3820 has not been found on the update center.
2025.10.24 01:44:15 INFO  web[AZoT2aiJMZXN+/fEAAB0][o.s.u.c.UpdateCenter] The plugin 'config' version : 1.2.0.267 has not been found on the update center.
2025.10.24 01:44:15 INFO  web[AZoT2aiJMZXN+/fEAAB0][o.s.u.c.UpdateCenter] The plugin 'csharp' version : 8.51.0.59060 has not been found on the update center.
2025.10.24 01:44:15 INFO  web[AZoT2aiJMZXN+/fEAAB0][o.s.u.c.UpdateCenter] The plugin 'flex' version : 2.8.0.3166 has not been found on the update center.
2025.10.24 01:44:15 INFO  web[AZoT2aiJMZXN+/fEAAB0][o.s.u.c.UpdateCenter] The plugin 'go' version : 1.11.0.3905 has not been found on the update center.
2025.10.24 01:44:15 INFO  web[AZoT2aiJMZXN+/fEAAB0][o.s.u.c.UpdateCenter] The plugin 'iac' version : 1.11.0.2847 has not been found on the update center.
2025.10.24 01:44:15 INFO  web[AZoT2aiJMZXN+/fEAAB0][o.s.u.c.UpdateCenter] The plugin 'jacoco' version : 1.3.0.1538 has not been found on the update center.
2025.10.24 01:44:15 INFO  web[AZoT2aiJMZXN+/fEAAB0][o.s.u.c.UpdateCenter] The plugin 'java' version : 7.16.0.30901 has not been found on the update center.
2025.10.24 01:44:15 INFO  web[AZoT2aiJMZXN+/fEAAB0][o.s.u.c.UpdateCenter] The plugin 'javascript' version : 9.13.0.20537 has not been found on the update center.
2025.10.24 01:44:15 INFO  web[AZoT2aiJMZXN+/fEAAB0][o.s.u.c.UpdateCenter] The plugin 'kotlin' version : 2.12.0.1956 has not been found on the update center.
2025.10.24 01:44:15 INFO  web[AZoT2aiJMZXN+/fEAAB0][o.s.u.c.UpdateCenter] The plugin 'php' version : 3.27.1.9352 has not been found on the update center.
2025.10.24 01:44:15 INFO  web[AZoT2aiJMZXN+/fEAAB0][o.s.u.c.UpdateCenter] The plugin 'python' version : 3.24.1.11916 has not been found on the update center.
2025.10.24 01:44:15 INFO  web[AZoT2aiJMZXN+/fEAAB0][o.s.u.c.UpdateCenter] The plugin 'ruby' version : 1.11.0.3905 has not been found on the update center.
2025.10.24 01:44:15 INFO  web[AZoT2aiJMZXN+/fEAAB0][o.s.u.c.UpdateCenter] The plugin 'sonarscala' version : 1.11.0.3905 has not been found on the update center.
2025.10.24 01:44:15 INFO  web[AZoT2aiJMZXN+/fEAAB0][o.s.u.c.UpdateCenter] The plugin 'text' version : 2.0.2.1090 has not been found on the update center.
2025.10.24 01:44:15 INFO  web[AZoT2aiJMZXN+/fEAAB0][o.s.u.c.UpdateCenter] The plugin 'vbnet' version : 8.51.0.59060 has not been found on the update center.
2025.10.24 01:44:15 INFO  web[AZoT2aiJMZXN+/fEAAB0][o.s.u.c.UpdateCenter] The plugin 'web' version : 3.7.1.3306 has not been found on the update center.
2025.10.24 01:44:15 INFO  web[AZoT2aiJMZXN+/fEAAB0][o.s.u.c.UpdateCenter] The plugin 'xml' version : 2.7.0.3820 has not been found on the update center.
2025.10.24 01:44:15 INFO  web[AZoT2aiJMZXN+/fEAAB0][o.s.u.c.UpdateCenter] The plugin 'config' version : 1.2.0.267 has not been found on the update center.
2025.10.24 01:44:15 INFO  web[AZoT2aiJMZXN+/fEAAB0][o.s.u.c.UpdateCenter] The plugin 'csharp' version : 8.51.0.59060 has not been found on the update center.
2025.10.24 01:44:15 INFO  web[AZoT2aiJMZXN+/fEAAB0][o.s.u.c.UpdateCenter] The plugin 'flex' version : 2.8.0.3166 has not been found on the update center.
2025.10.24 01:44:15 INFO  web[AZoT2aiJMZXN+/fEAAB0][o.s.u.c.UpdateCenter] The plugin 'go' version : 1.11.0.3905 has not been found on the update center.
2025.10.24 01:44:15 INFO  web[AZoT2aiJMZXN+/fEAAB0][o.s.u.c.UpdateCenter] The plugin 'iac' version : 1.11.0.2847 has not been found on the update center.
2025.10.24 01:44:15 INFO  web[AZoT2aiJMZXN+/fEAAB0][o.s.u.c.UpdateCenter] The plugin 'jacoco' version : 1.3.0.1538 has not been found on the update center.
2025.10.24 01:44:15 INFO  web[AZoT2aiJMZXN+/fEAAB0][o.s.u.c.UpdateCenter] The plugin 'java' version : 7.16.0.30901 has not been found on the update center.
2025.10.24 01:44:15 INFO  web[AZoT2aiJMZXN+/fEAAB0][o.s.u.c.UpdateCenter] The plugin 'javascript' version : 9.13.0.20537 has not been found on the update center.
2025.10.24 01:44:15 INFO  web[AZoT2aiJMZXN+/fEAAB0][o.s.u.c.UpdateCenter] The plugin 'kotlin' version : 2.12.0.1956 has not been found on the update center.
2025.10.24 01:44:15 INFO  web[AZoT2aiJMZXN+/fEAAB0][o.s.u.c.UpdateCenter] The plugin 'php' version : 3.27.1.9352 has not been found on the update center.
2025.10.24 01:44:15 INFO  web[AZoT2aiJMZXN+/fEAAB0][o.s.u.c.UpdateCenter] The plugin 'python' version : 3.24.1.11916 has not been found on the update center.
2025.10.24 01:44:15 INFO  web[AZoT2aiJMZXN+/fEAAB0][o.s.u.c.UpdateCenter] The plugin 'ruby' version : 1.11.0.3905 has not been found on the update center.
2025.10.24 01:44:15 INFO  web[AZoT2aiJMZXN+/fEAAB0][o.s.u.c.UpdateCenter] The plugin 'sonarscala' version : 1.11.0.3905 has not been found on the update center.
2025.10.24 01:44:15 INFO  web[AZoT2aiJMZXN+/fEAAB0][o.s.u.c.UpdateCenter] The plugin 'text' version : 2.0.2.1090 has not been found on the update center.
2025.10.24 01:44:15 INFO  web[AZoT2aiJMZXN+/fEAAB0][o.s.u.c.UpdateCenter] The plugin 'vbnet' version : 8.51.0.59060 has not been found on the update center.
2025.10.24 01:44:15 INFO  web[AZoT2aiJMZXN+/fEAAB0][o.s.u.c.UpdateCenter] The plugin 'web' version : 3.7.1.3306 has not been found on the update center.
2025.10.24 01:44:15 INFO  web[AZoT2aiJMZXN+/fEAAB0][o.s.u.c.UpdateCenter] The plugin 'xml' version : 2.7.0.3820 has not been found on the update center.
2025.10.24 01:44:15 INFO  web[AZoT2aiJMZXN+/fEAAB0][o.s.u.c.UpdateCenter] The plugin 'config' version : 1.2.0.267 has not been found on the update center.
2025.10.24 01:44:15 INFO  web[AZoT2aiJMZXN+/fEAAB0][o.s.u.c.UpdateCenter] The plugin 'csharp' version : 8.51.0.59060 has not been found on the update center.
2025.10.24 01:44:15 INFO  web[AZoT2aiJMZXN+/fEAAB0][o.s.u.c.UpdateCenter] The plugin 'flex' version : 2.8.0.3166 has not been found on the update center.
2025.10.24 01:44:15 INFO  web[AZoT2aiJMZXN+/fEAAB0][o.s.u.c.UpdateCenter] The plugin 'go' version : 1.11.0.3905 has not been found on the update center.
2025.10.24 01:44:15 INFO  web[AZoT2aiJMZXN+/fEAAB0][o.s.u.c.UpdateCenter] The plugin 'iac' version : 1.11.0.2847 has not been found on the update center.
2025.10.24 01:44:15 INFO  web[AZoT2aiJMZXN+/fEAAB0][o.s.u.c.UpdateCenter] The plugin 'jacoco' version : 1.3.0.1538 has not been found on the update center.
2025.10.24 01:44:15 INFO  web[AZoT2aiJMZXN+/fEAAB0][o.s.u.c.UpdateCenter] The plugin 'java' version : 7.16.0.30901 has not been found on the update center.
2025.10.24 01:44:15 INFO  web[AZoT2aiJMZXN+/fEAAB0][o.s.u.c.UpdateCenter] The plugin 'javascript' version : 9.13.0.20537 has not been found on the update center.
2025.10.24 01:44:15 INFO  web[AZoT2aiJMZXN+/fEAAB0][o.s.u.c.UpdateCenter] The plugin 'kotlin' version : 2.12.0.1956 has not been found on the update center.
2025.10.24 01:44:15 INFO  web[AZoT2aiJMZXN+/fEAAB0][o.s.u.c.UpdateCenter] The plugin 'php' version : 3.27.1.9352 has not been found on the update center.
2025.10.24 01:44:15 INFO  web[AZoT2aiJMZXN+/fEAAB0][o.s.u.c.UpdateCenter] The plugin 'python' version : 3.24.1.11916 has not been found on the update center.
2025.10.24 01:44:15 INFO  web[AZoT2aiJMZXN+/fEAAB0][o.s.u.c.UpdateCenter] The plugin 'ruby' version : 1.11.0.3905 has not been found on the update center.
2025.10.24 01:44:15 INFO  web[AZoT2aiJMZXN+/fEAAB0][o.s.u.c.UpdateCenter] The plugin 'sonarscala' version : 1.11.0.3905 has not been found on the update center.
2025.10.24 01:44:15 INFO  web[AZoT2aiJMZXN+/fEAAB0][o.s.u.c.UpdateCenter] The plugin 'text' version : 2.0.2.1090 has not been found on the update center.
2025.10.24 01:44:15 INFO  web[AZoT2aiJMZXN+/fEAAB0][o.s.u.c.UpdateCenter] The plugin 'vbnet' version : 8.51.0.59060 has not been found on the update center.
2025.10.24 01:44:15 INFO  web[AZoT2aiJMZXN+/fEAAB0][o.s.u.c.UpdateCenter] The plugin 'web' version : 3.7.1.3306 has not been found on the update center.
2025.10.24 01:44:15 INFO  web[AZoT2aiJMZXN+/fEAAB0][o.s.u.c.UpdateCenter] The plugin 'xml' version : 2.7.0.3820 has not been found on the update center.
2025.10.24 01:44:15 INFO  web[AZoT2aiJMZXN+/fEAAB0][o.s.u.c.UpdateCenter] The plugin 'config' version : 1.2.0.267 has not been found on the update center.
2025.10.24 01:44:15 INFO  web[AZoT2aiJMZXN+/fEAAB0][o.s.u.c.UpdateCenter] The plugin 'csharp' version : 8.51.0.59060 has not been found on the update center.
2025.10.24 01:44:15 INFO  web[AZoT2aiJMZXN+/fEAAB0][o.s.u.c.UpdateCenter] The plugin 'flex' version : 2.8.0.3166 has not been found on the update center.
2025.10.24 01:44:15 INFO  web[AZoT2aiJMZXN+/fEAAB0][o.s.u.c.UpdateCenter] The plugin 'go' version : 1.11.0.3905 has not been found on the update center.
2025.10.24 01:44:15 INFO  web[AZoT2aiJMZXN+/fEAAB0][o.s.u.c.UpdateCenter] The plugin 'iac' version : 1.11.0.2847 has not been found on the update center.
2025.10.24 01:44:15 INFO  web[AZoT2aiJMZXN+/fEAAB0][o.s.u.c.UpdateCenter] The plugin 'jacoco' version : 1.3.0.1538 has not been found on the update center.
2025.10.24 01:44:15 INFO  web[AZoT2aiJMZXN+/fEAAB0][o.s.u.c.UpdateCenter] The plugin 'java' version : 7.16.0.30901 has not been found on the update center.
2025.10.24 01:44:15 INFO  web[AZoT2aiJMZXN+/fEAAB0][o.s.u.c.UpdateCenter] The plugin 'javascript' version : 9.13.0.20537 has not been found on the update center.
2025.10.24 01:44:15 INFO  web[AZoT2aiJMZXN+/fEAAB0][o.s.u.c.UpdateCenter] The plugin 'kotlin' version : 2.12.0.1956 has not been found on the update center.
2025.10.24 01:44:15 INFO  web[AZoT2aiJMZXN+/fEAAB0][o.s.u.c.UpdateCenter] The plugin 'php' version : 3.27.1.9352 has not been found on the update center.
2025.10.24 01:44:15 INFO  web[AZoT2aiJMZXN+/fEAAB0][o.s.u.c.UpdateCenter] The plugin 'python' version : 3.24.1.11916 has not been found on the update center.
2025.10.24 01:44:15 INFO  web[AZoT2aiJMZXN+/fEAAB0][o.s.u.c.UpdateCenter] The plugin 'ruby' version : 1.11.0.3905 has not been found on the update center.
2025.10.24 01:44:15 INFO  web[AZoT2aiJMZXN+/fEAAB0][o.s.u.c.UpdateCenter] The plugin 'sonarscala' version : 1.11.0.3905 has not been found on the update center.
2025.10.24 01:44:15 INFO  web[AZoT2aiJMZXN+/fEAAB0][o.s.u.c.UpdateCenter] The plugin 'text' version : 2.0.2.1090 has not been found on the update center.
2025.10.24 01:44:15 INFO  web[AZoT2aiJMZXN+/fEAAB0][o.s.u.c.UpdateCenter] The plugin 'vbnet' version : 8.51.0.59060 has not been found on the update center.
2025.10.24 01:44:15 INFO  web[AZoT2aiJMZXN+/fEAAB0][o.s.u.c.UpdateCenter] The plugin 'web' version : 3.7.1.3306 has not been found on the update center.
2025.10.24 01:44:15 INFO  web[AZoT2aiJMZXN+/fEAAB0][o.s.u.c.UpdateCenter] The plugin 'xml' version : 2.7.0.3820 has not been found on the update center.
2025.10.24 01:44:15 INFO  web[AZoT2aiJMZXN+/fEAAB0][o.s.u.c.UpdateCenter] The plugin 'config' version : 1.2.0.267 has not been found on the update center.
2025.10.24 01:44:15 INFO  web[AZoT2aiJMZXN+/fEAAB0][o.s.u.c.UpdateCenter] The plugin 'csharp' version : 8.51.0.59060 has not been found on the update center.
2025.10.24 01:44:15 INFO  web[AZoT2aiJMZXN+/fEAAB0][o.s.u.c.UpdateCenter] The plugin 'flex' version : 2.8.0.3166 has not been found on the update center.
2025.10.24 01:44:15 INFO  web[AZoT2aiJMZXN+/fEAAB0][o.s.u.c.UpdateCenter] The plugin 'go' version : 1.11.0.3905 has not been found on the update center.
2025.10.24 01:44:15 INFO  web[AZoT2aiJMZXN+/fEAAB0][o.s.u.c.UpdateCenter] The plugin 'iac' version : 1.11.0.2847 has not been found on the update center.
2025.10.24 01:44:15 INFO  web[AZoT2aiJMZXN+/fEAAB0][o.s.u.c.UpdateCenter] The plugin 'jacoco' version : 1.3.0.1538 has not been found on the update center.
2025.10.24 01:44:15 INFO  web[AZoT2aiJMZXN+/fEAAB0][o.s.u.c.UpdateCenter] The plugin 'java' version : 7.16.0.30901 has not been found on the update center.
2025.10.24 01:44:15 INFO  web[AZoT2aiJMZXN+/fEAAB0][o.s.u.c.UpdateCenter] The plugin 'javascript' version : 9.13.0.20537 has not been found on the update center.
2025.10.24 01:44:15 INFO  web[AZoT2aiJMZXN+/fEAAB0][o.s.u.c.UpdateCenter] The plugin 'kotlin' version : 2.12.0.1956 has not been found on the update center.
2025.10.24 01:44:15 INFO  web[AZoT2aiJMZXN+/fEAAB0][o.s.u.c.UpdateCenter] The plugin 'php' version : 3.27.1.9352 has not been found on the update center.
2025.10.24 01:44:15 INFO  web[AZoT2aiJMZXN+/fEAAB0][o.s.u.c.UpdateCenter] The plugin 'python' version : 3.24.1.11916 has not been found on the update center.
2025.10.24 01:44:15 INFO  web[AZoT2aiJMZXN+/fEAAB0][o.s.u.c.UpdateCenter] The plugin 'ruby' version : 1.11.0.3905 has not been found on the update center.
2025.10.24 01:44:15 INFO  web[AZoT2aiJMZXN+/fEAAB0][o.s.u.c.UpdateCenter] The plugin 'sonarscala' version : 1.11.0.3905 has not been found on the update center.
2025.10.24 01:44:15 INFO  web[AZoT2aiJMZXN+/fEAAB0][o.s.u.c.UpdateCenter] The plugin 'text' version : 2.0.2.1090 has not been found on the update center.
2025.10.24 01:44:15 INFO  web[AZoT2aiJMZXN+/fEAAB0][o.s.u.c.UpdateCenter] The plugin 'vbnet' version : 8.51.0.59060 has not been found on the update center.
2025.10.24 01:44:15 INFO  web[AZoT2aiJMZXN+/fEAAB0][o.s.u.c.UpdateCenter] The plugin 'web' version : 3.7.1.3306 has not been found on the update center.
2025.10.24 01:44:15 INFO  web[AZoT2aiJMZXN+/fEAAB0][o.s.u.c.UpdateCenter] The plugin 'xml' version : 2.7.0.3820 has not been found on the update center.
2025.10.24 01:44:15 INFO  web[AZoT2aiJMZXN+/fEAAB0][o.s.u.c.UpdateCenter] The plugin 'config' version : 1.2.0.267 has not been found on the update center.
2025.10.24 01:44:15 INFO  web[AZoT2aiJMZXN+/fEAAB0][o.s.u.c.UpdateCenter] The plugin 'csharp' version : 8.51.0.59060 has not been found on the update center.
2025.10.24 01:44:15 INFO  web[AZoT2aiJMZXN+/fEAAB0][o.s.u.c.UpdateCenter] The plugin 'flex' version : 2.8.0.3166 has not been found on the update center.
2025.10.24 01:44:15 INFO  web[AZoT2aiJMZXN+/fEAAB0][o.s.u.c.UpdateCenter] The plugin 'go' version : 1.11.0.3905 has not been found on the update center.
2025.10.24 01:44:15 INFO  web[AZoT2aiJMZXN+/fEAAB0][o.s.u.c.UpdateCenter] The plugin 'iac' version : 1.11.0.2847 has not been found on the update center.
2025.10.24 01:44:15 INFO  web[AZoT2aiJMZXN+/fEAAB0][o.s.u.c.UpdateCenter] The plugin 'jacoco' version : 1.3.0.1538 has not been found on the update center.
2025.10.24 01:44:15 INFO  web[AZoT2aiJMZXN+/fEAAB0][o.s.u.c.UpdateCenter] The plugin 'java' version : 7.16.0.30901 has not been found on the update center.
2025.10.24 01:44:15 INFO  web[AZoT2aiJMZXN+/fEAAB0][o.s.u.c.UpdateCenter] The plugin 'javascript' version : 9.13.0.20537 has not been found on the update center.
2025.10.24 01:44:15 INFO  web[AZoT2aiJMZXN+/fEAAB0][o.s.u.c.UpdateCenter] The plugin 'kotlin' version : 2.12.0.1956 has not been found on the update center.
2025.10.24 01:44:15 INFO  web[AZoT2aiJMZXN+/fEAAB0][o.s.u.c.UpdateCenter] The plugin 'php' version : 3.27.1.9352 has not been found on the update center.
2025.10.24 01:44:15 INFO  web[AZoT2aiJMZXN+/fEAAB0][o.s.u.c.UpdateCenter] The plugin 'python' version : 3.24.1.11916 has not been found on the update center.
2025.10.24 01:44:15 INFO  web[AZoT2aiJMZXN+/fEAAB0][o.s.u.c.UpdateCenter] The plugin 'ruby' version : 1.11.0.3905 has not been found on the update center.
2025.10.24 01:44:15 INFO  web[AZoT2aiJMZXN+/fEAAB0][o.s.u.c.UpdateCenter] The plugin 'sonarscala' version : 1.11.0.3905 has not been found on the update center.
2025.10.24 01:44:15 INFO  web[AZoT2aiJMZXN+/fEAAB0][o.s.u.c.UpdateCenter] The plugin 'text' version : 2.0.2.1090 has not been found on the update center.
2025.10.24 01:44:15 INFO  web[AZoT2aiJMZXN+/fEAAB0][o.s.u.c.UpdateCenter] The plugin 'vbnet' version : 8.51.0.59060 has not been found on the update center.
2025.10.24 01:44:15 INFO  web[AZoT2aiJMZXN+/fEAAB0][o.s.u.c.UpdateCenter] The plugin 'web' version : 3.7.1.3306 has not been found on the update center.
2025.10.24 01:44:15 INFO  web[AZoT2aiJMZXN+/fEAAB0][o.s.u.c.UpdateCenter] The plugin 'xml' version : 2.7.0.3820 has not been found on the update center.
2025.10.24 01:44:31 INFO  web[AZoT2aiJMZXN+/fEAACG][o.s.u.c.UpdateCenter] The plugin 'config' version : 1.2.0.267 has not been found on the update center.
2025.10.24 01:44:31 INFO  web[AZoT2aiJMZXN+/fEAACG][o.s.u.c.UpdateCenter] The plugin 'csharp' version : 8.51.0.59060 has not been found on the update center.
2025.10.24 01:44:31 INFO  web[AZoT2aiJMZXN+/fEAACG][o.s.u.c.UpdateCenter] The plugin 'flex' version : 2.8.0.3166 has not been found on the update center.
2025.10.24 01:44:31 INFO  web[AZoT2aiJMZXN+/fEAACG][o.s.u.c.UpdateCenter] The plugin 'go' version : 1.11.0.3905 has not been found on the update center.
2025.10.24 01:44:31 INFO  web[AZoT2aiJMZXN+/fEAACG][o.s.u.c.UpdateCenter] The plugin 'iac' version : 1.11.0.2847 has not been found on the update center.
2025.10.24 01:44:31 INFO  web[AZoT2aiJMZXN+/fEAACG][o.s.u.c.UpdateCenter] The plugin 'jacoco' version : 1.3.0.1538 has not been found on the update center.
2025.10.24 01:44:31 INFO  web[AZoT2aiJMZXN+/fEAACG][o.s.u.c.UpdateCenter] The plugin 'java' version : 7.16.0.30901 has not been found on the update center.
2025.10.24 01:44:31 INFO  web[AZoT2aiJMZXN+/fEAACG][o.s.u.c.UpdateCenter] The plugin 'javascript' version : 9.13.0.20537 has not been found on the update center.
2025.10.24 01:44:31 INFO  web[AZoT2aiJMZXN+/fEAACG][o.s.u.c.UpdateCenter] The plugin 'kotlin' version : 2.12.0.1956 has not been found on the update center.
2025.10.24 01:44:31 INFO  web[AZoT2aiJMZXN+/fEAACG][o.s.u.c.UpdateCenter] The plugin 'php' version : 3.27.1.9352 has not been found on the update center.
2025.10.24 01:44:31 INFO  web[AZoT2aiJMZXN+/fEAACG][o.s.u.c.UpdateCenter] The plugin 'python' version : 3.24.1.11916 has not been found on the update center.
2025.10.24 01:44:31 INFO  web[AZoT2aiJMZXN+/fEAACG][o.s.u.c.UpdateCenter] The plugin 'ruby' version : 1.11.0.3905 has not been found on the update center.
2025.10.24 01:44:31 INFO  web[AZoT2aiJMZXN+/fEAACG][o.s.u.c.UpdateCenter] The plugin 'sonarscala' version : 1.11.0.3905 has not been found on the update center.
2025.10.24 01:44:31 INFO  web[AZoT2aiJMZXN+/fEAACG][o.s.u.c.UpdateCenter] The plugin 'text' version : 2.0.2.1090 has not been found on the update center.
2025.10.24 01:44:31 INFO  web[AZoT2aiJMZXN+/fEAACG][o.s.u.c.UpdateCenter] The plugin 'vbnet' version : 8.51.0.59060 has not been found on the update center.
2025.10.24 01:44:31 INFO  web[AZoT2aiJMZXN+/fEAACG][o.s.u.c.UpdateCenter] The plugin 'web' version : 3.7.1.3306 has not been found on the update center.
2025.10.24 01:44:31 INFO  web[AZoT2aiJMZXN+/fEAACG][o.s.u.c.UpdateCenter] The plugin 'xml' version : 2.7.0.3820 has not been found on the update center.
2025.10.24 01:44:31 INFO  web[AZoT2aiJMZXN+/fEAACG][o.s.u.c.UpdateCenter] The plugin 'config' version : 1.2.0.267 has not been found on the update center.
2025.10.24 01:44:31 INFO  web[AZoT2aiJMZXN+/fEAACG][o.s.u.c.UpdateCenter] The plugin 'csharp' version : 8.51.0.59060 has not been found on the update center.
2025.10.24 01:44:31 INFO  web[AZoT2aiJMZXN+/fEAACG][o.s.u.c.UpdateCenter] The plugin 'flex' version : 2.8.0.3166 has not been found on the update center.
2025.10.24 01:44:31 INFO  web[AZoT2aiJMZXN+/fEAACG][o.s.u.c.UpdateCenter] The plugin 'go' version : 1.11.0.3905 has not been found on the update center.
2025.10.24 01:44:31 INFO  web[AZoT2aiJMZXN+/fEAACG][o.s.u.c.UpdateCenter] The plugin 'iac' version : 1.11.0.2847 has not been found on the update center.
2025.10.24 01:44:31 INFO  web[AZoT2aiJMZXN+/fEAACG][o.s.u.c.UpdateCenter] The plugin 'jacoco' version : 1.3.0.1538 has not been found on the update center.
2025.10.24 01:44:31 INFO  web[AZoT2aiJMZXN+/fEAACG][o.s.u.c.UpdateCenter] The plugin 'java' version : 7.16.0.30901 has not been found on the update center.
2025.10.24 01:44:31 INFO  web[AZoT2aiJMZXN+/fEAACG][o.s.u.c.UpdateCenter] The plugin 'javascript' version : 9.13.0.20537 has not been found on the update center.
2025.10.24 01:44:31 INFO  web[AZoT2aiJMZXN+/fEAACG][o.s.u.c.UpdateCenter] The plugin 'kotlin' version : 2.12.0.1956 has not been found on the update center.
2025.10.24 01:44:31 INFO  web[AZoT2aiJMZXN+/fEAACG][o.s.u.c.UpdateCenter] The plugin 'php' version : 3.27.1.9352 has not been found on the update center.
2025.10.24 01:44:31 INFO  web[AZoT2aiJMZXN+/fEAACG][o.s.u.c.UpdateCenter] The plugin 'python' version : 3.24.1.11916 has not been found on the update center.
2025.10.24 01:44:31 INFO  web[AZoT2aiJMZXN+/fEAACG][o.s.u.c.UpdateCenter] The plugin 'ruby' version : 1.11.0.3905 has not been found on the update center.
2025.10.24 01:44:31 INFO  web[AZoT2aiJMZXN+/fEAACG][o.s.u.c.UpdateCenter] The plugin 'sonarscala' version : 1.11.0.3905 has not been found on the update center.
2025.10.24 01:44:31 INFO  web[AZoT2aiJMZXN+/fEAACG][o.s.u.c.UpdateCenter] The plugin 'text' version : 2.0.2.1090 has not been found on the update center.
2025.10.24 01:44:31 INFO  web[AZoT2aiJMZXN+/fEAACG][o.s.u.c.UpdateCenter] The plugin 'vbnet' version : 8.51.0.59060 has not been found on the update center.
2025.10.24 01:44:31 INFO  web[AZoT2aiJMZXN+/fEAACG][o.s.u.c.UpdateCenter] The plugin 'web' version : 3.7.1.3306 has not been found on the update center.
2025.10.24 01:44:31 INFO  web[AZoT2aiJMZXN+/fEAACG][o.s.u.c.UpdateCenter] The plugin 'xml' version : 2.7.0.3820 has not been found on the update center.
2025.10.24 01:44:31 INFO  web[AZoT2aiJMZXN+/fEAACG][o.s.u.c.UpdateCenter] The plugin 'config' version : 1.2.0.267 has not been found on the update center.
2025.10.24 01:44:31 INFO  web[AZoT2aiJMZXN+/fEAACG][o.s.u.c.UpdateCenter] The plugin 'csharp' version : 8.51.0.59060 has not been found on the update center.
2025.10.24 01:44:31 INFO  web[AZoT2aiJMZXN+/fEAACG][o.s.u.c.UpdateCenter] The plugin 'flex' version : 2.8.0.3166 has not been found on the update center.
2025.10.24 01:44:31 INFO  web[AZoT2aiJMZXN+/fEAACG][o.s.u.c.UpdateCenter] The plugin 'go' version : 1.11.0.3905 has not been found on the update center.
2025.10.24 01:44:31 INFO  web[AZoT2aiJMZXN+/fEAACG][o.s.u.c.UpdateCenter] The plugin 'iac' version : 1.11.0.2847 has not been found on the update center.
2025.10.24 01:44:31 INFO  web[AZoT2aiJMZXN+/fEAACG][o.s.u.c.UpdateCenter] The plugin 'jacoco' version : 1.3.0.1538 has not been found on the update center.
2025.10.24 01:44:31 INFO  web[AZoT2aiJMZXN+/fEAACG][o.s.u.c.UpdateCenter] The plugin 'java' version : 7.16.0.30901 has not been found on the update center.
2025.10.24 01:44:31 INFO  web[AZoT2aiJMZXN+/fEAACG][o.s.u.c.UpdateCenter] The plugin 'javascript' version : 9.13.0.20537 has not been found on the update center.
2025.10.24 01:44:31 INFO  web[AZoT2aiJMZXN+/fEAACG][o.s.u.c.UpdateCenter] The plugin 'kotlin' version : 2.12.0.1956 has not been found on the update center.
2025.10.24 01:44:31 INFO  web[AZoT2aiJMZXN+/fEAACG][o.s.u.c.UpdateCenter] The plugin 'php' version : 3.27.1.9352 has not been found on the update center.
2025.10.24 01:44:31 INFO  web[AZoT2aiJMZXN+/fEAACG][o.s.u.c.UpdateCenter] The plugin 'python' version : 3.24.1.11916 has not been found on the update center.
2025.10.24 01:44:31 INFO  web[AZoT2aiJMZXN+/fEAACG][o.s.u.c.UpdateCenter] The plugin 'ruby' version : 1.11.0.3905 has not been found on the update center.
2025.10.24 01:44:31 INFO  web[AZoT2aiJMZXN+/fEAACG][o.s.u.c.UpdateCenter] The plugin 'sonarscala' version : 1.11.0.3905 has not been found on the update center.
2025.10.24 01:44:31 INFO  web[AZoT2aiJMZXN+/fEAACG][o.s.u.c.UpdateCenter] The plugin 'text' version : 2.0.2.1090 has not been found on the update center.
2025.10.24 01:44:31 INFO  web[AZoT2aiJMZXN+/fEAACG][o.s.u.c.UpdateCenter] The plugin 'vbnet' version : 8.51.0.59060 has not been found on the update center.
2025.10.24 01:44:31 INFO  web[AZoT2aiJMZXN+/fEAACG][o.s.u.c.UpdateCenter] The plugin 'web' version : 3.7.1.3306 has not been found on the update center.
2025.10.24 01:44:31 INFO  web[AZoT2aiJMZXN+/fEAACG][o.s.u.c.UpdateCenter] The plugin 'xml' version : 2.7.0.3820 has not been found on the update center.
2025.10.24 01:44:31 INFO  web[AZoT2aiJMZXN+/fEAACG][o.s.u.c.UpdateCenter] The plugin 'config' version : 1.2.0.267 has not been found on the update center.
2025.10.24 01:44:31 INFO  web[AZoT2aiJMZXN+/fEAACG][o.s.u.c.UpdateCenter] The plugin 'csharp' version : 8.51.0.59060 has not been found on the update center.
2025.10.24 01:44:31 INFO  web[AZoT2aiJMZXN+/fEAACG][o.s.u.c.UpdateCenter] The plugin 'flex' version : 2.8.0.3166 has not been found on the update center.
2025.10.24 01:44:31 INFO  web[AZoT2aiJMZXN+/fEAACG][o.s.u.c.UpdateCenter] The plugin 'go' version : 1.11.0.3905 has not been found on the update center.
2025.10.24 01:44:31 INFO  web[AZoT2aiJMZXN+/fEAACG][o.s.u.c.UpdateCenter] The plugin 'iac' version : 1.11.0.2847 has not been found on the update center.
2025.10.24 01:44:31 INFO  web[AZoT2aiJMZXN+/fEAACG][o.s.u.c.UpdateCenter] The plugin 'jacoco' version : 1.3.0.1538 has not been found on the update center.
2025.10.24 01:44:31 INFO  web[AZoT2aiJMZXN+/fEAACG][o.s.u.c.UpdateCenter] The plugin 'java' version : 7.16.0.30901 has not been found on the update center.
2025.10.24 01:44:31 INFO  web[AZoT2aiJMZXN+/fEAACG][o.s.u.c.UpdateCenter] The plugin 'javascript' version : 9.13.0.20537 has not been found on the update center.
2025.10.24 01:44:31 INFO  web[AZoT2aiJMZXN+/fEAACG][o.s.u.c.UpdateCenter] The plugin 'kotlin' version : 2.12.0.1956 has not been found on the update center.
2025.10.24 01:44:31 INFO  web[AZoT2aiJMZXN+/fEAACG][o.s.u.c.UpdateCenter] The plugin 'php' version : 3.27.1.9352 has not been found on the update center.
2025.10.24 01:44:31 INFO  web[AZoT2aiJMZXN+/fEAACG][o.s.u.c.UpdateCenter] The plugin 'python' version : 3.24.1.11916 has not been found on the update center.
2025.10.24 01:44:31 INFO  web[AZoT2aiJMZXN+/fEAACG][o.s.u.c.UpdateCenter] The plugin 'ruby' version : 1.11.0.3905 has not been found on the update center.
2025.10.24 01:44:31 INFO  web[AZoT2aiJMZXN+/fEAACG][o.s.u.c.UpdateCenter] The plugin 'sonarscala' version : 1.11.0.3905 has not been found on the update center.
2025.10.24 01:44:31 INFO  web[AZoT2aiJMZXN+/fEAACG][o.s.u.c.UpdateCenter] The plugin 'text' version : 2.0.2.1090 has not been found on the update center.
2025.10.24 01:44:31 INFO  web[AZoT2aiJMZXN+/fEAACG][o.s.u.c.UpdateCenter] The plugin 'vbnet' version : 8.51.0.59060 has not been found on the update center.
2025.10.24 01:44:31 INFO  web[AZoT2aiJMZXN+/fEAACG][o.s.u.c.UpdateCenter] The plugin 'web' version : 3.7.1.3306 has not been found on the update center.
2025.10.24 01:44:31 INFO  web[AZoT2aiJMZXN+/fEAACG][o.s.u.c.UpdateCenter] The plugin 'xml' version : 2.7.0.3820 has not been found on the update center.
2025.10.24 01:44:31 INFO  web[AZoT2aiJMZXN+/fEAACG][o.s.u.c.UpdateCenter] The plugin 'config' version : 1.2.0.267 has not been found on the update center.
2025.10.24 01:44:31 INFO  web[AZoT2aiJMZXN+/fEAACG][o.s.u.c.UpdateCenter] The plugin 'csharp' version : 8.51.0.59060 has not been found on the update center.
2025.10.24 01:44:31 INFO  web[AZoT2aiJMZXN+/fEAACG][o.s.u.c.UpdateCenter] The plugin 'flex' version : 2.8.0.3166 has not been found on the update center.
2025.10.24 01:44:31 INFO  web[AZoT2aiJMZXN+/fEAACG][o.s.u.c.UpdateCenter] The plugin 'go' version : 1.11.0.3905 has not been found on the update center.
2025.10.24 01:44:31 INFO  web[AZoT2aiJMZXN+/fEAACG][o.s.u.c.UpdateCenter] The plugin 'iac' version : 1.11.0.2847 has not been found on the update center.
2025.10.24 01:44:31 INFO  web[AZoT2aiJMZXN+/fEAACG][o.s.u.c.UpdateCenter] The plugin 'jacoco' version : 1.3.0.1538 has not been found on the update center.
2025.10.24 01:44:31 INFO  web[AZoT2aiJMZXN+/fEAACG][o.s.u.c.UpdateCenter] The plugin 'java' version : 7.16.0.30901 has not been found on the update center.
2025.10.24 01:44:31 INFO  web[AZoT2aiJMZXN+/fEAACG][o.s.u.c.UpdateCenter] The plugin 'javascript' version : 9.13.0.20537 has not been found on the update center.
2025.10.24 01:44:31 INFO  web[AZoT2aiJMZXN+/fEAACG][o.s.u.c.UpdateCenter] The plugin 'kotlin' version : 2.12.0.1956 has not been found on the update center.
2025.10.24 01:44:31 INFO  web[AZoT2aiJMZXN+/fEAACG][o.s.u.c.UpdateCenter] The plugin 'php' version : 3.27.1.9352 has not been found on the update center.
2025.10.24 01:44:31 INFO  web[AZoT2aiJMZXN+/fEAACG][o.s.u.c.UpdateCenter] The plugin 'python' version : 3.24.1.11916 has not been found on the update center.
2025.10.24 01:44:31 INFO  web[AZoT2aiJMZXN+/fEAACG][o.s.u.c.UpdateCenter] The plugin 'ruby' version : 1.11.0.3905 has not been found on the update center.
2025.10.24 01:44:31 INFO  web[AZoT2aiJMZXN+/fEAACG][o.s.u.c.UpdateCenter] The plugin 'sonarscala' version : 1.11.0.3905 has not been found on the update center.
2025.10.24 01:44:31 INFO  web[AZoT2aiJMZXN+/fEAACG][o.s.u.c.UpdateCenter] The plugin 'text' version : 2.0.2.1090 has not been found on the update center.
2025.10.24 01:44:31 INFO  web[AZoT2aiJMZXN+/fEAACG][o.s.u.c.UpdateCenter] The plugin 'vbnet' version : 8.51.0.59060 has not been found on the update center.
2025.10.24 01:44:31 INFO  web[AZoT2aiJMZXN+/fEAACG][o.s.u.c.UpdateCenter] The plugin 'web' version : 3.7.1.3306 has not been found on the update center.
2025.10.24 01:44:31 INFO  web[AZoT2aiJMZXN+/fEAACG][o.s.u.c.UpdateCenter] The plugin 'xml' version : 2.7.0.3820 has not been found on the update center.
2025.10.24 01:44:31 INFO  web[AZoT2aiJMZXN+/fEAACG][o.s.u.c.UpdateCenter] The plugin 'config' version : 1.2.0.267 has not been found on the update center.
2025.10.24 01:44:31 INFO  web[AZoT2aiJMZXN+/fEAACG][o.s.u.c.UpdateCenter] The plugin 'csharp' version : 8.51.0.59060 has not been found on the update center.
2025.10.24 01:44:31 INFO  web[AZoT2aiJMZXN+/fEAACG][o.s.u.c.UpdateCenter] The plugin 'flex' version : 2.8.0.3166 has not been found on the update center.
2025.10.24 01:44:31 INFO  web[AZoT2aiJMZXN+/fEAACG][o.s.u.c.UpdateCenter] The plugin 'go' version : 1.11.0.3905 has not been found on the update center.
2025.10.24 01:44:31 INFO  web[AZoT2aiJMZXN+/fEAACG][o.s.u.c.UpdateCenter] The plugin 'iac' version : 1.11.0.2847 has not been found on the update center.
2025.10.24 01:44:31 INFO  web[AZoT2aiJMZXN+/fEAACG][o.s.u.c.UpdateCenter] The plugin 'jacoco' version : 1.3.0.1538 has not been found on the update center.
2025.10.24 01:44:31 INFO  web[AZoT2aiJMZXN+/fEAACG][o.s.u.c.UpdateCenter] The plugin 'java' version : 7.16.0.30901 has not been found on the update center.
2025.10.24 01:44:31 INFO  web[AZoT2aiJMZXN+/fEAACG][o.s.u.c.UpdateCenter] The plugin 'javascript' version : 9.13.0.20537 has not been found on the update center.
2025.10.24 01:44:31 INFO  web[AZoT2aiJMZXN+/fEAACG][o.s.u.c.UpdateCenter] The plugin 'kotlin' version : 2.12.0.1956 has not been found on the update center.
2025.10.24 01:44:31 INFO  web[AZoT2aiJMZXN+/fEAACG][o.s.u.c.UpdateCenter] The plugin 'php' version : 3.27.1.9352 has not been found on the update center.
2025.10.24 01:44:31 INFO  web[AZoT2aiJMZXN+/fEAACG][o.s.u.c.UpdateCenter] The plugin 'python' version : 3.24.1.11916 has not been found on the update center.
2025.10.24 01:44:31 INFO  web[AZoT2aiJMZXN+/fEAACG][o.s.u.c.UpdateCenter] The plugin 'ruby' version : 1.11.0.3905 has not been found on the update center.
2025.10.24 01:44:31 INFO  web[AZoT2aiJMZXN+/fEAACG][o.s.u.c.UpdateCenter] The plugin 'sonarscala' version : 1.11.0.3905 has not been found on the update center.
2025.10.24 01:44:31 INFO  web[AZoT2aiJMZXN+/fEAACG][o.s.u.c.UpdateCenter] The plugin 'text' version : 2.0.2.1090 has not been found on the update center.
2025.10.24 01:44:31 INFO  web[AZoT2aiJMZXN+/fEAACG][o.s.u.c.UpdateCenter] The plugin 'vbnet' version : 8.51.0.59060 has not been found on the update center.
2025.10.24 01:44:31 INFO  web[AZoT2aiJMZXN+/fEAACG][o.s.u.c.UpdateCenter] The plugin 'web' version : 3.7.1.3306 has not been found on the update center.
2025.10.24 01:44:31 INFO  web[AZoT2aiJMZXN+/fEAACG][o.s.u.c.UpdateCenter] The plugin 'xml' version : 2.7.0.3820 has not been found on the update center.
2025.10.24 01:44:31 INFO  web[AZoT2aiJMZXN+/fEAACG][o.s.u.c.UpdateCenter] The plugin 'config' version : 1.2.0.267 has not been found on the update center.
2025.10.24 01:44:31 INFO  web[AZoT2aiJMZXN+/fEAACG][o.s.u.c.UpdateCenter] The plugin 'csharp' version : 8.51.0.59060 has not been found on the update center.
2025.10.24 01:44:31 INFO  web[AZoT2aiJMZXN+/fEAACG][o.s.u.c.UpdateCenter] The plugin 'flex' version : 2.8.0.3166 has not been found on the update center.
2025.10.24 01:44:31 INFO  web[AZoT2aiJMZXN+/fEAACG][o.s.u.c.UpdateCenter] The plugin 'go' version : 1.11.0.3905 has not been found on the update center.
2025.10.24 01:44:31 INFO  web[AZoT2aiJMZXN+/fEAACG][o.s.u.c.UpdateCenter] The plugin 'iac' version : 1.11.0.2847 has not been found on the update center.
2025.10.24 01:44:31 INFO  web[AZoT2aiJMZXN+/fEAACG][o.s.u.c.UpdateCenter] The plugin 'jacoco' version : 1.3.0.1538 has not been found on the update center.
2025.10.24 01:44:31 INFO  web[AZoT2aiJMZXN+/fEAACG][o.s.u.c.UpdateCenter] The plugin 'java' version : 7.16.0.30901 has not been found on the update center.
2025.10.24 01:44:31 INFO  web[AZoT2aiJMZXN+/fEAACG][o.s.u.c.UpdateCenter] The plugin 'javascript' version : 9.13.0.20537 has not been found on the update center.
2025.10.24 01:44:31 INFO  web[AZoT2aiJMZXN+/fEAACG][o.s.u.c.UpdateCenter] The plugin 'kotlin' version : 2.12.0.1956 has not been found on the update center.
2025.10.24 01:44:31 INFO  web[AZoT2aiJMZXN+/fEAACG][o.s.u.c.UpdateCenter] The plugin 'php' version : 3.27.1.9352 has not been found on the update center.
2025.10.24 01:44:31 INFO  web[AZoT2aiJMZXN+/fEAACG][o.s.u.c.UpdateCenter] The plugin 'python' version : 3.24.1.11916 has not been found on the update center.
2025.10.24 01:44:31 INFO  web[AZoT2aiJMZXN+/fEAACG][o.s.u.c.UpdateCenter] The plugin 'ruby' version : 1.11.0.3905 has not been found on the update center.
2025.10.24 01:44:31 INFO  web[AZoT2aiJMZXN+/fEAACG][o.s.u.c.UpdateCenter] The plugin 'sonarscala' version : 1.11.0.3905 has not been found on the update center.
2025.10.24 01:44:31 INFO  web[AZoT2aiJMZXN+/fEAACG][o.s.u.c.UpdateCenter] The plugin 'text' version : 2.0.2.1090 has not been found on the update center.
2025.10.24 01:44:31 INFO  web[AZoT2aiJMZXN+/fEAACG][o.s.u.c.UpdateCenter] The plugin 'vbnet' version : 8.51.0.59060 has not been found on the update center.
2025.10.24 01:44:31 INFO  web[AZoT2aiJMZXN+/fEAACG][o.s.u.c.UpdateCenter] The plugin 'web' version : 3.7.1.3306 has not been found on the update center.
2025.10.24 01:44:31 INFO  web[AZoT2aiJMZXN+/fEAACG][o.s.u.c.UpdateCenter] The plugin 'xml' version : 2.7.0.3820 has not been found on the update center.
2025.10.24 01:44:31 INFO  web[AZoT2aiJMZXN+/fEAACG][o.s.u.c.UpdateCenter] The plugin 'config' version : 1.2.0.267 has not been found on the update center.
2025.10.24 01:44:31 INFO  web[AZoT2aiJMZXN+/fEAACG][o.s.u.c.UpdateCenter] The plugin 'csharp' version : 8.51.0.59060 has not been found on the update center.
2025.10.24 01:44:31 INFO  web[AZoT2aiJMZXN+/fEAACG][o.s.u.c.UpdateCenter] The plugin 'flex' version : 2.8.0.3166 has not been found on the update center.
2025.10.24 01:44:31 INFO  web[AZoT2aiJMZXN+/fEAACG][o.s.u.c.UpdateCenter] The plugin 'go' version : 1.11.0.3905 has not been found on the update center.
2025.10.24 01:44:31 INFO  web[AZoT2aiJMZXN+/fEAACG][o.s.u.c.UpdateCenter] The plugin 'iac' version : 1.11.0.2847 has not been found on the update center.
2025.10.24 01:44:31 INFO  web[AZoT2aiJMZXN+/fEAACG][o.s.u.c.UpdateCenter] The plugin 'jacoco' version : 1.3.0.1538 has not been found on the update center.
2025.10.24 01:44:31 INFO  web[AZoT2aiJMZXN+/fEAACG][o.s.u.c.UpdateCenter] The plugin 'java' version : 7.16.0.30901 has not been found on the update center.
2025.10.24 01:44:31 INFO  web[AZoT2aiJMZXN+/fEAACG][o.s.u.c.UpdateCenter] The plugin 'javascript' version : 9.13.0.20537 has not been found on the update center.
2025.10.24 01:44:31 INFO  web[AZoT2aiJMZXN+/fEAACG][o.s.u.c.UpdateCenter] The plugin 'kotlin' version : 2.12.0.1956 has not been found on the update center.
2025.10.24 01:44:31 INFO  web[AZoT2aiJMZXN+/fEAACG][o.s.u.c.UpdateCenter] The plugin 'php' version : 3.27.1.9352 has not been found on the update center.
2025.10.24 01:44:31 INFO  web[AZoT2aiJMZXN+/fEAACG][o.s.u.c.UpdateCenter] The plugin 'python' version : 3.24.1.11916 has not been found on the update center.
2025.10.24 01:44:31 INFO  web[AZoT2aiJMZXN+/fEAACG][o.s.u.c.UpdateCenter] The plugin 'ruby' version : 1.11.0.3905 has not been found on the update center.
2025.10.24 01:44:31 INFO  web[AZoT2aiJMZXN+/fEAACG][o.s.u.c.UpdateCenter] The plugin 'sonarscala' version : 1.11.0.3905 has not been found on the update center.
2025.10.24 01:44:31 INFO  web[AZoT2aiJMZXN+/fEAACG][o.s.u.c.UpdateCenter] The plugin 'text' version : 2.0.2.1090 has not been found on the update center.
2025.10.24 01:44:31 INFO  web[AZoT2aiJMZXN+/fEAACG][o.s.u.c.UpdateCenter] The plugin 'vbnet' version : 8.51.0.59060 has not been found on the update center.
2025.10.24 01:44:31 INFO  web[AZoT2aiJMZXN+/fEAACG][o.s.u.c.UpdateCenter] The plugin 'web' version : 3.7.1.3306 has not been found on the update center.
2025.10.24 01:44:31 INFO  web[AZoT2aiJMZXN+/fEAACG][o.s.u.c.UpdateCenter] The plugin 'xml' version : 2.7.0.3820 has not been found on the update center.
2025.10.24 01:44:31 INFO  web[AZoT2aiJMZXN+/fEAACG][o.s.u.c.UpdateCenter] The plugin 'config' version : 1.2.0.267 has not been found on the update center.
2025.10.24 01:44:31 INFO  web[AZoT2aiJMZXN+/fEAACG][o.s.u.c.UpdateCenter] The plugin 'csharp' version : 8.51.0.59060 has not been found on the update center.
2025.10.24 01:44:31 INFO  web[AZoT2aiJMZXN+/fEAACG][o.s.u.c.UpdateCenter] The plugin 'flex' version : 2.8.0.3166 has not been found on the update center.
2025.10.24 01:44:31 INFO  web[AZoT2aiJMZXN+/fEAACG][o.s.u.c.UpdateCenter] The plugin 'go' version : 1.11.0.3905 has not been found on the update center.
2025.10.24 01:44:31 INFO  web[AZoT2aiJMZXN+/fEAACG][o.s.u.c.UpdateCenter] The plugin 'iac' version : 1.11.0.2847 has not been found on the update center.
2025.10.24 01:44:31 INFO  web[AZoT2aiJMZXN+/fEAACG][o.s.u.c.UpdateCenter] The plugin 'jacoco' version : 1.3.0.1538 has not been found on the update center.
2025.10.24 01:44:31 INFO  web[AZoT2aiJMZXN+/fEAACG][o.s.u.c.UpdateCenter] The plugin 'java' version : 7.16.0.30901 has not been found on the update center.
2025.10.24 01:44:31 INFO  web[AZoT2aiJMZXN+/fEAACG][o.s.u.c.UpdateCenter] The plugin 'javascript' version : 9.13.0.20537 has not been found on the update center.
2025.10.24 01:44:31 INFO  web[AZoT2aiJMZXN+/fEAACG][o.s.u.c.UpdateCenter] The plugin 'kotlin' version : 2.12.0.1956 has not been found on the update center.
2025.10.24 01:44:31 INFO  web[AZoT2aiJMZXN+/fEAACG][o.s.u.c.UpdateCenter] The plugin 'php' version : 3.27.1.9352 has not been found on the update center.
2025.10.24 01:44:31 INFO  web[AZoT2aiJMZXN+/fEAACG][o.s.u.c.UpdateCenter] The plugin 'python' version : 3.24.1.11916 has not been found on the update center.
2025.10.24 01:44:31 INFO  web[AZoT2aiJMZXN+/fEAACG][o.s.u.c.UpdateCenter] The plugin 'ruby' version : 1.11.0.3905 has not been found on the update center.
2025.10.24 01:44:31 INFO  web[AZoT2aiJMZXN+/fEAACG][o.s.u.c.UpdateCenter] The plugin 'sonarscala' version : 1.11.0.3905 has not been found on the update center.
2025.10.24 01:44:31 INFO  web[AZoT2aiJMZXN+/fEAACG][o.s.u.c.UpdateCenter] The plugin 'text' version : 2.0.2.1090 has not been found on the update center.
2025.10.24 01:44:31 INFO  web[AZoT2aiJMZXN+/fEAACG][o.s.u.c.UpdateCenter] The plugin 'vbnet' version : 8.51.0.59060 has not been found on the update center.
2025.10.24 01:44:31 INFO  web[AZoT2aiJMZXN+/fEAACG][o.s.u.c.UpdateCenter] The plugin 'web' version : 3.7.1.3306 has not been found on the update center.
2025.10.24 01:44:31 INFO  web[AZoT2aiJMZXN+/fEAACG][o.s.u.c.UpdateCenter] The plugin 'xml' version : 2.7.0.3820 has not been found on the update center.
2025.10.24 01:44:31 INFO  web[AZoT2aiJMZXN+/fEAACG][o.s.u.c.UpdateCenter] The plugin 'config' version : 1.2.0.267 has not been found on the update center.
2025.10.24 01:44:31 INFO  web[AZoT2aiJMZXN+/fEAACG][o.s.u.c.UpdateCenter] The plugin 'csharp' version : 8.51.0.59060 has not been found on the update center.
2025.10.24 01:44:31 INFO  web[AZoT2aiJMZXN+/fEAACG][o.s.u.c.UpdateCenter] The plugin 'flex' version : 2.8.0.3166 has not been found on the update center.
2025.10.24 01:44:31 INFO  web[AZoT2aiJMZXN+/fEAACG][o.s.u.c.UpdateCenter] The plugin 'go' version : 1.11.0.3905 has not been found on the update center.
2025.10.24 01:44:31 INFO  web[AZoT2aiJMZXN+/fEAACG][o.s.u.c.UpdateCenter] The plugin 'iac' version : 1.11.0.2847 has not been found on the update center.
2025.10.24 01:44:31 INFO  web[AZoT2aiJMZXN+/fEAACG][o.s.u.c.UpdateCenter] The plugin 'jacoco' version : 1.3.0.1538 has not been found on the update center.
2025.10.24 01:44:31 INFO  web[AZoT2aiJMZXN+/fEAACG][o.s.u.c.UpdateCenter] The plugin 'java' version : 7.16.0.30901 has not been found on the update center.
2025.10.24 01:44:31 INFO  web[AZoT2aiJMZXN+/fEAACG][o.s.u.c.UpdateCenter] The plugin 'javascript' version : 9.13.0.20537 has not been found on the update center.
2025.10.24 01:44:31 INFO  web[AZoT2aiJMZXN+/fEAACG][o.s.u.c.UpdateCenter] The plugin 'kotlin' version : 2.12.0.1956 has not been found on the update center.
2025.10.24 01:44:31 INFO  web[AZoT2aiJMZXN+/fEAACG][o.s.u.c.UpdateCenter] The plugin 'php' version : 3.27.1.9352 has not been found on the update center.
2025.10.24 01:44:31 INFO  web[AZoT2aiJMZXN+/fEAACG][o.s.u.c.UpdateCenter] The plugin 'python' version : 3.24.1.11916 has not been found on the update center.
2025.10.24 01:44:31 INFO  web[AZoT2aiJMZXN+/fEAACG][o.s.u.c.UpdateCenter] The plugin 'ruby' version : 1.11.0.3905 has not been found on the update center.
2025.10.24 01:44:31 INFO  web[AZoT2aiJMZXN+/fEAACG][o.s.u.c.UpdateCenter] The plugin 'sonarscala' version : 1.11.0.3905 has not been found on the update center.
2025.10.24 01:44:31 INFO  web[AZoT2aiJMZXN+/fEAACG][o.s.u.c.UpdateCenter] The plugin 'text' version : 2.0.2.1090 has not been found on the update center.
2025.10.24 01:44:31 INFO  web[AZoT2aiJMZXN+/fEAACG][o.s.u.c.UpdateCenter] The plugin 'vbnet' version : 8.51.0.59060 has not been found on the update center.
2025.10.24 01:44:31 INFO  web[AZoT2aiJMZXN+/fEAACG][o.s.u.c.UpdateCenter] The plugin 'web' version : 3.7.1.3306 has not been found on the update center.
2025.10.24 01:44:31 INFO  web[AZoT2aiJMZXN+/fEAACG][o.s.u.c.UpdateCenter] The plugin 'xml' version : 2.7.0.3820 has not been found on the update center.
2025.10.24 01:44:31 INFO  web[AZoT2aiJMZXN+/fEAACG][o.s.u.c.UpdateCenter] The plugin 'config' version : 1.2.0.267 has not been found on the update center.
2025.10.24 01:44:31 INFO  web[AZoT2aiJMZXN+/fEAACG][o.s.u.c.UpdateCenter] The plugin 'csharp' version : 8.51.0.59060 has not been found on the update center.
2025.10.24 01:44:31 INFO  web[AZoT2aiJMZXN+/fEAACG][o.s.u.c.UpdateCenter] The plugin 'flex' version : 2.8.0.3166 has not been found on the update center.
2025.10.24 01:44:31 INFO  web[AZoT2aiJMZXN+/fEAACG][o.s.u.c.UpdateCenter] The plugin 'go' version : 1.11.0.3905 has not been found on the update center.
2025.10.24 01:44:31 INFO  web[AZoT2aiJMZXN+/fEAACG][o.s.u.c.UpdateCenter] The plugin 'iac' version : 1.11.0.2847 has not been found on the update center.
2025.10.24 01:44:31 INFO  web[AZoT2aiJMZXN+/fEAACG][o.s.u.c.UpdateCenter] The plugin 'jacoco' version : 1.3.0.1538 has not been found on the update center.
2025.10.24 01:44:31 INFO  web[AZoT2aiJMZXN+/fEAACG][o.s.u.c.UpdateCenter] The plugin 'java' version : 7.16.0.30901 has not been found on the update center.
2025.10.24 01:44:31 INFO  web[AZoT2aiJMZXN+/fEAACG][o.s.u.c.UpdateCenter] The plugin 'javascript' version : 9.13.0.20537 has not been found on the update center.
2025.10.24 01:44:31 INFO  web[AZoT2aiJMZXN+/fEAACG][o.s.u.c.UpdateCenter] The plugin 'kotlin' version : 2.12.0.1956 has not been found on the update center.
2025.10.24 01:44:31 INFO  web[AZoT2aiJMZXN+/fEAACG][o.s.u.c.UpdateCenter] The plugin 'php' version : 3.27.1.9352 has not been found on the update center.
2025.10.24 01:44:31 INFO  web[AZoT2aiJMZXN+/fEAACG][o.s.u.c.UpdateCenter] The plugin 'python' version : 3.24.1.11916 has not been found on the update center.
2025.10.24 01:44:31 INFO  web[AZoT2aiJMZXN+/fEAACG][o.s.u.c.UpdateCenter] The plugin 'ruby' version : 1.11.0.3905 has not been found on the update center.
2025.10.24 01:44:31 INFO  web[AZoT2aiJMZXN+/fEAACG][o.s.u.c.UpdateCenter] The plugin 'sonarscala' version : 1.11.0.3905 has not been found on the update center.
2025.10.24 01:44:31 INFO  web[AZoT2aiJMZXN+/fEAACG][o.s.u.c.UpdateCenter] The plugin 'text' version : 2.0.2.1090 has not been found on the update center.
2025.10.24 01:44:31 INFO  web[AZoT2aiJMZXN+/fEAACG][o.s.u.c.UpdateCenter] The plugin 'vbnet' version : 8.51.0.59060 has not been found on the update center.
2025.10.24 01:44:31 INFO  web[AZoT2aiJMZXN+/fEAACG][o.s.u.c.UpdateCenter] The plugin 'web' version : 3.7.1.3306 has not been found on the update center.
2025.10.24 01:44:31 INFO  web[AZoT2aiJMZXN+/fEAACG][o.s.u.c.UpdateCenter] The plugin 'xml' version : 2.7.0.3820 has not been found on the update center.
2025.10.24 01:44:31 INFO  web[AZoT2aiJMZXN+/fEAACG][o.s.u.c.UpdateCenter] The plugin 'config' version : 1.2.0.267 has not been found on the update center.
2025.10.24 01:44:31 INFO  web[AZoT2aiJMZXN+/fEAACG][o.s.u.c.UpdateCenter] The plugin 'csharp' version : 8.51.0.59060 has not been found on the update center.
2025.10.24 01:44:31 INFO  web[AZoT2aiJMZXN+/fEAACG][o.s.u.c.UpdateCenter] The plugin 'flex' version : 2.8.0.3166 has not been found on the update center.
2025.10.24 01:44:31 INFO  web[AZoT2aiJMZXN+/fEAACG][o.s.u.c.UpdateCenter] The plugin 'go' version : 1.11.0.3905 has not been found on the update center.
2025.10.24 01:44:31 INFO  web[AZoT2aiJMZXN+/fEAACG][o.s.u.c.UpdateCenter] The plugin 'iac' version : 1.11.0.2847 has not been found on the update center.
2025.10.24 01:44:31 INFO  web[AZoT2aiJMZXN+/fEAACG][o.s.u.c.UpdateCenter] The plugin 'jacoco' version : 1.3.0.1538 has not been found on the update center.
2025.10.24 01:44:31 INFO  web[AZoT2aiJMZXN+/fEAACG][o.s.u.c.UpdateCenter] The plugin 'java' version : 7.16.0.30901 has not been found on the update center.
2025.10.24 01:44:31 INFO  web[AZoT2aiJMZXN+/fEAACG][o.s.u.c.UpdateCenter] The plugin 'javascript' version : 9.13.0.20537 has not been found on the update center.
2025.10.24 01:44:31 INFO  web[AZoT2aiJMZXN+/fEAACG][o.s.u.c.UpdateCenter] The plugin 'kotlin' version : 2.12.0.1956 has not been found on the update center.
2025.10.24 01:44:31 INFO  web[AZoT2aiJMZXN+/fEAACG][o.s.u.c.UpdateCenter] The plugin 'php' version : 3.27.1.9352 has not been found on the update center.
2025.10.24 01:44:31 INFO  web[AZoT2aiJMZXN+/fEAACG][o.s.u.c.UpdateCenter] The plugin 'python' version : 3.24.1.11916 has not been found on the update center.
2025.10.24 01:44:31 INFO  web[AZoT2aiJMZXN+/fEAACG][o.s.u.c.UpdateCenter] The plugin 'ruby' version : 1.11.0.3905 has not been found on the update center.
2025.10.24 01:44:31 INFO  web[AZoT2aiJMZXN+/fEAACG][o.s.u.c.UpdateCenter] The plugin 'sonarscala' version : 1.11.0.3905 has not been found on the update center.
2025.10.24 01:44:31 INFO  web[AZoT2aiJMZXN+/fEAACG][o.s.u.c.UpdateCenter] The plugin 'text' version : 2.0.2.1090 has not been found on the update center.
2025.10.24 01:44:31 INFO  web[AZoT2aiJMZXN+/fEAACG][o.s.u.c.UpdateCenter] The plugin 'vbnet' version : 8.51.0.59060 has not been found on the update center.
2025.10.24 01:44:31 INFO  web[AZoT2aiJMZXN+/fEAACG][o.s.u.c.UpdateCenter] The plugin 'web' version : 3.7.1.3306 has not been found on the update center.
2025.10.24 01:44:31 INFO  web[AZoT2aiJMZXN+/fEAACG][o.s.u.c.UpdateCenter] The plugin 'xml' version : 2.7.0.3820 has not been found on the update center.
2025.10.24 01:44:31 INFO  web[AZoT2aiJMZXN+/fEAACG][o.s.u.c.UpdateCenter] The plugin 'config' version : 1.2.0.267 has not been found on the update center.
2025.10.24 01:44:31 INFO  web[AZoT2aiJMZXN+/fEAACG][o.s.u.c.UpdateCenter] The plugin 'csharp' version : 8.51.0.59060 has not been found on the update center.
2025.10.24 01:44:31 INFO  web[AZoT2aiJMZXN+/fEAACG][o.s.u.c.UpdateCenter] The plugin 'flex' version : 2.8.0.3166 has not been found on the update center.
2025.10.24 01:44:31 INFO  web[AZoT2aiJMZXN+/fEAACG][o.s.u.c.UpdateCenter] The plugin 'go' version : 1.11.0.3905 has not been found on the update center.
2025.10.24 01:44:31 INFO  web[AZoT2aiJMZXN+/fEAACG][o.s.u.c.UpdateCenter] The plugin 'iac' version : 1.11.0.2847 has not been found on the update center.
2025.10.24 01:44:31 INFO  web[AZoT2aiJMZXN+/fEAACG][o.s.u.c.UpdateCenter] The plugin 'jacoco' version : 1.3.0.1538 has not been found on the update center.
2025.10.24 01:44:31 INFO  web[AZoT2aiJMZXN+/fEAACG][o.s.u.c.UpdateCenter] The plugin 'java' version : 7.16.0.30901 has not been found on the update center.
2025.10.24 01:44:31 INFO  web[AZoT2aiJMZXN+/fEAACG][o.s.u.c.UpdateCenter] The plugin 'javascript' version : 9.13.0.20537 has not been found on the update center.
2025.10.24 01:44:31 INFO  web[AZoT2aiJMZXN+/fEAACG][o.s.u.c.UpdateCenter] The plugin 'kotlin' version : 2.12.0.1956 has not been found on the update center.
2025.10.24 01:44:31 INFO  web[AZoT2aiJMZXN+/fEAACG][o.s.u.c.UpdateCenter] The plugin 'php' version : 3.27.1.9352 has not been found on the update center.
2025.10.24 01:44:31 INFO  web[AZoT2aiJMZXN+/fEAACG][o.s.u.c.UpdateCenter] The plugin 'python' version : 3.24.1.11916 has not been found on the update center.
2025.10.24 01:44:31 INFO  web[AZoT2aiJMZXN+/fEAACG][o.s.u.c.UpdateCenter] The plugin 'ruby' version : 1.11.0.3905 has not been found on the update center.
2025.10.24 01:44:31 INFO  web[AZoT2aiJMZXN+/fEAACG][o.s.u.c.UpdateCenter] The plugin 'sonarscala' version : 1.11.0.3905 has not been found on the update center.
2025.10.24 01:44:31 INFO  web[AZoT2aiJMZXN+/fEAACG][o.s.u.c.UpdateCenter] The plugin 'text' version : 2.0.2.1090 has not been found on the update center.
2025.10.24 01:44:31 INFO  web[AZoT2aiJMZXN+/fEAACG][o.s.u.c.UpdateCenter] The plugin 'vbnet' version : 8.51.0.59060 has not been found on the update center.
2025.10.24 01:44:31 INFO  web[AZoT2aiJMZXN+/fEAACG][o.s.u.c.UpdateCenter] The plugin 'web' version : 3.7.1.3306 has not been found on the update center.
2025.10.24 01:44:31 INFO  web[AZoT2aiJMZXN+/fEAACG][o.s.u.c.UpdateCenter] The plugin 'xml' version : 2.7.0.3820 has not been found on the update center.
2025.10.24 01:44:31 INFO  web[AZoT2aiJMZXN+/fEAACG][o.s.u.c.UpdateCenter] The plugin 'config' version : 1.2.0.267 has not been found on the update center.
2025.10.24 01:44:31 INFO  web[AZoT2aiJMZXN+/fEAACG][o.s.u.c.UpdateCenter] The plugin 'csharp' version : 8.51.0.59060 has not been found on the update center.
2025.10.24 01:44:31 INFO  web[AZoT2aiJMZXN+/fEAACG][o.s.u.c.UpdateCenter] The plugin 'flex' version : 2.8.0.3166 has not been found on the update center.
2025.10.24 01:44:31 INFO  web[AZoT2aiJMZXN+/fEAACG][o.s.u.c.UpdateCenter] The plugin 'go' version : 1.11.0.3905 has not been found on the update center.
2025.10.24 01:44:31 INFO  web[AZoT2aiJMZXN+/fEAACG][o.s.u.c.UpdateCenter] The plugin 'iac' version : 1.11.0.2847 has not been found on the update center.
2025.10.24 01:44:31 INFO  web[AZoT2aiJMZXN+/fEAACG][o.s.u.c.UpdateCenter] The plugin 'jacoco' version : 1.3.0.1538 has not been found on the update center.
2025.10.24 01:44:31 INFO  web[AZoT2aiJMZXN+/fEAACG][o.s.u.c.UpdateCenter] The plugin 'java' version : 7.16.0.30901 has not been found on the update center.
2025.10.24 01:44:31 INFO  web[AZoT2aiJMZXN+/fEAACG][o.s.u.c.UpdateCenter] The plugin 'javascript' version : 9.13.0.20537 has not been found on the update center.
2025.10.24 01:44:31 INFO  web[AZoT2aiJMZXN+/fEAACG][o.s.u.c.UpdateCenter] The plugin 'kotlin' version : 2.12.0.1956 has not been found on the update center.
2025.10.24 01:44:31 INFO  web[AZoT2aiJMZXN+/fEAACG][o.s.u.c.UpdateCenter] The plugin 'php' version : 3.27.1.9352 has not been found on the update center.
2025.10.24 01:44:31 INFO  web[AZoT2aiJMZXN+/fEAACG][o.s.u.c.UpdateCenter] The plugin 'python' version : 3.24.1.11916 has not been found on the update center.
2025.10.24 01:44:31 INFO  web[AZoT2aiJMZXN+/fEAACG][o.s.u.c.UpdateCenter] The plugin 'ruby' version : 1.11.0.3905 has not been found on the update center.
2025.10.24 01:44:31 INFO  web[AZoT2aiJMZXN+/fEAACG][o.s.u.c.UpdateCenter] The plugin 'sonarscala' version : 1.11.0.3905 has not been found on the update center.
2025.10.24 01:44:31 INFO  web[AZoT2aiJMZXN+/fEAACG][o.s.u.c.UpdateCenter] The plugin 'text' version : 2.0.2.1090 has not been found on the update center.
2025.10.24 01:44:31 INFO  web[AZoT2aiJMZXN+/fEAACG][o.s.u.c.UpdateCenter] The plugin 'vbnet' version : 8.51.0.59060 has not been found on the update center.
2025.10.24 01:44:31 INFO  web[AZoT2aiJMZXN+/fEAACG][o.s.u.c.UpdateCenter] The plugin 'web' version : 3.7.1.3306 has not been found on the update center.
2025.10.24 01:44:31 INFO  web[AZoT2aiJMZXN+/fEAACG][o.s.u.c.UpdateCenter] The plugin 'xml' version : 2.7.0.3820 has not been found on the update center.
2025.10.24 01:44:49 INFO  web[AZoT2aiJMZXN+/fEAACX][o.s.u.c.UpdateCenter] The plugin 'config' version : 1.2.0.267 has not been found on the update center.
2025.10.24 01:44:49 INFO  web[AZoT2aiJMZXN+/fEAACX][o.s.u.c.UpdateCenter] The plugin 'csharp' version : 8.51.0.59060 has not been found on the update center.
2025.10.24 01:44:49 INFO  web[AZoT2aiJMZXN+/fEAACX][o.s.u.c.UpdateCenter] The plugin 'flex' version : 2.8.0.3166 has not been found on the update center.
2025.10.24 01:44:49 INFO  web[AZoT2aiJMZXN+/fEAACX][o.s.u.c.UpdateCenter] The plugin 'go' version : 1.11.0.3905 has not been found on the update center.
2025.10.24 01:44:49 INFO  web[AZoT2aiJMZXN+/fEAACX][o.s.u.c.UpdateCenter] The plugin 'iac' version : 1.11.0.2847 has not been found on the update center.
2025.10.24 01:44:49 INFO  web[AZoT2aiJMZXN+/fEAACX][o.s.u.c.UpdateCenter] The plugin 'jacoco' version : 1.3.0.1538 has not been found on the update center.
2025.10.24 01:44:49 INFO  web[AZoT2aiJMZXN+/fEAACX][o.s.u.c.UpdateCenter] The plugin 'java' version : 7.16.0.30901 has not been found on the update center.
2025.10.24 01:44:49 INFO  web[AZoT2aiJMZXN+/fEAACX][o.s.u.c.UpdateCenter] The plugin 'javascript' version : 9.13.0.20537 has not been found on the update center.
2025.10.24 01:44:49 INFO  web[AZoT2aiJMZXN+/fEAACX][o.s.u.c.UpdateCenter] The plugin 'kotlin' version : 2.12.0.1956 has not been found on the update center.
2025.10.24 01:44:49 INFO  web[AZoT2aiJMZXN+/fEAACX][o.s.u.c.UpdateCenter] The plugin 'php' version : 3.27.1.9352 has not been found on the update center.
2025.10.24 01:44:49 INFO  web[AZoT2aiJMZXN+/fEAACX][o.s.u.c.UpdateCenter] The plugin 'python' version : 3.24.1.11916 has not been found on the update center.
2025.10.24 01:44:49 INFO  web[AZoT2aiJMZXN+/fEAACX][o.s.u.c.UpdateCenter] The plugin 'ruby' version : 1.11.0.3905 has not been found on the update center.
2025.10.24 01:44:49 INFO  web[AZoT2aiJMZXN+/fEAACX][o.s.u.c.UpdateCenter] The plugin 'sonarscala' version : 1.11.0.3905 has not been found on the update center.
2025.10.24 01:44:49 INFO  web[AZoT2aiJMZXN+/fEAACX][o.s.u.c.UpdateCenter] The plugin 'text' version : 2.0.2.1090 has not been found on the update center.
2025.10.24 01:44:49 INFO  web[AZoT2aiJMZXN+/fEAACX][o.s.u.c.UpdateCenter] The plugin 'vbnet' version : 8.51.0.59060 has not been found on the update center.
2025.10.24 01:44:49 INFO  web[AZoT2aiJMZXN+/fEAACX][o.s.u.c.UpdateCenter] The plugin 'web' version : 3.7.1.3306 has not been found on the update center.
2025.10.24 01:44:49 INFO  web[AZoT2aiJMZXN+/fEAACX][o.s.u.c.UpdateCenter] The plugin 'xml' version : 2.7.0.3820 has not been found on the update center.
2025.10.24 01:44:49 INFO  web[AZoT2aiJMZXN+/fEAACX][o.s.u.c.UpdateCenter] The plugin 'config' version : 1.2.0.267 has not been found on the update center.
2025.10.24 01:44:49 INFO  web[AZoT2aiJMZXN+/fEAACX][o.s.u.c.UpdateCenter] The plugin 'csharp' version : 8.51.0.59060 has not been found on the update center.
2025.10.24 01:44:49 INFO  web[AZoT2aiJMZXN+/fEAACX][o.s.u.c.UpdateCenter] The plugin 'flex' version : 2.8.0.3166 has not been found on the update center.
2025.10.24 01:44:49 INFO  web[AZoT2aiJMZXN+/fEAACX][o.s.u.c.UpdateCenter] The plugin 'go' version : 1.11.0.3905 has not been found on the update center.
2025.10.24 01:44:49 INFO  web[AZoT2aiJMZXN+/fEAACX][o.s.u.c.UpdateCenter] The plugin 'iac' version : 1.11.0.2847 has not been found on the update center.
2025.10.24 01:44:49 INFO  web[AZoT2aiJMZXN+/fEAACX][o.s.u.c.UpdateCenter] The plugin 'jacoco' version : 1.3.0.1538 has not been found on the update center.
2025.10.24 01:44:49 INFO  web[AZoT2aiJMZXN+/fEAACX][o.s.u.c.UpdateCenter] The plugin 'java' version : 7.16.0.30901 has not been found on the update center.
2025.10.24 01:44:49 INFO  web[AZoT2aiJMZXN+/fEAACX][o.s.u.c.UpdateCenter] The plugin 'javascript' version : 9.13.0.20537 has not been found on the update center.
2025.10.24 01:44:49 INFO  web[AZoT2aiJMZXN+/fEAACX][o.s.u.c.UpdateCenter] The plugin 'kotlin' version : 2.12.0.1956 has not been found on the update center.
2025.10.24 01:44:49 INFO  web[AZoT2aiJMZXN+/fEAACX][o.s.u.c.UpdateCenter] The plugin 'php' version : 3.27.1.9352 has not been found on the update center.
2025.10.24 01:44:49 INFO  web[AZoT2aiJMZXN+/fEAACX][o.s.u.c.UpdateCenter] The plugin 'python' version : 3.24.1.11916 has not been found on the update center.
2025.10.24 01:44:49 INFO  web[AZoT2aiJMZXN+/fEAACX][o.s.u.c.UpdateCenter] The plugin 'ruby' version : 1.11.0.3905 has not been found on the update center.
2025.10.24 01:44:49 INFO  web[AZoT2aiJMZXN+/fEAACX][o.s.u.c.UpdateCenter] The plugin 'sonarscala' version : 1.11.0.3905 has not been found on the update center.
2025.10.24 01:44:49 INFO  web[AZoT2aiJMZXN+/fEAACX][o.s.u.c.UpdateCenter] The plugin 'text' version : 2.0.2.1090 has not been found on the update center.
2025.10.24 01:44:49 INFO  web[AZoT2aiJMZXN+/fEAACX][o.s.u.c.UpdateCenter] The plugin 'vbnet' version : 8.51.0.59060 has not been found on the update center.
2025.10.24 01:44:49 INFO  web[AZoT2aiJMZXN+/fEAACX][o.s.u.c.UpdateCenter] The plugin 'web' version : 3.7.1.3306 has not been found on the update center.
2025.10.24 01:44:49 INFO  web[AZoT2aiJMZXN+/fEAACX][o.s.u.c.UpdateCenter] The plugin 'xml' version : 2.7.0.3820 has not been found on the update center.
2025.10.24 01:44:49 INFO  web[AZoT2aiJMZXN+/fEAACX][o.s.u.c.UpdateCenter] The plugin 'config' version : 1.2.0.267 has not been found on the update center.
2025.10.24 01:44:49 INFO  web[AZoT2aiJMZXN+/fEAACX][o.s.u.c.UpdateCenter] The plugin 'csharp' version : 8.51.0.59060 has not been found on the update center.
2025.10.24 01:44:49 INFO  web[AZoT2aiJMZXN+/fEAACX][o.s.u.c.UpdateCenter] The plugin 'flex' version : 2.8.0.3166 has not been found on the update center.
2025.10.24 01:44:49 INFO  web[AZoT2aiJMZXN+/fEAACX][o.s.u.c.UpdateCenter] The plugin 'go' version : 1.11.0.3905 has not been found on the update center.
2025.10.24 01:44:49 INFO  web[AZoT2aiJMZXN+/fEAACX][o.s.u.c.UpdateCenter] The plugin 'iac' version : 1.11.0.2847 has not been found on the update center.
2025.10.24 01:44:49 INFO  web[AZoT2aiJMZXN+/fEAACX][o.s.u.c.UpdateCenter] The plugin 'jacoco' version : 1.3.0.1538 has not been found on the update center.
2025.10.24 01:44:49 INFO  web[AZoT2aiJMZXN+/fEAACX][o.s.u.c.UpdateCenter] The plugin 'java' version : 7.16.0.30901 has not been found on the update center.
2025.10.24 01:44:49 INFO  web[AZoT2aiJMZXN+/fEAACX][o.s.u.c.UpdateCenter] The plugin 'javascript' version : 9.13.0.20537 has not been found on the update center.
2025.10.24 01:44:49 INFO  web[AZoT2aiJMZXN+/fEAACX][o.s.u.c.UpdateCenter] The plugin 'kotlin' version : 2.12.0.1956 has not been found on the update center.
2025.10.24 01:44:49 INFO  web[AZoT2aiJMZXN+/fEAACX][o.s.u.c.UpdateCenter] The plugin 'php' version : 3.27.1.9352 has not been found on the update center.
2025.10.24 01:44:49 INFO  web[AZoT2aiJMZXN+/fEAACX][o.s.u.c.UpdateCenter] The plugin 'python' version : 3.24.1.11916 has not been found on the update center.
2025.10.24 01:44:49 INFO  web[AZoT2aiJMZXN+/fEAACX][o.s.u.c.UpdateCenter] The plugin 'ruby' version : 1.11.0.3905 has not been found on the update center.
2025.10.24 01:44:49 INFO  web[AZoT2aiJMZXN+/fEAACX][o.s.u.c.UpdateCenter] The plugin 'sonarscala' version : 1.11.0.3905 has not been found on the update center.
2025.10.24 01:44:49 INFO  web[AZoT2aiJMZXN+/fEAACX][o.s.u.c.UpdateCenter] The plugin 'text' version : 2.0.2.1090 has not been found on the update center.
2025.10.24 01:44:49 INFO  web[AZoT2aiJMZXN+/fEAACX][o.s.u.c.UpdateCenter] The plugin 'vbnet' version : 8.51.0.59060 has not been found on the update center.
2025.10.24 01:44:49 INFO  web[AZoT2aiJMZXN+/fEAACX][o.s.u.c.UpdateCenter] The plugin 'web' version : 3.7.1.3306 has not been found on the update center.
2025.10.24 01:44:49 INFO  web[AZoT2aiJMZXN+/fEAACX][o.s.u.c.UpdateCenter] The plugin 'xml' version : 2.7.0.3820 has not been found on the update center.
2025.10.24 01:44:49 INFO  web[AZoT2aiJMZXN+/fEAACX][o.s.u.c.UpdateCenter] The plugin 'config' version : 1.2.0.267 has not been found on the update center.
2025.10.24 01:44:49 INFO  web[AZoT2aiJMZXN+/fEAACX][o.s.u.c.UpdateCenter] The plugin 'csharp' version : 8.51.0.59060 has not been found on the update center.
2025.10.24 01:44:49 INFO  web[AZoT2aiJMZXN+/fEAACX][o.s.u.c.UpdateCenter] The plugin 'flex' version : 2.8.0.3166 has not been found on the update center.
2025.10.24 01:44:49 INFO  web[AZoT2aiJMZXN+/fEAACX][o.s.u.c.UpdateCenter] The plugin 'go' version : 1.11.0.3905 has not been found on the update center.
2025.10.24 01:44:49 INFO  web[AZoT2aiJMZXN+/fEAACX][o.s.u.c.UpdateCenter] The plugin 'iac' version : 1.11.0.2847 has not been found on the update center.
2025.10.24 01:44:49 INFO  web[AZoT2aiJMZXN+/fEAACX][o.s.u.c.UpdateCenter] The plugin 'jacoco' version : 1.3.0.1538 has not been found on the update center.
2025.10.24 01:44:49 INFO  web[AZoT2aiJMZXN+/fEAACX][o.s.u.c.UpdateCenter] The plugin 'java' version : 7.16.0.30901 has not been found on the update center.
2025.10.24 01:44:49 INFO  web[AZoT2aiJMZXN+/fEAACX][o.s.u.c.UpdateCenter] The plugin 'javascript' version : 9.13.0.20537 has not been found on the update center.
2025.10.24 01:44:49 INFO  web[AZoT2aiJMZXN+/fEAACX][o.s.u.c.UpdateCenter] The plugin 'kotlin' version : 2.12.0.1956 has not been found on the update center.
2025.10.24 01:44:49 INFO  web[AZoT2aiJMZXN+/fEAACX][o.s.u.c.UpdateCenter] The plugin 'php' version : 3.27.1.9352 has not been found on the update center.
2025.10.24 01:44:49 INFO  web[AZoT2aiJMZXN+/fEAACX][o.s.u.c.UpdateCenter] The plugin 'python' version : 3.24.1.11916 has not been found on the update center.
2025.10.24 01:44:49 INFO  web[AZoT2aiJMZXN+/fEAACX][o.s.u.c.UpdateCenter] The plugin 'ruby' version : 1.11.0.3905 has not been found on the update center.
2025.10.24 01:44:49 INFO  web[AZoT2aiJMZXN+/fEAACX][o.s.u.c.UpdateCenter] The plugin 'sonarscala' version : 1.11.0.3905 has not been found on the update center.
2025.10.24 01:44:49 INFO  web[AZoT2aiJMZXN+/fEAACX][o.s.u.c.UpdateCenter] The plugin 'text' version : 2.0.2.1090 has not been found on the update center.
2025.10.24 01:44:49 INFO  web[AZoT2aiJMZXN+/fEAACX][o.s.u.c.UpdateCenter] The plugin 'vbnet' version : 8.51.0.59060 has not been found on the update center.
2025.10.24 01:44:49 INFO  web[AZoT2aiJMZXN+/fEAACX][o.s.u.c.UpdateCenter] The plugin 'web' version : 3.7.1.3306 has not been found on the update center.
2025.10.24 01:44:49 INFO  web[AZoT2aiJMZXN+/fEAACX][o.s.u.c.UpdateCenter] The plugin 'xml' version : 2.7.0.3820 has not been found on the update center.
2025.10.24 01:44:49 INFO  web[AZoT2aiJMZXN+/fEAACX][o.s.u.c.UpdateCenter] The plugin 'config' version : 1.2.0.267 has not been found on the update center.
2025.10.24 01:44:49 INFO  web[AZoT2aiJMZXN+/fEAACX][o.s.u.c.UpdateCenter] The plugin 'csharp' version : 8.51.0.59060 has not been found on the update center.
2025.10.24 01:44:49 INFO  web[AZoT2aiJMZXN+/fEAACX][o.s.u.c.UpdateCenter] The plugin 'flex' version : 2.8.0.3166 has not been found on the update center.
2025.10.24 01:44:49 INFO  web[AZoT2aiJMZXN+/fEAACX][o.s.u.c.UpdateCenter] The plugin 'go' version : 1.11.0.3905 has not been found on the update center.
2025.10.24 01:44:49 INFO  web[AZoT2aiJMZXN+/fEAACX][o.s.u.c.UpdateCenter] The plugin 'iac' version : 1.11.0.2847 has not been found on the update center.
2025.10.24 01:44:49 INFO  web[AZoT2aiJMZXN+/fEAACX][o.s.u.c.UpdateCenter] The plugin 'jacoco' version : 1.3.0.1538 has not been found on the update center.
2025.10.24 01:44:49 INFO  web[AZoT2aiJMZXN+/fEAACX][o.s.u.c.UpdateCenter] The plugin 'java' version : 7.16.0.30901 has not been found on the update center.
2025.10.24 01:44:49 INFO  web[AZoT2aiJMZXN+/fEAACX][o.s.u.c.UpdateCenter] The plugin 'javascript' version : 9.13.0.20537 has not been found on the update center.
2025.10.24 01:44:49 INFO  web[AZoT2aiJMZXN+/fEAACX][o.s.u.c.UpdateCenter] The plugin 'kotlin' version : 2.12.0.1956 has not been found on the update center.
2025.10.24 01:44:49 INFO  web[AZoT2aiJMZXN+/fEAACX][o.s.u.c.UpdateCenter] The plugin 'php' version : 3.27.1.9352 has not been found on the update center.
2025.10.24 01:44:49 INFO  web[AZoT2aiJMZXN+/fEAACX][o.s.u.c.UpdateCenter] The plugin 'python' version : 3.24.1.11916 has not been found on the update center.
2025.10.24 01:44:49 INFO  web[AZoT2aiJMZXN+/fEAACX][o.s.u.c.UpdateCenter] The plugin 'ruby' version : 1.11.0.3905 has not been found on the update center.
2025.10.24 01:44:49 INFO  web[AZoT2aiJMZXN+/fEAACX][o.s.u.c.UpdateCenter] The plugin 'sonarscala' version : 1.11.0.3905 has not been found on the update center.
2025.10.24 01:44:49 INFO  web[AZoT2aiJMZXN+/fEAACX][o.s.u.c.UpdateCenter] The plugin 'text' version : 2.0.2.1090 has not been found on the update center.
2025.10.24 01:44:49 INFO  web[AZoT2aiJMZXN+/fEAACX][o.s.u.c.UpdateCenter] The plugin 'vbnet' version : 8.51.0.59060 has not been found on the update center.
2025.10.24 01:44:49 INFO  web[AZoT2aiJMZXN+/fEAACX][o.s.u.c.UpdateCenter] The plugin 'web' version : 3.7.1.3306 has not been found on the update center.
2025.10.24 01:44:49 INFO  web[AZoT2aiJMZXN+/fEAACX][o.s.u.c.UpdateCenter] The plugin 'xml' version : 2.7.0.3820 has not been found on the update center.
2025.10.24 01:44:49 INFO  web[AZoT2aiJMZXN+/fEAACX][o.s.u.c.UpdateCenter] The plugin 'config' version : 1.2.0.267 has not been found on the update center.
2025.10.24 01:44:49 INFO  web[AZoT2aiJMZXN+/fEAACX][o.s.u.c.UpdateCenter] The plugin 'csharp' version : 8.51.0.59060 has not been found on the update center.
2025.10.24 01:44:49 INFO  web[AZoT2aiJMZXN+/fEAACX][o.s.u.c.UpdateCenter] The plugin 'flex' version : 2.8.0.3166 has not been found on the update center.
2025.10.24 01:44:49 INFO  web[AZoT2aiJMZXN+/fEAACX][o.s.u.c.UpdateCenter] The plugin 'go' version : 1.11.0.3905 has not been found on the update center.
2025.10.24 01:44:49 INFO  web[AZoT2aiJMZXN+/fEAACX][o.s.u.c.UpdateCenter] The plugin 'iac' version : 1.11.0.2847 has not been found on the update center.
2025.10.24 01:44:49 INFO  web[AZoT2aiJMZXN+/fEAACX][o.s.u.c.UpdateCenter] The plugin 'jacoco' version : 1.3.0.1538 has not been found on the update center.
2025.10.24 01:44:49 INFO  web[AZoT2aiJMZXN+/fEAACX][o.s.u.c.UpdateCenter] The plugin 'java' version : 7.16.0.30901 has not been found on the update center.
2025.10.24 01:44:49 INFO  web[AZoT2aiJMZXN+/fEAACX][o.s.u.c.UpdateCenter] The plugin 'javascript' version : 9.13.0.20537 has not been found on the update center.
2025.10.24 01:44:49 INFO  web[AZoT2aiJMZXN+/fEAACX][o.s.u.c.UpdateCenter] The plugin 'kotlin' version : 2.12.0.1956 has not been found on the update center.
2025.10.24 01:44:49 INFO  web[AZoT2aiJMZXN+/fEAACX][o.s.u.c.UpdateCenter] The plugin 'php' version : 3.27.1.9352 has not been found on the update center.
2025.10.24 01:44:49 INFO  web[AZoT2aiJMZXN+/fEAACX][o.s.u.c.UpdateCenter] The plugin 'python' version : 3.24.1.11916 has not been found on the update center.
2025.10.24 01:44:49 INFO  web[AZoT2aiJMZXN+/fEAACX][o.s.u.c.UpdateCenter] The plugin 'ruby' version : 1.11.0.3905 has not been found on the update center.
2025.10.24 01:44:49 INFO  web[AZoT2aiJMZXN+/fEAACX][o.s.u.c.UpdateCenter] The plugin 'sonarscala' version : 1.11.0.3905 has not been found on the update center.
2025.10.24 01:44:49 INFO  web[AZoT2aiJMZXN+/fEAACX][o.s.u.c.UpdateCenter] The plugin 'text' version : 2.0.2.1090 has not been found on the update center.
2025.10.24 01:44:49 INFO  web[AZoT2aiJMZXN+/fEAACX][o.s.u.c.UpdateCenter] The plugin 'vbnet' version : 8.51.0.59060 has not been found on the update center.
2025.10.24 01:44:49 INFO  web[AZoT2aiJMZXN+/fEAACX][o.s.u.c.UpdateCenter] The plugin 'web' version : 3.7.1.3306 has not been found on the update center.
2025.10.24 01:44:49 INFO  web[AZoT2aiJMZXN+/fEAACX][o.s.u.c.UpdateCenter] The plugin 'xml' version : 2.7.0.3820 has not been found on the update center.
2025.10.24 01:44:49 INFO  web[AZoT2aiJMZXN+/fEAACX][o.s.u.c.UpdateCenter] The plugin 'config' version : 1.2.0.267 has not been found on the update center.
2025.10.24 01:44:49 INFO  web[AZoT2aiJMZXN+/fEAACX][o.s.u.c.UpdateCenter] The plugin 'csharp' version : 8.51.0.59060 has not been found on the update center.
2025.10.24 01:44:49 INFO  web[AZoT2aiJMZXN+/fEAACX][o.s.u.c.UpdateCenter] The plugin 'flex' version : 2.8.0.3166 has not been found on the update center.
2025.10.24 01:44:49 INFO  web[AZoT2aiJMZXN+/fEAACX][o.s.u.c.UpdateCenter] The plugin 'go' version : 1.11.0.3905 has not been found on the update center.
2025.10.24 01:44:49 INFO  web[AZoT2aiJMZXN+/fEAACX][o.s.u.c.UpdateCenter] The plugin 'iac' version : 1.11.0.2847 has not been found on the update center.
2025.10.24 01:44:49 INFO  web[AZoT2aiJMZXN+/fEAACX][o.s.u.c.UpdateCenter] The plugin 'jacoco' version : 1.3.0.1538 has not been found on the update center.
2025.10.24 01:44:49 INFO  web[AZoT2aiJMZXN+/fEAACX][o.s.u.c.UpdateCenter] The plugin 'java' version : 7.16.0.30901 has not been found on the update center.
2025.10.24 01:44:49 INFO  web[AZoT2aiJMZXN+/fEAACX][o.s.u.c.UpdateCenter] The plugin 'javascript' version : 9.13.0.20537 has not been found on the update center.
2025.10.24 01:44:49 INFO  web[AZoT2aiJMZXN+/fEAACX][o.s.u.c.UpdateCenter] The plugin 'kotlin' version : 2.12.0.1956 has not been found on the update center.
2025.10.24 01:44:49 INFO  web[AZoT2aiJMZXN+/fEAACX][o.s.u.c.UpdateCenter] The plugin 'php' version : 3.27.1.9352 has not been found on the update center.
2025.10.24 01:44:49 INFO  web[AZoT2aiJMZXN+/fEAACX][o.s.u.c.UpdateCenter] The plugin 'python' version : 3.24.1.11916 has not been found on the update center.
2025.10.24 01:44:49 INFO  web[AZoT2aiJMZXN+/fEAACX][o.s.u.c.UpdateCenter] The plugin 'ruby' version : 1.11.0.3905 has not been found on the update center.
2025.10.24 01:44:49 INFO  web[AZoT2aiJMZXN+/fEAACX][o.s.u.c.UpdateCenter] The plugin 'sonarscala' version : 1.11.0.3905 has not been found on the update center.
2025.10.24 01:44:49 INFO  web[AZoT2aiJMZXN+/fEAACX][o.s.u.c.UpdateCenter] The plugin 'text' version : 2.0.2.1090 has not been found on the update center.
2025.10.24 01:44:49 INFO  web[AZoT2aiJMZXN+/fEAACX][o.s.u.c.UpdateCenter] The plugin 'vbnet' version : 8.51.0.59060 has not been found on the update center.
2025.10.24 01:44:49 INFO  web[AZoT2aiJMZXN+/fEAACX][o.s.u.c.UpdateCenter] The plugin 'web' version : 3.7.1.3306 has not been found on the update center.
2025.10.24 01:44:49 INFO  web[AZoT2aiJMZXN+/fEAACX][o.s.u.c.UpdateCenter] The plugin 'xml' version : 2.7.0.3820 has not been found on the update center.
2025.10.24 01:44:49 INFO  web[AZoT2aiJMZXN+/fEAACX][o.s.u.c.UpdateCenter] The plugin 'config' version : 1.2.0.267 has not been found on the update center.
2025.10.24 01:44:49 INFO  web[AZoT2aiJMZXN+/fEAACX][o.s.u.c.UpdateCenter] The plugin 'csharp' version : 8.51.0.59060 has not been found on the update center.
2025.10.24 01:44:49 INFO  web[AZoT2aiJMZXN+/fEAACX][o.s.u.c.UpdateCenter] The plugin 'flex' version : 2.8.0.3166 has not been found on the update center.
2025.10.24 01:44:49 INFO  web[AZoT2aiJMZXN+/fEAACX][o.s.u.c.UpdateCenter] The plugin 'go' version : 1.11.0.3905 has not been found on the update center.
2025.10.24 01:44:49 INFO  web[AZoT2aiJMZXN+/fEAACX][o.s.u.c.UpdateCenter] The plugin 'iac' version : 1.11.0.2847 has not been found on the update center.
2025.10.24 01:44:49 INFO  web[AZoT2aiJMZXN+/fEAACX][o.s.u.c.UpdateCenter] The plugin 'jacoco' version : 1.3.0.1538 has not been found on the update center.
2025.10.24 01:44:49 INFO  web[AZoT2aiJMZXN+/fEAACX][o.s.u.c.UpdateCenter] The plugin 'java' version : 7.16.0.30901 has not been found on the update center.
2025.10.24 01:44:49 INFO  web[AZoT2aiJMZXN+/fEAACX][o.s.u.c.UpdateCenter] The plugin 'javascript' version : 9.13.0.20537 has not been found on the update center.
2025.10.24 01:44:49 INFO  web[AZoT2aiJMZXN+/fEAACX][o.s.u.c.UpdateCenter] The plugin 'kotlin' version : 2.12.0.1956 has not been found on the update center.
2025.10.24 01:44:49 INFO  web[AZoT2aiJMZXN+/fEAACX][o.s.u.c.UpdateCenter] The plugin 'php' version : 3.27.1.9352 has not been found on the update center.
2025.10.24 01:44:49 INFO  web[AZoT2aiJMZXN+/fEAACX][o.s.u.c.UpdateCenter] The plugin 'python' version : 3.24.1.11916 has not been found on the update center.
2025.10.24 01:44:49 INFO  web[AZoT2aiJMZXN+/fEAACX][o.s.u.c.UpdateCenter] The plugin 'ruby' version : 1.11.0.3905 has not been found on the update center.
2025.10.24 01:44:49 INFO  web[AZoT2aiJMZXN+/fEAACX][o.s.u.c.UpdateCenter] The plugin 'sonarscala' version : 1.11.0.3905 has not been found on the update center.
2025.10.24 01:44:49 INFO  web[AZoT2aiJMZXN+/fEAACX][o.s.u.c.UpdateCenter] The plugin 'text' version : 2.0.2.1090 has not been found on the update center.
2025.10.24 01:44:49 INFO  web[AZoT2aiJMZXN+/fEAACX][o.s.u.c.UpdateCenter] The plugin 'vbnet' version : 8.51.0.59060 has not been found on the update center.
2025.10.24 01:44:49 INFO  web[AZoT2aiJMZXN+/fEAACX][o.s.u.c.UpdateCenter] The plugin 'web' version : 3.7.1.3306 has not been found on the update center.
2025.10.24 01:44:49 INFO  web[AZoT2aiJMZXN+/fEAACX][o.s.u.c.UpdateCenter] The plugin 'xml' version : 2.7.0.3820 has not been found on the update center.
2025.10.24 01:44:49 INFO  web[AZoT2aiJMZXN+/fEAACX][o.s.u.c.UpdateCenter] The plugin 'config' version : 1.2.0.267 has not been found on the update center.
2025.10.24 01:44:49 INFO  web[AZoT2aiJMZXN+/fEAACX][o.s.u.c.UpdateCenter] The plugin 'csharp' version : 8.51.0.59060 has not been found on the update center.
2025.10.24 01:44:49 INFO  web[AZoT2aiJMZXN+/fEAACX][o.s.u.c.UpdateCenter] The plugin 'flex' version : 2.8.0.3166 has not been found on the update center.
2025.10.24 01:44:49 INFO  web[AZoT2aiJMZXN+/fEAACX][o.s.u.c.UpdateCenter] The plugin 'go' version : 1.11.0.3905 has not been found on the update center.
2025.10.24 01:44:49 INFO  web[AZoT2aiJMZXN+/fEAACX][o.s.u.c.UpdateCenter] The plugin 'iac' version : 1.11.0.2847 has not been found on the update center.
2025.10.24 01:44:49 INFO  web[AZoT2aiJMZXN+/fEAACX][o.s.u.c.UpdateCenter] The plugin 'jacoco' version : 1.3.0.1538 has not been found on the update center.
2025.10.24 01:44:49 INFO  web[AZoT2aiJMZXN+/fEAACX][o.s.u.c.UpdateCenter] The plugin 'java' version : 7.16.0.30901 has not been found on the update center.
2025.10.24 01:44:49 INFO  web[AZoT2aiJMZXN+/fEAACX][o.s.u.c.UpdateCenter] The plugin 'javascript' version : 9.13.0.20537 has not been found on the update center.
2025.10.24 01:44:49 INFO  web[AZoT2aiJMZXN+/fEAACX][o.s.u.c.UpdateCenter] The plugin 'kotlin' version : 2.12.0.1956 has not been found on the update center.
2025.10.24 01:44:49 INFO  web[AZoT2aiJMZXN+/fEAACX][o.s.u.c.UpdateCenter] The plugin 'php' version : 3.27.1.9352 has not been found on the update center.
2025.10.24 01:44:49 INFO  web[AZoT2aiJMZXN+/fEAACX][o.s.u.c.UpdateCenter] The plugin 'python' version : 3.24.1.11916 has not been found on the update center.
2025.10.24 01:44:49 INFO  web[AZoT2aiJMZXN+/fEAACX][o.s.u.c.UpdateCenter] The plugin 'ruby' version : 1.11.0.3905 has not been found on the update center.
2025.10.24 01:44:49 INFO  web[AZoT2aiJMZXN+/fEAACX][o.s.u.c.UpdateCenter] The plugin 'sonarscala' version : 1.11.0.3905 has not been found on the update center.
2025.10.24 01:44:49 INFO  web[AZoT2aiJMZXN+/fEAACX][o.s.u.c.UpdateCenter] The plugin 'text' version : 2.0.2.1090 has not been found on the update center.
2025.10.24 01:44:49 INFO  web[AZoT2aiJMZXN+/fEAACX][o.s.u.c.UpdateCenter] The plugin 'vbnet' version : 8.51.0.59060 has not been found on the update center.
2025.10.24 01:44:49 INFO  web[AZoT2aiJMZXN+/fEAACX][o.s.u.c.UpdateCenter] The plugin 'web' version : 3.7.1.3306 has not been found on the update center.
2025.10.24 01:44:49 INFO  web[AZoT2aiJMZXN+/fEAACX][o.s.u.c.UpdateCenter] The plugin 'xml' version : 2.7.0.3820 has not been found on the update center.
2025.10.24 01:44:49 INFO  web[AZoT2aiJMZXN+/fEAACX][o.s.u.c.UpdateCenter] The plugin 'config' version : 1.2.0.267 has not been found on the update center.
2025.10.24 01:44:49 INFO  web[AZoT2aiJMZXN+/fEAACX][o.s.u.c.UpdateCenter] The plugin 'csharp' version : 8.51.0.59060 has not been found on the update center.
2025.10.24 01:44:49 INFO  web[AZoT2aiJMZXN+/fEAACX][o.s.u.c.UpdateCenter] The plugin 'flex' version : 2.8.0.3166 has not been found on the update center.
2025.10.24 01:44:49 INFO  web[AZoT2aiJMZXN+/fEAACX][o.s.u.c.UpdateCenter] The plugin 'go' version : 1.11.0.3905 has not been found on the update center.
2025.10.24 01:44:49 INFO  web[AZoT2aiJMZXN+/fEAACX][o.s.u.c.UpdateCenter] The plugin 'iac' version : 1.11.0.2847 has not been found on the update center.
2025.10.24 01:44:49 INFO  web[AZoT2aiJMZXN+/fEAACX][o.s.u.c.UpdateCenter] The plugin 'jacoco' version : 1.3.0.1538 has not been found on the update center.
2025.10.24 01:44:49 INFO  web[AZoT2aiJMZXN+/fEAACX][o.s.u.c.UpdateCenter] The plugin 'java' version : 7.16.0.30901 has not been found on the update center.
2025.10.24 01:44:49 INFO  web[AZoT2aiJMZXN+/fEAACX][o.s.u.c.UpdateCenter] The plugin 'javascript' version : 9.13.0.20537 has not been found on the update center.
2025.10.24 01:44:49 INFO  web[AZoT2aiJMZXN+/fEAACX][o.s.u.c.UpdateCenter] The plugin 'kotlin' version : 2.12.0.1956 has not been found on the update center.
2025.10.24 01:44:49 INFO  web[AZoT2aiJMZXN+/fEAACX][o.s.u.c.UpdateCenter] The plugin 'php' version : 3.27.1.9352 has not been found on the update center.
2025.10.24 01:44:49 INFO  web[AZoT2aiJMZXN+/fEAACX][o.s.u.c.UpdateCenter] The plugin 'python' version : 3.24.1.11916 has not been found on the update center.
2025.10.24 01:44:49 INFO  web[AZoT2aiJMZXN+/fEAACX][o.s.u.c.UpdateCenter] The plugin 'ruby' version : 1.11.0.3905 has not been found on the update center.
2025.10.24 01:44:49 INFO  web[AZoT2aiJMZXN+/fEAACX][o.s.u.c.UpdateCenter] The plugin 'sonarscala' version : 1.11.0.3905 has not been found on the update center.
2025.10.24 01:44:49 INFO  web[AZoT2aiJMZXN+/fEAACX][o.s.u.c.UpdateCenter] The plugin 'text' version : 2.0.2.1090 has not been found on the update center.
2025.10.24 01:44:49 INFO  web[AZoT2aiJMZXN+/fEAACX][o.s.u.c.UpdateCenter] The plugin 'vbnet' version : 8.51.0.59060 has not been found on the update center.
2025.10.24 01:44:49 INFO  web[AZoT2aiJMZXN+/fEAACX][o.s.u.c.UpdateCenter] The plugin 'web' version : 3.7.1.3306 has not been found on the update center.
2025.10.24 01:44:49 INFO  web[AZoT2aiJMZXN+/fEAACX][o.s.u.c.UpdateCenter] The plugin 'xml' version : 2.7.0.3820 has not been found on the update center.
2025.10.24 01:44:49 INFO  web[AZoT2aiJMZXN+/fEAACX][o.s.u.c.UpdateCenter] The plugin 'config' version : 1.2.0.267 has not been found on the update center.
2025.10.24 01:44:49 INFO  web[AZoT2aiJMZXN+/fEAACX][o.s.u.c.UpdateCenter] The plugin 'csharp' version : 8.51.0.59060 has not been found on the update center.
2025.10.24 01:44:49 INFO  web[AZoT2aiJMZXN+/fEAACX][o.s.u.c.UpdateCenter] The plugin 'flex' version : 2.8.0.3166 has not been found on the update center.
2025.10.24 01:44:49 INFO  web[AZoT2aiJMZXN+/fEAACX][o.s.u.c.UpdateCenter] The plugin 'go' version : 1.11.0.3905 has not been found on the update center.
2025.10.24 01:44:49 INFO  web[AZoT2aiJMZXN+/fEAACX][o.s.u.c.UpdateCenter] The plugin 'iac' version : 1.11.0.2847 has not been found on the update center.
2025.10.24 01:44:49 INFO  web[AZoT2aiJMZXN+/fEAACX][o.s.u.c.UpdateCenter] The plugin 'jacoco' version : 1.3.0.1538 has not been found on the update center.
2025.10.24 01:44:49 INFO  web[AZoT2aiJMZXN+/fEAACX][o.s.u.c.UpdateCenter] The plugin 'java' version : 7.16.0.30901 has not been found on the update center.
2025.10.24 01:44:49 INFO  web[AZoT2aiJMZXN+/fEAACX][o.s.u.c.UpdateCenter] The plugin 'javascript' version : 9.13.0.20537 has not been found on the update center.
2025.10.24 01:44:49 INFO  web[AZoT2aiJMZXN+/fEAACX][o.s.u.c.UpdateCenter] The plugin 'kotlin' version : 2.12.0.1956 has not been found on the update center.
2025.10.24 01:44:49 INFO  web[AZoT2aiJMZXN+/fEAACX][o.s.u.c.UpdateCenter] The plugin 'php' version : 3.27.1.9352 has not been found on the update center.
2025.10.24 01:44:49 INFO  web[AZoT2aiJMZXN+/fEAACX][o.s.u.c.UpdateCenter] The plugin 'python' version : 3.24.1.11916 has not been found on the update center.
2025.10.24 01:44:49 INFO  web[AZoT2aiJMZXN+/fEAACX][o.s.u.c.UpdateCenter] The plugin 'ruby' version : 1.11.0.3905 has not been found on the update center.
2025.10.24 01:44:49 INFO  web[AZoT2aiJMZXN+/fEAACX][o.s.u.c.UpdateCenter] The plugin 'sonarscala' version : 1.11.0.3905 has not been found on the update center.
2025.10.24 01:44:49 INFO  web[AZoT2aiJMZXN+/fEAACX][o.s.u.c.UpdateCenter] The plugin 'text' version : 2.0.2.1090 has not been found on the update center.
2025.10.24 01:44:49 INFO  web[AZoT2aiJMZXN+/fEAACX][o.s.u.c.UpdateCenter] The plugin 'vbnet' version : 8.51.0.59060 has not been found on the update center.
2025.10.24 01:44:49 INFO  web[AZoT2aiJMZXN+/fEAACX][o.s.u.c.UpdateCenter] The plugin 'web' version : 3.7.1.3306 has not been found on the update center.
2025.10.24 01:44:49 INFO  web[AZoT2aiJMZXN+/fEAACX][o.s.u.c.UpdateCenter] The plugin 'xml' version : 2.7.0.3820 has not been found on the update center.
2025.10.24 01:44:49 INFO  web[AZoT2aiJMZXN+/fEAACX][o.s.u.c.UpdateCenter] The plugin 'config' version : 1.2.0.267 has not been found on the update center.
2025.10.24 01:44:49 INFO  web[AZoT2aiJMZXN+/fEAACX][o.s.u.c.UpdateCenter] The plugin 'csharp' version : 8.51.0.59060 has not been found on the update center.
2025.10.24 01:44:49 INFO  web[AZoT2aiJMZXN+/fEAACX][o.s.u.c.UpdateCenter] The plugin 'flex' version : 2.8.0.3166 has not been found on the update center.
2025.10.24 01:44:49 INFO  web[AZoT2aiJMZXN+/fEAACX][o.s.u.c.UpdateCenter] The plugin 'go' version : 1.11.0.3905 has not been found on the update center.
2025.10.24 01:44:49 INFO  web[AZoT2aiJMZXN+/fEAACX][o.s.u.c.UpdateCenter] The plugin 'iac' version : 1.11.0.2847 has not been found on the update center.
2025.10.24 01:44:49 INFO  web[AZoT2aiJMZXN+/fEAACX][o.s.u.c.UpdateCenter] The plugin 'jacoco' version : 1.3.0.1538 has not been found on the update center.
2025.10.24 01:44:49 INFO  web[AZoT2aiJMZXN+/fEAACX][o.s.u.c.UpdateCenter] The plugin 'java' version : 7.16.0.30901 has not been found on the update center.
2025.10.24 01:44:49 INFO  web[AZoT2aiJMZXN+/fEAACX][o.s.u.c.UpdateCenter] The plugin 'javascript' version : 9.13.0.20537 has not been found on the update center.
2025.10.24 01:44:49 INFO  web[AZoT2aiJMZXN+/fEAACX][o.s.u.c.UpdateCenter] The plugin 'kotlin' version : 2.12.0.1956 has not been found on the update center.
2025.10.24 01:44:49 INFO  web[AZoT2aiJMZXN+/fEAACX][o.s.u.c.UpdateCenter] The plugin 'php' version : 3.27.1.9352 has not been found on the update center.
2025.10.24 01:44:49 INFO  web[AZoT2aiJMZXN+/fEAACX][o.s.u.c.UpdateCenter] The plugin 'python' version : 3.24.1.11916 has not been found on the update center.
2025.10.24 01:44:49 INFO  web[AZoT2aiJMZXN+/fEAACX][o.s.u.c.UpdateCenter] The plugin 'ruby' version : 1.11.0.3905 has not been found on the update center.
2025.10.24 01:44:49 INFO  web[AZoT2aiJMZXN+/fEAACX][o.s.u.c.UpdateCenter] The plugin 'sonarscala' version : 1.11.0.3905 has not been found on the update center.
2025.10.24 01:44:49 INFO  web[AZoT2aiJMZXN+/fEAACX][o.s.u.c.UpdateCenter] The plugin 'text' version : 2.0.2.1090 has not been found on the update center.
2025.10.24 01:44:49 INFO  web[AZoT2aiJMZXN+/fEAACX][o.s.u.c.UpdateCenter] The plugin 'vbnet' version : 8.51.0.59060 has not been found on the update center.
2025.10.24 01:44:49 INFO  web[AZoT2aiJMZXN+/fEAACX][o.s.u.c.UpdateCenter] The plugin 'web' version : 3.7.1.3306 has not been found on the update center.
2025.10.24 01:44:49 INFO  web[AZoT2aiJMZXN+/fEAACX][o.s.u.c.UpdateCenter] The plugin 'xml' version : 2.7.0.3820 has not been found on the update center.
2025.10.24 01:44:49 INFO  web[AZoT2aiJMZXN+/fEAACX][o.s.u.c.UpdateCenter] The plugin 'config' version : 1.2.0.267 has not been found on the update center.
2025.10.24 01:44:49 INFO  web[AZoT2aiJMZXN+/fEAACX][o.s.u.c.UpdateCenter] The plugin 'csharp' version : 8.51.0.59060 has not been found on the update center.
2025.10.24 01:44:49 INFO  web[AZoT2aiJMZXN+/fEAACX][o.s.u.c.UpdateCenter] The plugin 'flex' version : 2.8.0.3166 has not been found on the update center.
2025.10.24 01:44:49 INFO  web[AZoT2aiJMZXN+/fEAACX][o.s.u.c.UpdateCenter] The plugin 'go' version : 1.11.0.3905 has not been found on the update center.
2025.10.24 01:44:49 INFO  web[AZoT2aiJMZXN+/fEAACX][o.s.u.c.UpdateCenter] The plugin 'iac' version : 1.11.0.2847 has not been found on the update center.
2025.10.24 01:44:49 INFO  web[AZoT2aiJMZXN+/fEAACX][o.s.u.c.UpdateCenter] The plugin 'jacoco' version : 1.3.0.1538 has not been found on the update center.
2025.10.24 01:44:49 INFO  web[AZoT2aiJMZXN+/fEAACX][o.s.u.c.UpdateCenter] The plugin 'java' version : 7.16.0.30901 has not been found on the update center.
2025.10.24 01:44:49 INFO  web[AZoT2aiJMZXN+/fEAACX][o.s.u.c.UpdateCenter] The plugin 'javascript' version : 9.13.0.20537 has not been found on the update center.
2025.10.24 01:44:49 INFO  web[AZoT2aiJMZXN+/fEAACX][o.s.u.c.UpdateCenter] The plugin 'kotlin' version : 2.12.0.1956 has not been found on the update center.
2025.10.24 01:44:49 INFO  web[AZoT2aiJMZXN+/fEAACX][o.s.u.c.UpdateCenter] The plugin 'php' version : 3.27.1.9352 has not been found on the update center.
2025.10.24 01:44:49 INFO  web[AZoT2aiJMZXN+/fEAACX][o.s.u.c.UpdateCenter] The plugin 'python' version : 3.24.1.11916 has not been found on the update center.
2025.10.24 01:44:49 INFO  web[AZoT2aiJMZXN+/fEAACX][o.s.u.c.UpdateCenter] The plugin 'ruby' version : 1.11.0.3905 has not been found on the update center.
2025.10.24 01:44:49 INFO  web[AZoT2aiJMZXN+/fEAACX][o.s.u.c.UpdateCenter] The plugin 'sonarscala' version : 1.11.0.3905 has not been found on the update center.
2025.10.24 01:44:49 INFO  web[AZoT2aiJMZXN+/fEAACX][o.s.u.c.UpdateCenter] The plugin 'text' version : 2.0.2.1090 has not been found on the update center.
2025.10.24 01:44:49 INFO  web[AZoT2aiJMZXN+/fEAACX][o.s.u.c.UpdateCenter] The plugin 'vbnet' version : 8.51.0.59060 has not been found on the update center.
2025.10.24 01:44:49 INFO  web[AZoT2aiJMZXN+/fEAACX][o.s.u.c.UpdateCenter] The plugin 'web' version : 3.7.1.3306 has not been found on the update center.
2025.10.24 01:44:49 INFO  web[AZoT2aiJMZXN+/fEAACX][o.s.u.c.UpdateCenter] The plugin 'xml' version : 2.7.0.3820 has not been found on the update center.
2025.10.24 01:44:49 INFO  web[AZoT2aiJMZXN+/fEAACX][o.s.u.c.UpdateCenter] The plugin 'config' version : 1.2.0.267 has not been found on the update center.
2025.10.24 01:44:49 INFO  web[AZoT2aiJMZXN+/fEAACX][o.s.u.c.UpdateCenter] The plugin 'csharp' version : 8.51.0.59060 has not been found on the update center.
2025.10.24 01:44:49 INFO  web[AZoT2aiJMZXN+/fEAACX][o.s.u.c.UpdateCenter] The plugin 'flex' version : 2.8.0.3166 has not been found on the update center.
2025.10.24 01:44:49 INFO  web[AZoT2aiJMZXN+/fEAACX][o.s.u.c.UpdateCenter] The plugin 'go' version : 1.11.0.3905 has not been found on the update center.
2025.10.24 01:44:49 INFO  web[AZoT2aiJMZXN+/fEAACX][o.s.u.c.UpdateCenter] The plugin 'iac' version : 1.11.0.2847 has not been found on the update center.
2025.10.24 01:44:49 INFO  web[AZoT2aiJMZXN+/fEAACX][o.s.u.c.UpdateCenter] The plugin 'jacoco' version : 1.3.0.1538 has not been found on the update center.
2025.10.24 01:44:49 INFO  web[AZoT2aiJMZXN+/fEAACX][o.s.u.c.UpdateCenter] The plugin 'java' version : 7.16.0.30901 has not been found on the update center.
2025.10.24 01:44:49 INFO  web[AZoT2aiJMZXN+/fEAACX][o.s.u.c.UpdateCenter] The plugin 'javascript' version : 9.13.0.20537 has not been found on the update center.
2025.10.24 01:44:49 INFO  web[AZoT2aiJMZXN+/fEAACX][o.s.u.c.UpdateCenter] The plugin 'kotlin' version : 2.12.0.1956 has not been found on the update center.
2025.10.24 01:44:49 INFO  web[AZoT2aiJMZXN+/fEAACX][o.s.u.c.UpdateCenter] The plugin 'php' version : 3.27.1.9352 has not been found on the update center.
2025.10.24 01:44:49 INFO  web[AZoT2aiJMZXN+/fEAACX][o.s.u.c.UpdateCenter] The plugin 'python' version : 3.24.1.11916 has not been found on the update center.
2025.10.24 01:44:49 INFO  web[AZoT2aiJMZXN+/fEAACX][o.s.u.c.UpdateCenter] The plugin 'ruby' version : 1.11.0.3905 has not been found on the update center.
2025.10.24 01:44:49 INFO  web[AZoT2aiJMZXN+/fEAACX][o.s.u.c.UpdateCenter] The plugin 'sonarscala' version : 1.11.0.3905 has not been found on the update center.
2025.10.24 01:44:49 INFO  web[AZoT2aiJMZXN+/fEAACX][o.s.u.c.UpdateCenter] The plugin 'text' version : 2.0.2.1090 has not been found on the update center.
2025.10.24 01:44:49 INFO  web[AZoT2aiJMZXN+/fEAACX][o.s.u.c.UpdateCenter] The plugin 'vbnet' version : 8.51.0.59060 has not been found on the update center.
2025.10.24 01:44:49 INFO  web[AZoT2aiJMZXN+/fEAACX][o.s.u.c.UpdateCenter] The plugin 'web' version : 3.7.1.3306 has not been found on the update center.
2025.10.24 01:44:49 INFO  web[AZoT2aiJMZXN+/fEAACX][o.s.u.c.UpdateCenter] The plugin 'xml' version : 2.7.0.3820 has not been found on the update center.
2025.10.24 02:26:38 INFO  web[AZoT2aiJMZXN+/fEAADQ][o.s.u.c.UpdateCenter] The plugin 'config' version : 1.2.0.267 has not been found on the update center.
2025.10.24 02:26:38 INFO  web[AZoT2aiJMZXN+/fEAADQ][o.s.u.c.UpdateCenter] The plugin 'csharp' version : 8.51.0.59060 has not been found on the update center.
2025.10.24 02:26:38 INFO  web[AZoT2aiJMZXN+/fEAADQ][o.s.u.c.UpdateCenter] The plugin 'flex' version : 2.8.0.3166 has not been found on the update center.
2025.10.24 02:26:38 INFO  web[AZoT2aiJMZXN+/fEAADQ][o.s.u.c.UpdateCenter] The plugin 'go' version : 1.11.0.3905 has not been found on the update center.
2025.10.24 02:26:38 INFO  web[AZoT2aiJMZXN+/fEAADQ][o.s.u.c.UpdateCenter] The plugin 'iac' version : 1.11.0.2847 has not been found on the update center.
2025.10.24 02:26:38 INFO  web[AZoT2aiJMZXN+/fEAADQ][o.s.u.c.UpdateCenter] The plugin 'jacoco' version : 1.3.0.1538 has not been found on the update center.
2025.10.24 02:26:38 INFO  web[AZoT2aiJMZXN+/fEAADQ][o.s.u.c.UpdateCenter] The plugin 'java' version : 7.16.0.30901 has not been found on the update center.
2025.10.24 02:26:38 INFO  web[AZoT2aiJMZXN+/fEAADQ][o.s.u.c.UpdateCenter] The plugin 'javascript' version : 9.13.0.20537 has not been found on the update center.
2025.10.24 02:26:38 INFO  web[AZoT2aiJMZXN+/fEAADQ][o.s.u.c.UpdateCenter] The plugin 'kotlin' version : 2.12.0.1956 has not been found on the update center.
2025.10.24 02:26:38 INFO  web[AZoT2aiJMZXN+/fEAADQ][o.s.u.c.UpdateCenter] The plugin 'php' version : 3.27.1.9352 has not been found on the update center.
2025.10.24 02:26:38 INFO  web[AZoT2aiJMZXN+/fEAADQ][o.s.u.c.UpdateCenter] The plugin 'python' version : 3.24.1.11916 has not been found on the update center.
2025.10.24 02:26:38 INFO  web[AZoT2aiJMZXN+/fEAADQ][o.s.u.c.UpdateCenter] The plugin 'ruby' version : 1.11.0.3905 has not been found on the update center.
2025.10.24 02:26:38 INFO  web[AZoT2aiJMZXN+/fEAADQ][o.s.u.c.UpdateCenter] The plugin 'sonarscala' version : 1.11.0.3905 has not been found on the update center.
2025.10.24 02:26:38 INFO  web[AZoT2aiJMZXN+/fEAADQ][o.s.u.c.UpdateCenter] The plugin 'text' version : 2.0.2.1090 has not been found on the update center.
2025.10.24 02:26:38 INFO  web[AZoT2aiJMZXN+/fEAADQ][o.s.u.c.UpdateCenter] The plugin 'vbnet' version : 8.51.0.59060 has not been found on the update center.
2025.10.24 02:26:38 INFO  web[AZoT2aiJMZXN+/fEAADQ][o.s.u.c.UpdateCenter] The plugin 'web' version : 3.7.1.3306 has not been found on the update center.
2025.10.24 02:26:38 INFO  web[AZoT2aiJMZXN+/fEAADQ][o.s.u.c.UpdateCenter] The plugin 'xml' version : 2.7.0.3820 has not been found on the update center.
2025.10.24 02:26:38 INFO  web[AZoT2aiJMZXN+/fEAADQ][o.s.u.c.UpdateCenter] The plugin 'config' version : 1.2.0.267 has not been found on the update center.
2025.10.24 02:26:38 INFO  web[AZoT2aiJMZXN+/fEAADQ][o.s.u.c.UpdateCenter] The plugin 'csharp' version : 8.51.0.59060 has not been found on the update center.
2025.10.24 02:26:38 INFO  web[AZoT2aiJMZXN+/fEAADQ][o.s.u.c.UpdateCenter] The plugin 'flex' version : 2.8.0.3166 has not been found on the update center.
2025.10.24 02:26:38 INFO  web[AZoT2aiJMZXN+/fEAADQ][o.s.u.c.UpdateCenter] The plugin 'go' version : 1.11.0.3905 has not been found on the update center.
2025.10.24 02:26:38 INFO  web[AZoT2aiJMZXN+/fEAADQ][o.s.u.c.UpdateCenter] The plugin 'iac' version : 1.11.0.2847 has not been found on the update center.
2025.10.24 02:26:38 INFO  web[AZoT2aiJMZXN+/fEAADQ][o.s.u.c.UpdateCenter] The plugin 'jacoco' version : 1.3.0.1538 has not been found on the update center.
2025.10.24 02:26:38 INFO  web[AZoT2aiJMZXN+/fEAADQ][o.s.u.c.UpdateCenter] The plugin 'java' version : 7.16.0.30901 has not been found on the update center.
2025.10.24 02:26:38 INFO  web[AZoT2aiJMZXN+/fEAADQ][o.s.u.c.UpdateCenter] The plugin 'javascript' version : 9.13.0.20537 has not been found on the update center.
2025.10.24 02:26:38 INFO  web[AZoT2aiJMZXN+/fEAADQ][o.s.u.c.UpdateCenter] The plugin 'kotlin' version : 2.12.0.1956 has not been found on the update center.
2025.10.24 02:26:38 INFO  web[AZoT2aiJMZXN+/fEAADQ][o.s.u.c.UpdateCenter] The plugin 'php' version : 3.27.1.9352 has not been found on the update center.
2025.10.24 02:26:38 INFO  web[AZoT2aiJMZXN+/fEAADQ][o.s.u.c.UpdateCenter] The plugin 'python' version : 3.24.1.11916 has not been found on the update center.
2025.10.24 02:26:38 INFO  web[AZoT2aiJMZXN+/fEAADQ][o.s.u.c.UpdateCenter] The plugin 'ruby' version : 1.11.0.3905 has not been found on the update center.
2025.10.24 02:26:38 INFO  web[AZoT2aiJMZXN+/fEAADQ][o.s.u.c.UpdateCenter] The plugin 'sonarscala' version : 1.11.0.3905 has not been found on the update center.
2025.10.24 02:26:38 INFO  web[AZoT2aiJMZXN+/fEAADQ][o.s.u.c.UpdateCenter] The plugin 'text' version : 2.0.2.1090 has not been found on the update center.
2025.10.24 02:26:38 INFO  web[AZoT2aiJMZXN+/fEAADQ][o.s.u.c.UpdateCenter] The plugin 'vbnet' version : 8.51.0.59060 has not been found on the update center.
2025.10.24 02:26:38 INFO  web[AZoT2aiJMZXN+/fEAADQ][o.s.u.c.UpdateCenter] The plugin 'web' version : 3.7.1.3306 has not been found on the update center.
2025.10.24 02:26:38 INFO  web[AZoT2aiJMZXN+/fEAADQ][o.s.u.c.UpdateCenter] The plugin 'xml' version : 2.7.0.3820 has not been found on the update center.
2025.10.24 02:26:38 INFO  web[AZoT2aiJMZXN+/fEAADQ][o.s.u.c.UpdateCenter] The plugin 'config' version : 1.2.0.267 has not been found on the update center.
2025.10.24 02:26:38 INFO  web[AZoT2aiJMZXN+/fEAADQ][o.s.u.c.UpdateCenter] The plugin 'csharp' version : 8.51.0.59060 has not been found on the update center.
2025.10.24 02:26:38 INFO  web[AZoT2aiJMZXN+/fEAADQ][o.s.u.c.UpdateCenter] The plugin 'flex' version : 2.8.0.3166 has not been found on the update center.
2025.10.24 02:26:38 INFO  web[AZoT2aiJMZXN+/fEAADQ][o.s.u.c.UpdateCenter] The plugin 'go' version : 1.11.0.3905 has not been found on the update center.
2025.10.24 02:26:38 INFO  web[AZoT2aiJMZXN+/fEAADQ][o.s.u.c.UpdateCenter] The plugin 'iac' version : 1.11.0.2847 has not been found on the update center.
2025.10.24 02:26:38 INFO  web[AZoT2aiJMZXN+/fEAADQ][o.s.u.c.UpdateCenter] The plugin 'jacoco' version : 1.3.0.1538 has not been found on the update center.
2025.10.24 02:26:38 INFO  web[AZoT2aiJMZXN+/fEAADQ][o.s.u.c.UpdateCenter] The plugin 'java' version : 7.16.0.30901 has not been found on the update center.
2025.10.24 02:26:38 INFO  web[AZoT2aiJMZXN+/fEAADQ][o.s.u.c.UpdateCenter] The plugin 'javascript' version : 9.13.0.20537 has not been found on the update center.
2025.10.24 02:26:38 INFO  web[AZoT2aiJMZXN+/fEAADQ][o.s.u.c.UpdateCenter] The plugin 'kotlin' version : 2.12.0.1956 has not been found on the update center.
2025.10.24 02:26:38 INFO  web[AZoT2aiJMZXN+/fEAADQ][o.s.u.c.UpdateCenter] The plugin 'php' version : 3.27.1.9352 has not been found on the update center.
2025.10.24 02:26:38 INFO  web[AZoT2aiJMZXN+/fEAADQ][o.s.u.c.UpdateCenter] The plugin 'python' version : 3.24.1.11916 has not been found on the update center.
2025.10.24 02:26:38 INFO  web[AZoT2aiJMZXN+/fEAADQ][o.s.u.c.UpdateCenter] The plugin 'ruby' version : 1.11.0.3905 has not been found on the update center.
2025.10.24 02:26:38 INFO  web[AZoT2aiJMZXN+/fEAADQ][o.s.u.c.UpdateCenter] The plugin 'sonarscala' version : 1.11.0.3905 has not been found on the update center.
2025.10.24 02:26:38 INFO  web[AZoT2aiJMZXN+/fEAADQ][o.s.u.c.UpdateCenter] The plugin 'text' version : 2.0.2.1090 has not been found on the update center.
2025.10.24 02:26:38 INFO  web[AZoT2aiJMZXN+/fEAADQ][o.s.u.c.UpdateCenter] The plugin 'vbnet' version : 8.51.0.59060 has not been found on the update center.
2025.10.24 02:26:38 INFO  web[AZoT2aiJMZXN+/fEAADQ][o.s.u.c.UpdateCenter] The plugin 'web' version : 3.7.1.3306 has not been found on the update center.
2025.10.24 02:26:38 INFO  web[AZoT2aiJMZXN+/fEAADQ][o.s.u.c.UpdateCenter] The plugin 'xml' version : 2.7.0.3820 has not been found on the update center.
2025.10.24 02:26:38 INFO  web[AZoT2aiJMZXN+/fEAADQ][o.s.u.c.UpdateCenter] The plugin 'config' version : 1.2.0.267 has not been found on the update center.
2025.10.24 02:26:38 INFO  web[AZoT2aiJMZXN+/fEAADQ][o.s.u.c.UpdateCenter] The plugin 'csharp' version : 8.51.0.59060 has not been found on the update center.
2025.10.24 02:26:38 INFO  web[AZoT2aiJMZXN+/fEAADQ][o.s.u.c.UpdateCenter] The plugin 'flex' version : 2.8.0.3166 has not been found on the update center.
2025.10.24 02:26:38 INFO  web[AZoT2aiJMZXN+/fEAADQ][o.s.u.c.UpdateCenter] The plugin 'go' version : 1.11.0.3905 has not been found on the update center.
2025.10.24 02:26:38 INFO  web[AZoT2aiJMZXN+/fEAADQ][o.s.u.c.UpdateCenter] The plugin 'iac' version : 1.11.0.2847 has not been found on the update center.
2025.10.24 02:26:38 INFO  web[AZoT2aiJMZXN+/fEAADQ][o.s.u.c.UpdateCenter] The plugin 'jacoco' version : 1.3.0.1538 has not been found on the update center.
2025.10.24 02:26:38 INFO  web[AZoT2aiJMZXN+/fEAADQ][o.s.u.c.UpdateCenter] The plugin 'java' version : 7.16.0.30901 has not been found on the update center.
2025.10.24 02:26:38 INFO  web[AZoT2aiJMZXN+/fEAADQ][o.s.u.c.UpdateCenter] The plugin 'javascript' version : 9.13.0.20537 has not been found on the update center.
2025.10.24 02:26:38 INFO  web[AZoT2aiJMZXN+/fEAADQ][o.s.u.c.UpdateCenter] The plugin 'kotlin' version : 2.12.0.1956 has not been found on the update center.
2025.10.24 02:26:38 INFO  web[AZoT2aiJMZXN+/fEAADQ][o.s.u.c.UpdateCenter] The plugin 'php' version : 3.27.1.9352 has not been found on the update center.
2025.10.24 02:26:38 INFO  web[AZoT2aiJMZXN+/fEAADQ][o.s.u.c.UpdateCenter] The plugin 'python' version : 3.24.1.11916 has not been found on the update center.
2025.10.24 02:26:38 INFO  web[AZoT2aiJMZXN+/fEAADQ][o.s.u.c.UpdateCenter] The plugin 'ruby' version : 1.11.0.3905 has not been found on the update center.
2025.10.24 02:26:38 INFO  web[AZoT2aiJMZXN+/fEAADQ][o.s.u.c.UpdateCenter] The plugin 'sonarscala' version : 1.11.0.3905 has not been found on the update center.
2025.10.24 02:26:38 INFO  web[AZoT2aiJMZXN+/fEAADQ][o.s.u.c.UpdateCenter] The plugin 'text' version : 2.0.2.1090 has not been found on the update center.
2025.10.24 02:26:38 INFO  web[AZoT2aiJMZXN+/fEAADQ][o.s.u.c.UpdateCenter] The plugin 'vbnet' version : 8.51.0.59060 has not been found on the update center.
2025.10.24 02:26:38 INFO  web[AZoT2aiJMZXN+/fEAADQ][o.s.u.c.UpdateCenter] The plugin 'web' version : 3.7.1.3306 has not been found on the update center.
2025.10.24 02:26:38 INFO  web[AZoT2aiJMZXN+/fEAADQ][o.s.u.c.UpdateCenter] The plugin 'xml' version : 2.7.0.3820 has not been found on the update center.
2025.10.24 02:26:38 INFO  web[AZoT2aiJMZXN+/fEAADQ][o.s.u.c.UpdateCenter] The plugin 'config' version : 1.2.0.267 has not been found on the update center.
2025.10.24 02:26:38 INFO  web[AZoT2aiJMZXN+/fEAADQ][o.s.u.c.UpdateCenter] The plugin 'csharp' version : 8.51.0.59060 has not been found on the update center.
2025.10.24 02:26:38 INFO  web[AZoT2aiJMZXN+/fEAADQ][o.s.u.c.UpdateCenter] The plugin 'flex' version : 2.8.0.3166 has not been found on the update center.
2025.10.24 02:26:38 INFO  web[AZoT2aiJMZXN+/fEAADQ][o.s.u.c.UpdateCenter] The plugin 'go' version : 1.11.0.3905 has not been found on the update center.
2025.10.24 02:26:38 INFO  web[AZoT2aiJMZXN+/fEAADQ][o.s.u.c.UpdateCenter] The plugin 'iac' version : 1.11.0.2847 has not been found on the update center.
2025.10.24 02:26:38 INFO  web[AZoT2aiJMZXN+/fEAADQ][o.s.u.c.UpdateCenter] The plugin 'jacoco' version : 1.3.0.1538 has not been found on the update center.
2025.10.24 02:26:38 INFO  web[AZoT2aiJMZXN+/fEAADQ][o.s.u.c.UpdateCenter] The plugin 'java' version : 7.16.0.30901 has not been found on the update center.
2025.10.24 02:26:38 INFO  web[AZoT2aiJMZXN+/fEAADQ][o.s.u.c.UpdateCenter] The plugin 'javascript' version : 9.13.0.20537 has not been found on the update center.
2025.10.24 02:26:38 INFO  web[AZoT2aiJMZXN+/fEAADQ][o.s.u.c.UpdateCenter] The plugin 'kotlin' version : 2.12.0.1956 has not been found on the update center.
2025.10.24 02:26:38 INFO  web[AZoT2aiJMZXN+/fEAADQ][o.s.u.c.UpdateCenter] The plugin 'php' version : 3.27.1.9352 has not been found on the update center.
2025.10.24 02:26:38 INFO  web[AZoT2aiJMZXN+/fEAADQ][o.s.u.c.UpdateCenter] The plugin 'python' version : 3.24.1.11916 has not been found on the update center.
2025.10.24 02:26:38 INFO  web[AZoT2aiJMZXN+/fEAADQ][o.s.u.c.UpdateCenter] The plugin 'ruby' version : 1.11.0.3905 has not been found on the update center.
2025.10.24 02:26:38 INFO  web[AZoT2aiJMZXN+/fEAADQ][o.s.u.c.UpdateCenter] The plugin 'sonarscala' version : 1.11.0.3905 has not been found on the update center.
2025.10.24 02:26:38 INFO  web[AZoT2aiJMZXN+/fEAADQ][o.s.u.c.UpdateCenter] The plugin 'text' version : 2.0.2.1090 has not been found on the update center.
2025.10.24 02:26:38 INFO  web[AZoT2aiJMZXN+/fEAADQ][o.s.u.c.UpdateCenter] The plugin 'vbnet' version : 8.51.0.59060 has not been found on the update center.
2025.10.24 02:26:38 INFO  web[AZoT2aiJMZXN+/fEAADQ][o.s.u.c.UpdateCenter] The plugin 'web' version : 3.7.1.3306 has not been found on the update center.
2025.10.24 02:26:38 INFO  web[AZoT2aiJMZXN+/fEAADQ][o.s.u.c.UpdateCenter] The plugin 'xml' version : 2.7.0.3820 has not been found on the update center.
2025.10.24 02:26:38 INFO  web[AZoT2aiJMZXN+/fEAADQ][o.s.u.c.UpdateCenter] The plugin 'config' version : 1.2.0.267 has not been found on the update center.
2025.10.24 02:26:38 INFO  web[AZoT2aiJMZXN+/fEAADQ][o.s.u.c.UpdateCenter] The plugin 'csharp' version : 8.51.0.59060 has not been found on the update center.
2025.10.24 02:26:38 INFO  web[AZoT2aiJMZXN+/fEAADQ][o.s.u.c.UpdateCenter] The plugin 'flex' version : 2.8.0.3166 has not been found on the update center.
2025.10.24 02:26:38 INFO  web[AZoT2aiJMZXN+/fEAADQ][o.s.u.c.UpdateCenter] The plugin 'go' version : 1.11.0.3905 has not been found on the update center.
2025.10.24 02:26:38 INFO  web[AZoT2aiJMZXN+/fEAADQ][o.s.u.c.UpdateCenter] The plugin 'iac' version : 1.11.0.2847 has not been found on the update center.
2025.10.24 02:26:38 INFO  web[AZoT2aiJMZXN+/fEAADQ][o.s.u.c.UpdateCenter] The plugin 'jacoco' version : 1.3.0.1538 has not been found on the update center.
2025.10.24 02:26:38 INFO  web[AZoT2aiJMZXN+/fEAADQ][o.s.u.c.UpdateCenter] The plugin 'java' version : 7.16.0.30901 has not been found on the update center.
2025.10.24 02:26:38 INFO  web[AZoT2aiJMZXN+/fEAADQ][o.s.u.c.UpdateCenter] The plugin 'javascript' version : 9.13.0.20537 has not been found on the update center.
2025.10.24 02:26:38 INFO  web[AZoT2aiJMZXN+/fEAADQ][o.s.u.c.UpdateCenter] The plugin 'kotlin' version : 2.12.0.1956 has not been found on the update center.
2025.10.24 02:26:38 INFO  web[AZoT2aiJMZXN+/fEAADQ][o.s.u.c.UpdateCenter] The plugin 'php' version : 3.27.1.9352 has not been found on the update center.
2025.10.24 02:26:38 INFO  web[AZoT2aiJMZXN+/fEAADQ][o.s.u.c.UpdateCenter] The plugin 'python' version : 3.24.1.11916 has not been found on the update center.
2025.10.24 02:26:38 INFO  web[AZoT2aiJMZXN+/fEAADQ][o.s.u.c.UpdateCenter] The plugin 'ruby' version : 1.11.0.3905 has not been found on the update center.
2025.10.24 02:26:38 INFO  web[AZoT2aiJMZXN+/fEAADQ][o.s.u.c.UpdateCenter] The plugin 'sonarscala' version : 1.11.0.3905 has not been found on the update center.
2025.10.24 02:26:38 INFO  web[AZoT2aiJMZXN+/fEAADQ][o.s.u.c.UpdateCenter] The plugin 'text' version : 2.0.2.1090 has not been found on the update center.
2025.10.24 02:26:38 INFO  web[AZoT2aiJMZXN+/fEAADQ][o.s.u.c.UpdateCenter] The plugin 'vbnet' version : 8.51.0.59060 has not been found on the update center.
2025.10.24 02:26:38 INFO  web[AZoT2aiJMZXN+/fEAADQ][o.s.u.c.UpdateCenter] The plugin 'web' version : 3.7.1.3306 has not been found on the update center.
2025.10.24 02:26:38 INFO  web[AZoT2aiJMZXN+/fEAADQ][o.s.u.c.UpdateCenter] The plugin 'xml' version : 2.7.0.3820 has not been found on the update center.
2025.10.24 02:26:38 INFO  web[AZoT2aiJMZXN+/fEAADQ][o.s.u.c.UpdateCenter] The plugin 'config' version : 1.2.0.267 has not been found on the update center.
2025.10.24 02:26:38 INFO  web[AZoT2aiJMZXN+/fEAADQ][o.s.u.c.UpdateCenter] The plugin 'csharp' version : 8.51.0.59060 has not been found on the update center.
2025.10.24 02:26:38 INFO  web[AZoT2aiJMZXN+/fEAADQ][o.s.u.c.UpdateCenter] The plugin 'flex' version : 2.8.0.3166 has not been found on the update center.
2025.10.24 02:26:38 INFO  web[AZoT2aiJMZXN+/fEAADQ][o.s.u.c.UpdateCenter] The plugin 'go' version : 1.11.0.3905 has not been found on the update center.
2025.10.24 02:26:38 INFO  web[AZoT2aiJMZXN+/fEAADQ][o.s.u.c.UpdateCenter] The plugin 'iac' version : 1.11.0.2847 has not been found on the update center.
2025.10.24 02:26:38 INFO  web[AZoT2aiJMZXN+/fEAADQ][o.s.u.c.UpdateCenter] The plugin 'jacoco' version : 1.3.0.1538 has not been found on the update center.
2025.10.24 02:26:38 INFO  web[AZoT2aiJMZXN+/fEAADQ][o.s.u.c.UpdateCenter] The plugin 'java' version : 7.16.0.30901 has not been found on the update center.
2025.10.24 02:26:38 INFO  web[AZoT2aiJMZXN+/fEAADQ][o.s.u.c.UpdateCenter] The plugin 'javascript' version : 9.13.0.20537 has not been found on the update center.
2025.10.24 02:26:38 INFO  web[AZoT2aiJMZXN+/fEAADQ][o.s.u.c.UpdateCenter] The plugin 'kotlin' version : 2.12.0.1956 has not been found on the update center.
2025.10.24 02:26:38 INFO  web[AZoT2aiJMZXN+/fEAADQ][o.s.u.c.UpdateCenter] The plugin 'php' version : 3.27.1.9352 has not been found on the update center.
2025.10.24 02:26:38 INFO  web[AZoT2aiJMZXN+/fEAADQ][o.s.u.c.UpdateCenter] The plugin 'python' version : 3.24.1.11916 has not been found on the update center.
2025.10.24 02:26:38 INFO  web[AZoT2aiJMZXN+/fEAADQ][o.s.u.c.UpdateCenter] The plugin 'ruby' version : 1.11.0.3905 has not been found on the update center.
2025.10.24 02:26:38 INFO  web[AZoT2aiJMZXN+/fEAADQ][o.s.u.c.UpdateCenter] The plugin 'sonarscala' version : 1.11.0.3905 has not been found on the update center.
2025.10.24 02:26:38 INFO  web[AZoT2aiJMZXN+/fEAADQ][o.s.u.c.UpdateCenter] The plugin 'text' version : 2.0.2.1090 has not been found on the update center.
2025.10.24 02:26:38 INFO  web[AZoT2aiJMZXN+/fEAADQ][o.s.u.c.UpdateCenter] The plugin 'vbnet' version : 8.51.0.59060 has not been found on the update center.
2025.10.24 02:26:38 INFO  web[AZoT2aiJMZXN+/fEAADQ][o.s.u.c.UpdateCenter] The plugin 'web' version : 3.7.1.3306 has not been found on the update center.
2025.10.24 02:26:38 INFO  web[AZoT2aiJMZXN+/fEAADQ][o.s.u.c.UpdateCenter] The plugin 'xml' version : 2.7.0.3820 has not been found on the update center.
2025.10.24 02:26:38 INFO  web[AZoT2aiJMZXN+/fEAADQ][o.s.u.c.UpdateCenter] The plugin 'config' version : 1.2.0.267 has not been found on the update center.
2025.10.24 02:26:38 INFO  web[AZoT2aiJMZXN+/fEAADQ][o.s.u.c.UpdateCenter] The plugin 'csharp' version : 8.51.0.59060 has not been found on the update center.
2025.10.24 02:26:38 INFO  web[AZoT2aiJMZXN+/fEAADQ][o.s.u.c.UpdateCenter] The plugin 'flex' version : 2.8.0.3166 has not been found on the update center.
2025.10.24 02:26:38 INFO  web[AZoT2aiJMZXN+/fEAADQ][o.s.u.c.UpdateCenter] The plugin 'go' version : 1.11.0.3905 has not been found on the update center.
2025.10.24 02:26:38 INFO  web[AZoT2aiJMZXN+/fEAADQ][o.s.u.c.UpdateCenter] The plugin 'iac' version : 1.11.0.2847 has not been found on the update center.
2025.10.24 02:26:38 INFO  web[AZoT2aiJMZXN+/fEAADQ][o.s.u.c.UpdateCenter] The plugin 'jacoco' version : 1.3.0.1538 has not been found on the update center.
2025.10.24 02:26:38 INFO  web[AZoT2aiJMZXN+/fEAADQ][o.s.u.c.UpdateCenter] The plugin 'java' version : 7.16.0.30901 has not been found on the update center.
2025.10.24 02:26:38 INFO  web[AZoT2aiJMZXN+/fEAADQ][o.s.u.c.UpdateCenter] The plugin 'javascript' version : 9.13.0.20537 has not been found on the update center.
2025.10.24 02:26:38 INFO  web[AZoT2aiJMZXN+/fEAADQ][o.s.u.c.UpdateCenter] The plugin 'kotlin' version : 2.12.0.1956 has not been found on the update center.
2025.10.24 02:26:38 INFO  web[AZoT2aiJMZXN+/fEAADQ][o.s.u.c.UpdateCenter] The plugin 'php' version : 3.27.1.9352 has not been found on the update center.
2025.10.24 02:26:38 INFO  web[AZoT2aiJMZXN+/fEAADQ][o.s.u.c.UpdateCenter] The plugin 'python' version : 3.24.1.11916 has not been found on the update center.
2025.10.24 02:26:38 INFO  web[AZoT2aiJMZXN+/fEAADQ][o.s.u.c.UpdateCenter] The plugin 'ruby' version : 1.11.0.3905 has not been found on the update center.
2025.10.24 02:26:38 INFO  web[AZoT2aiJMZXN+/fEAADQ][o.s.u.c.UpdateCenter] The plugin 'sonarscala' version : 1.11.0.3905 has not been found on the update center.
2025.10.24 02:26:38 INFO  web[AZoT2aiJMZXN+/fEAADQ][o.s.u.c.UpdateCenter] The plugin 'text' version : 2.0.2.1090 has not been found on the update center.
2025.10.24 02:26:38 INFO  web[AZoT2aiJMZXN+/fEAADQ][o.s.u.c.UpdateCenter] The plugin 'vbnet' version : 8.51.0.59060 has not been found on the update center.
2025.10.24 02:26:38 INFO  web[AZoT2aiJMZXN+/fEAADQ][o.s.u.c.UpdateCenter] The plugin 'web' version : 3.7.1.3306 has not been found on the update center.
2025.10.24 02:26:38 INFO  web[AZoT2aiJMZXN+/fEAADQ][o.s.u.c.UpdateCenter] The plugin 'xml' version : 2.7.0.3820 has not been found on the update center.
2025.10.24 02:26:38 INFO  web[AZoT2aiJMZXN+/fEAADQ][o.s.u.c.UpdateCenter] The plugin 'config' version : 1.2.0.267 has not been found on the update center.
2025.10.24 02:26:38 INFO  web[AZoT2aiJMZXN+/fEAADQ][o.s.u.c.UpdateCenter] The plugin 'csharp' version : 8.51.0.59060 has not been found on the update center.
2025.10.24 02:26:38 INFO  web[AZoT2aiJMZXN+/fEAADQ][o.s.u.c.UpdateCenter] The plugin 'flex' version : 2.8.0.3166 has not been found on the update center.
2025.10.24 02:26:38 INFO  web[AZoT2aiJMZXN+/fEAADQ][o.s.u.c.UpdateCenter] The plugin 'go' version : 1.11.0.3905 has not been found on the update center.
2025.10.24 02:26:38 INFO  web[AZoT2aiJMZXN+/fEAADQ][o.s.u.c.UpdateCenter] The plugin 'iac' version : 1.11.0.2847 has not been found on the update center.
2025.10.24 02:26:38 INFO  web[AZoT2aiJMZXN+/fEAADQ][o.s.u.c.UpdateCenter] The plugin 'jacoco' version : 1.3.0.1538 has not been found on the update center.
2025.10.24 02:26:38 INFO  web[AZoT2aiJMZXN+/fEAADQ][o.s.u.c.UpdateCenter] The plugin 'java' version : 7.16.0.30901 has not been found on the update center.
2025.10.24 02:26:38 INFO  web[AZoT2aiJMZXN+/fEAADQ][o.s.u.c.UpdateCenter] The plugin 'javascript' version : 9.13.0.20537 has not been found on the update center.
2025.10.24 02:26:38 INFO  web[AZoT2aiJMZXN+/fEAADQ][o.s.u.c.UpdateCenter] The plugin 'kotlin' version : 2.12.0.1956 has not been found on the update center.
2025.10.24 02:26:38 INFO  web[AZoT2aiJMZXN+/fEAADQ][o.s.u.c.UpdateCenter] The plugin 'php' version : 3.27.1.9352 has not been found on the update center.
2025.10.24 02:26:38 INFO  web[AZoT2aiJMZXN+/fEAADQ][o.s.u.c.UpdateCenter] The plugin 'python' version : 3.24.1.11916 has not been found on the update center.
2025.10.24 02:26:38 INFO  web[AZoT2aiJMZXN+/fEAADQ][o.s.u.c.UpdateCenter] The plugin 'ruby' version : 1.11.0.3905 has not been found on the update center.
2025.10.24 02:26:38 INFO  web[AZoT2aiJMZXN+/fEAADQ][o.s.u.c.UpdateCenter] The plugin 'sonarscala' version : 1.11.0.3905 has not been found on the update center.
2025.10.24 02:26:38 INFO  web[AZoT2aiJMZXN+/fEAADQ][o.s.u.c.UpdateCenter] The plugin 'text' version : 2.0.2.1090 has not been found on the update center.
2025.10.24 02:26:38 INFO  web[AZoT2aiJMZXN+/fEAADQ][o.s.u.c.UpdateCenter] The plugin 'vbnet' version : 8.51.0.59060 has not been found on the update center.
2025.10.24 02:26:38 INFO  web[AZoT2aiJMZXN+/fEAADQ][o.s.u.c.UpdateCenter] The plugin 'web' version : 3.7.1.3306 has not been found on the update center.
2025.10.24 02:26:38 INFO  web[AZoT2aiJMZXN+/fEAADQ][o.s.u.c.UpdateCenter] The plugin 'xml' version : 2.7.0.3820 has not been found on the update center.
2025.10.24 02:26:38 INFO  web[AZoT2aiJMZXN+/fEAADQ][o.s.u.c.UpdateCenter] The plugin 'config' version : 1.2.0.267 has not been found on the update center.
2025.10.24 02:26:38 INFO  web[AZoT2aiJMZXN+/fEAADQ][o.s.u.c.UpdateCenter] The plugin 'csharp' version : 8.51.0.59060 has not been found on the update center.
2025.10.24 02:26:38 INFO  web[AZoT2aiJMZXN+/fEAADQ][o.s.u.c.UpdateCenter] The plugin 'flex' version : 2.8.0.3166 has not been found on the update center.
2025.10.24 02:26:38 INFO  web[AZoT2aiJMZXN+/fEAADQ][o.s.u.c.UpdateCenter] The plugin 'go' version : 1.11.0.3905 has not been found on the update center.
2025.10.24 02:26:38 INFO  web[AZoT2aiJMZXN+/fEAADQ][o.s.u.c.UpdateCenter] The plugin 'iac' version : 1.11.0.2847 has not been found on the update center.
2025.10.24 02:26:38 INFO  web[AZoT2aiJMZXN+/fEAADQ][o.s.u.c.UpdateCenter] The plugin 'jacoco' version : 1.3.0.1538 has not been found on the update center.
2025.10.24 02:26:38 INFO  web[AZoT2aiJMZXN+/fEAADQ][o.s.u.c.UpdateCenter] The plugin 'java' version : 7.16.0.30901 has not been found on the update center.
2025.10.24 02:26:38 INFO  web[AZoT2aiJMZXN+/fEAADQ][o.s.u.c.UpdateCenter] The plugin 'javascript' version : 9.13.0.20537 has not been found on the update center.
2025.10.24 02:26:38 INFO  web[AZoT2aiJMZXN+/fEAADQ][o.s.u.c.UpdateCenter] The plugin 'kotlin' version : 2.12.0.1956 has not been found on the update center.
2025.10.24 02:26:38 INFO  web[AZoT2aiJMZXN+/fEAADQ][o.s.u.c.UpdateCenter] The plugin 'php' version : 3.27.1.9352 has not been found on the update center.
2025.10.24 02:26:38 INFO  web[AZoT2aiJMZXN+/fEAADQ][o.s.u.c.UpdateCenter] The plugin 'python' version : 3.24.1.11916 has not been found on the update center.
2025.10.24 02:26:38 INFO  web[AZoT2aiJMZXN+/fEAADQ][o.s.u.c.UpdateCenter] The plugin 'ruby' version : 1.11.0.3905 has not been found on the update center.
2025.10.24 02:26:38 INFO  web[AZoT2aiJMZXN+/fEAADQ][o.s.u.c.UpdateCenter] The plugin 'sonarscala' version : 1.11.0.3905 has not been found on the update center.
2025.10.24 02:26:38 INFO  web[AZoT2aiJMZXN+/fEAADQ][o.s.u.c.UpdateCenter] The plugin 'text' version : 2.0.2.1090 has not been found on the update center.
2025.10.24 02:26:38 INFO  web[AZoT2aiJMZXN+/fEAADQ][o.s.u.c.UpdateCenter] The plugin 'vbnet' version : 8.51.0.59060 has not been found on the update center.
2025.10.24 02:26:38 INFO  web[AZoT2aiJMZXN+/fEAADQ][o.s.u.c.UpdateCenter] The plugin 'web' version : 3.7.1.3306 has not been found on the update center.
2025.10.24 02:26:38 INFO  web[AZoT2aiJMZXN+/fEAADQ][o.s.u.c.UpdateCenter] The plugin 'xml' version : 2.7.0.3820 has not been found on the update center.
2025.10.24 02:26:38 INFO  web[AZoT2aiJMZXN+/fEAADQ][o.s.u.c.UpdateCenter] The plugin 'config' version : 1.2.0.267 has not been found on the update center.
2025.10.24 02:26:38 INFO  web[AZoT2aiJMZXN+/fEAADQ][o.s.u.c.UpdateCenter] The plugin 'csharp' version : 8.51.0.59060 has not been found on the update center.
2025.10.24 02:26:38 INFO  web[AZoT2aiJMZXN+/fEAADQ][o.s.u.c.UpdateCenter] The plugin 'flex' version : 2.8.0.3166 has not been found on the update center.
2025.10.24 02:26:38 INFO  web[AZoT2aiJMZXN+/fEAADQ][o.s.u.c.UpdateCenter] The plugin 'go' version : 1.11.0.3905 has not been found on the update center.
2025.10.24 02:26:38 INFO  web[AZoT2aiJMZXN+/fEAADQ][o.s.u.c.UpdateCenter] The plugin 'iac' version : 1.11.0.2847 has not been found on the update center.
2025.10.24 02:26:38 INFO  web[AZoT2aiJMZXN+/fEAADQ][o.s.u.c.UpdateCenter] The plugin 'jacoco' version : 1.3.0.1538 has not been found on the update center.
2025.10.24 02:26:38 INFO  web[AZoT2aiJMZXN+/fEAADQ][o.s.u.c.UpdateCenter] The plugin 'java' version : 7.16.0.30901 has not been found on the update center.
2025.10.24 02:26:38 INFO  web[AZoT2aiJMZXN+/fEAADQ][o.s.u.c.UpdateCenter] The plugin 'javascript' version : 9.13.0.20537 has not been found on the update center.
2025.10.24 02:26:38 INFO  web[AZoT2aiJMZXN+/fEAADQ][o.s.u.c.UpdateCenter] The plugin 'kotlin' version : 2.12.0.1956 has not been found on the update center.
2025.10.24 02:26:38 INFO  web[AZoT2aiJMZXN+/fEAADQ][o.s.u.c.UpdateCenter] The plugin 'php' version : 3.27.1.9352 has not been found on the update center.
2025.10.24 02:26:38 INFO  web[AZoT2aiJMZXN+/fEAADQ][o.s.u.c.UpdateCenter] The plugin 'python' version : 3.24.1.11916 has not been found on the update center.
2025.10.24 02:26:38 INFO  web[AZoT2aiJMZXN+/fEAADQ][o.s.u.c.UpdateCenter] The plugin 'ruby' version : 1.11.0.3905 has not been found on the update center.
2025.10.24 02:26:38 INFO  web[AZoT2aiJMZXN+/fEAADQ][o.s.u.c.UpdateCenter] The plugin 'sonarscala' version : 1.11.0.3905 has not been found on the update center.
2025.10.24 02:26:38 INFO  web[AZoT2aiJMZXN+/fEAADQ][o.s.u.c.UpdateCenter] The plugin 'text' version : 2.0.2.1090 has not been found on the update center.
2025.10.24 02:26:38 INFO  web[AZoT2aiJMZXN+/fEAADQ][o.s.u.c.UpdateCenter] The plugin 'vbnet' version : 8.51.0.59060 has not been found on the update center.
2025.10.24 02:26:38 INFO  web[AZoT2aiJMZXN+/fEAADQ][o.s.u.c.UpdateCenter] The plugin 'web' version : 3.7.1.3306 has not been found on the update center.
2025.10.24 02:26:38 INFO  web[AZoT2aiJMZXN+/fEAADQ][o.s.u.c.UpdateCenter] The plugin 'xml' version : 2.7.0.3820 has not been found on the update center.
2025.10.24 02:26:38 INFO  web[AZoT2aiJMZXN+/fEAADQ][o.s.u.c.UpdateCenter] The plugin 'config' version : 1.2.0.267 has not been found on the update center.
2025.10.24 02:26:38 INFO  web[AZoT2aiJMZXN+/fEAADQ][o.s.u.c.UpdateCenter] The plugin 'csharp' version : 8.51.0.59060 has not been found on the update center.
2025.10.24 02:26:38 INFO  web[AZoT2aiJMZXN+/fEAADQ][o.s.u.c.UpdateCenter] The plugin 'flex' version : 2.8.0.3166 has not been found on the update center.
2025.10.24 02:26:38 INFO  web[AZoT2aiJMZXN+/fEAADQ][o.s.u.c.UpdateCenter] The plugin 'go' version : 1.11.0.3905 has not been found on the update center.
2025.10.24 02:26:38 INFO  web[AZoT2aiJMZXN+/fEAADQ][o.s.u.c.UpdateCenter] The plugin 'iac' version : 1.11.0.2847 has not been found on the update center.
2025.10.24 02:26:38 INFO  web[AZoT2aiJMZXN+/fEAADQ][o.s.u.c.UpdateCenter] The plugin 'jacoco' version : 1.3.0.1538 has not been found on the update center.
2025.10.24 02:26:38 INFO  web[AZoT2aiJMZXN+/fEAADQ][o.s.u.c.UpdateCenter] The plugin 'java' version : 7.16.0.30901 has not been found on the update center.
2025.10.24 02:26:38 INFO  web[AZoT2aiJMZXN+/fEAADQ][o.s.u.c.UpdateCenter] The plugin 'javascript' version : 9.13.0.20537 has not been found on the update center.
2025.10.24 02:26:38 INFO  web[AZoT2aiJMZXN+/fEAADQ][o.s.u.c.UpdateCenter] The plugin 'kotlin' version : 2.12.0.1956 has not been found on the update center.
2025.10.24 02:26:38 INFO  web[AZoT2aiJMZXN+/fEAADQ][o.s.u.c.UpdateCenter] The plugin 'php' version : 3.27.1.9352 has not been found on the update center.
2025.10.24 02:26:38 INFO  web[AZoT2aiJMZXN+/fEAADQ][o.s.u.c.UpdateCenter] The plugin 'python' version : 3.24.1.11916 has not been found on the update center.
2025.10.24 02:26:38 INFO  web[AZoT2aiJMZXN+/fEAADQ][o.s.u.c.UpdateCenter] The plugin 'ruby' version : 1.11.0.3905 has not been found on the update center.
2025.10.24 02:26:38 INFO  web[AZoT2aiJMZXN+/fEAADQ][o.s.u.c.UpdateCenter] The plugin 'sonarscala' version : 1.11.0.3905 has not been found on the update center.
2025.10.24 02:26:38 INFO  web[AZoT2aiJMZXN+/fEAADQ][o.s.u.c.UpdateCenter] The plugin 'text' version : 2.0.2.1090 has not been found on the update center.
2025.10.24 02:26:38 INFO  web[AZoT2aiJMZXN+/fEAADQ][o.s.u.c.UpdateCenter] The plugin 'vbnet' version : 8.51.0.59060 has not been found on the update center.
2025.10.24 02:26:38 INFO  web[AZoT2aiJMZXN+/fEAADQ][o.s.u.c.UpdateCenter] The plugin 'web' version : 3.7.1.3306 has not been found on the update center.
2025.10.24 02:26:38 INFO  web[AZoT2aiJMZXN+/fEAADQ][o.s.u.c.UpdateCenter] The plugin 'xml' version : 2.7.0.3820 has not been found on the update center.
2025.10.24 02:26:38 INFO  web[AZoT2aiJMZXN+/fEAADQ][o.s.u.c.UpdateCenter] The plugin 'config' version : 1.2.0.267 has not been found on the update center.
2025.10.24 02:26:38 INFO  web[AZoT2aiJMZXN+/fEAADQ][o.s.u.c.UpdateCenter] The plugin 'csharp' version : 8.51.0.59060 has not been found on the update center.
2025.10.24 02:26:38 INFO  web[AZoT2aiJMZXN+/fEAADQ][o.s.u.c.UpdateCenter] The plugin 'flex' version : 2.8.0.3166 has not been found on the update center.
2025.10.24 02:26:38 INFO  web[AZoT2aiJMZXN+/fEAADQ][o.s.u.c.UpdateCenter] The plugin 'go' version : 1.11.0.3905 has not been found on the update center.
2025.10.24 02:26:38 INFO  web[AZoT2aiJMZXN+/fEAADQ][o.s.u.c.UpdateCenter] The plugin 'iac' version : 1.11.0.2847 has not been found on the update center.
2025.10.24 02:26:38 INFO  web[AZoT2aiJMZXN+/fEAADQ][o.s.u.c.UpdateCenter] The plugin 'jacoco' version : 1.3.0.1538 has not been found on the update center.
2025.10.24 02:26:38 INFO  web[AZoT2aiJMZXN+/fEAADQ][o.s.u.c.UpdateCenter] The plugin 'java' version : 7.16.0.30901 has not been found on the update center.
2025.10.24 02:26:38 INFO  web[AZoT2aiJMZXN+/fEAADQ][o.s.u.c.UpdateCenter] The plugin 'javascript' version : 9.13.0.20537 has not been found on the update center.
2025.10.24 02:26:38 INFO  web[AZoT2aiJMZXN+/fEAADQ][o.s.u.c.UpdateCenter] The plugin 'kotlin' version : 2.12.0.1956 has not been found on the update center.
2025.10.24 02:26:38 INFO  web[AZoT2aiJMZXN+/fEAADQ][o.s.u.c.UpdateCenter] The plugin 'php' version : 3.27.1.9352 has not been found on the update center.
2025.10.24 02:26:38 INFO  web[AZoT2aiJMZXN+/fEAADQ][o.s.u.c.UpdateCenter] The plugin 'python' version : 3.24.1.11916 has not been found on the update center.
2025.10.24 02:26:38 INFO  web[AZoT2aiJMZXN+/fEAADQ][o.s.u.c.UpdateCenter] The plugin 'ruby' version : 1.11.0.3905 has not been found on the update center.
2025.10.24 02:26:38 INFO  web[AZoT2aiJMZXN+/fEAADQ][o.s.u.c.UpdateCenter] The plugin 'sonarscala' version : 1.11.0.3905 has not been found on the update center.
2025.10.24 02:26:38 INFO  web[AZoT2aiJMZXN+/fEAADQ][o.s.u.c.UpdateCenter] The plugin 'text' version : 2.0.2.1090 has not been found on the update center.
2025.10.24 02:26:38 INFO  web[AZoT2aiJMZXN+/fEAADQ][o.s.u.c.UpdateCenter] The plugin 'vbnet' version : 8.51.0.59060 has not been found on the update center.
2025.10.24 02:26:38 INFO  web[AZoT2aiJMZXN+/fEAADQ][o.s.u.c.UpdateCenter] The plugin 'web' version : 3.7.1.3306 has not been found on the update center.
2025.10.24 02:26:38 INFO  web[AZoT2aiJMZXN+/fEAADQ][o.s.u.c.UpdateCenter] The plugin 'xml' version : 2.7.0.3820 has not been found on the update center.
2025.10.24 02:26:38 INFO  web[AZoT2aiJMZXN+/fEAADQ][o.s.u.c.UpdateCenter] The plugin 'config' version : 1.2.0.267 has not been found on the update center.
2025.10.24 02:26:38 INFO  web[AZoT2aiJMZXN+/fEAADQ][o.s.u.c.UpdateCenter] The plugin 'csharp' version : 8.51.0.59060 has not been found on the update center.
2025.10.24 02:26:38 INFO  web[AZoT2aiJMZXN+/fEAADQ][o.s.u.c.UpdateCenter] The plugin 'flex' version : 2.8.0.3166 has not been found on the update center.
2025.10.24 02:26:38 INFO  web[AZoT2aiJMZXN+/fEAADQ][o.s.u.c.UpdateCenter] The plugin 'go' version : 1.11.0.3905 has not been found on the update center.
2025.10.24 02:26:38 INFO  web[AZoT2aiJMZXN+/fEAADQ][o.s.u.c.UpdateCenter] The plugin 'iac' version : 1.11.0.2847 has not been found on the update center.
2025.10.24 02:26:38 INFO  web[AZoT2aiJMZXN+/fEAADQ][o.s.u.c.UpdateCenter] The plugin 'jacoco' version : 1.3.0.1538 has not been found on the update center.
2025.10.24 02:26:38 INFO  web[AZoT2aiJMZXN+/fEAADQ][o.s.u.c.UpdateCenter] The plugin 'java' version : 7.16.0.30901 has not been found on the update center.
2025.10.24 02:26:38 INFO  web[AZoT2aiJMZXN+/fEAADQ][o.s.u.c.UpdateCenter] The plugin 'javascript' version : 9.13.0.20537 has not been found on the update center.
2025.10.24 02:26:38 INFO  web[AZoT2aiJMZXN+/fEAADQ][o.s.u.c.UpdateCenter] The plugin 'kotlin' version : 2.12.0.1956 has not been found on the update center.
2025.10.24 02:26:38 INFO  web[AZoT2aiJMZXN+/fEAADQ][o.s.u.c.UpdateCenter] The plugin 'php' version : 3.27.1.9352 has not been found on the update center.
2025.10.24 02:26:38 INFO  web[AZoT2aiJMZXN+/fEAADQ][o.s.u.c.UpdateCenter] The plugin 'python' version : 3.24.1.11916 has not been found on the update center.
2025.10.24 02:26:38 INFO  web[AZoT2aiJMZXN+/fEAADQ][o.s.u.c.UpdateCenter] The plugin 'ruby' version : 1.11.0.3905 has not been found on the update center.
2025.10.24 02:26:38 INFO  web[AZoT2aiJMZXN+/fEAADQ][o.s.u.c.UpdateCenter] The plugin 'sonarscala' version : 1.11.0.3905 has not been found on the update center.
2025.10.24 02:26:38 INFO  web[AZoT2aiJMZXN+/fEAADQ][o.s.u.c.UpdateCenter] The plugin 'text' version : 2.0.2.1090 has not been found on the update center.
2025.10.24 02:26:38 INFO  web[AZoT2aiJMZXN+/fEAADQ][o.s.u.c.UpdateCenter] The plugin 'vbnet' version : 8.51.0.59060 has not been found on the update center.
2025.10.24 02:26:38 INFO  web[AZoT2aiJMZXN+/fEAADQ][o.s.u.c.UpdateCenter] The plugin 'web' version : 3.7.1.3306 has not been found on the update center.
2025.10.24 02:26:38 INFO  web[AZoT2aiJMZXN+/fEAADQ][o.s.u.c.UpdateCenter] The plugin 'xml' version : 2.7.0.3820 has not been found on the update center.
2025.10.24 03:01:49 INFO  web[][o.s.p.ProcessEntryPoint] Gracefully stopping process
2025.10.24 03:01:49 INFO  web[][o.s.s.n.NotificationDaemon] Notification service stopped
2025.10.24 03:01:49 INFO  web[][c.z.h.HikariDataSource] HikariPool-1 - Shutdown initiated...
2025.10.24 03:02:27 INFO  web[][o.s.p.ProcessEntryPoint] Starting Web Server
2025.10.24 03:02:30 INFO  web[][o.s.s.p.LogServerVersion] SonarQube Server / 9.9.8.100196 / a6b73d92af974da59414bc4a00dde2882016ea70
2025.10.24 03:02:35 INFO  web[][o.s.s.p.d.EmbeddedDatabase] Starting embedded database on port 9092 with url jdbc:h2:tcp://127.0.0.1:9092/sonar;NON_KEYWORDS=VALUE
2025.10.24 03:02:35 INFO  web[][o.s.s.p.d.EmbeddedDatabase] Embedded database started. Data stored in: /opt/sonarqube/data
2025.10.24 03:02:35 INFO  web[][o.sonar.db.Database] Create JDBC data source for jdbc:h2:tcp://127.0.0.1:9092/sonar;NON_KEYWORDS=VALUE
2025.10.24 03:02:35 INFO  web[][c.z.h.HikariDataSource] HikariPool-1 - Starting...
2025.10.24 03:02:35 INFO  web[][c.z.h.p.HikariPool] HikariPool-1 - Added connection conn2: url=jdbc:h2:tcp://127.0.0.1:9092/sonar user=
2025.10.24 03:02:35 INFO  web[][c.z.h.HikariDataSource] HikariPool-1 - Start completed.
2025.10.24 03:02:35 WARN  web[][o.s.db.dialect.H2] H2 database should be used for evaluation purpose only.
2025.10.24 03:02:37 INFO  web[][o.s.s.p.ServerFileSystemImpl] SonarQube home: /opt/sonarqube
2025.10.24 03:02:37 INFO  web[][o.s.s.u.SystemPasscodeImpl] System authentication by passcode is disabled
2025.10.24 03:02:38 INFO  web[][o.s.s.p.ServerPluginManager] Deploy C# Code Quality and Security / 8.51.0.59060 / e14c642f118958f22fd08841dc42f9aae480366a
2025.10.24 03:02:38 INFO  web[][o.s.s.p.ServerPluginManager] Deploy Configuration detection fot Code Quality and Security / 1.2.0.267 / 4f37ba9ffb37a96d5883e52ad392ed32c5c6eaab
2025.10.24 03:02:38 INFO  web[][o.s.s.p.ServerPluginManager] Deploy Flex Code Quality and Security / 2.8.0.3166 / 01f66bdddc678966c81a9064ed139156a6a89c97
2025.10.24 03:02:38 INFO  web[][o.s.s.p.ServerPluginManager] Deploy Go Code Quality and Security / 1.11.0.3905 / e1f28bc000e04ca01881e84218d01d464a17a36f
2025.10.24 03:02:38 INFO  web[][o.s.s.p.ServerPluginManager] Deploy HTML Code Quality and Security / 3.7.1.3306 / d720acc6860c6d8b69ec4d17570a398a1e216da1
2025.10.24 03:02:38 INFO  web[][o.s.s.p.ServerPluginManager] Deploy IaC Code Quality and Security / 1.11.0.2847 / 6892bd3a7320b3c110717acfdb18c4c7451069fd
2025.10.24 03:02:38 INFO  web[][o.s.s.p.ServerPluginManager] Deploy JaCoCo / 1.3.0.1538 / 74a7798c7cea687c72ed9df40c93eb7ea2a58c49
2025.10.24 03:02:38 INFO  web[][o.s.s.p.ServerPluginManager] Deploy Java Code Quality and Security / 7.16.0.30901 / 4b1436558dfd5fc00c8d9aae8bb0364ba122c73e
2025.10.24 03:02:38 INFO  web[][o.s.s.p.ServerPluginManager] Deploy JavaScript/TypeScript/CSS Code Quality and Security / 9.13.0.20537 / 68ff7657415044b86033814795ed95fc1f1558f1
2025.10.24 03:02:38 INFO  web[][o.s.s.p.ServerPluginManager] Deploy Kotlin Code Quality and Security / 2.12.0.1956 / a6df1ae252bd62d63f8673c28f87ad14258a7904
2025.10.24 03:02:38 INFO  web[][o.s.s.p.ServerPluginManager] Deploy PHP Code Quality and Security / 3.27.1.9352 / 3ddc5a03e1a7e3729d41e7c1a30a37d5715958c7
2025.10.24 03:02:38 INFO  web[][o.s.s.p.ServerPluginManager] Deploy Python Code Quality and Security / 3.24.1.11916 / cc8f4fa745eb33d31c3869bdfdfd45514e67c1fe
2025.10.24 03:02:38 INFO  web[][o.s.s.p.ServerPluginManager] Deploy Ruby Code Quality and Security / 1.11.0.3905 / e1f28bc000e04ca01881e84218d01d464a17a36f
2025.10.24 03:02:38 INFO  web[][o.s.s.p.ServerPluginManager] Deploy Scala Code Quality and Security / 1.11.0.3905 / e1f28bc000e04ca01881e84218d01d464a17a36f
2025.10.24 03:02:38 INFO  web[][o.s.s.p.ServerPluginManager] Deploy Text Code Quality and Security / 2.0.2.1090 / 7eb026363b98f5f98b43c603772b5177869c2c6a
2025.10.24 03:02:38 INFO  web[][o.s.s.p.ServerPluginManager] Deploy VB.NET Code Quality and Security / 8.51.0.59060 / e14c642f118958f22fd08841dc42f9aae480366a
2025.10.24 03:02:38 INFO  web[][o.s.s.p.ServerPluginManager] Deploy XML Code Quality and Security / 2.7.0.3820 / 656bccc1910d50c8984536bd2dfd917066b858e6
2025.10.24 03:02:46 INFO  web[][o.s.s.e.EsClientProvider] Connected to local Elasticsearch: [http://localhost:9001]
2025.10.24 03:02:47 WARN  web[][o.s.a.s.w.WebService$Action] Description is not set on action api/monitoring/metrics
2025.10.24 03:02:47 WARN  web[][o.s.a.s.w.WebService$Action] Since is not set on action api/monitoring/metrics
2025.10.24 03:02:47 WARN  web[][o.s.a.s.w.WebService$Action] The response example is not set on action api/monitoring/metrics
2025.10.24 03:02:47 WARN  web[][o.s.a.s.w.WebService$Action] The response example is not set on action api/system/liveness
2025.10.24 03:02:47 INFO  web[][o.s.s.p.w.MasterServletFilter] Initializing servlet filter org.sonar.server.platform.web.WebServiceFilter@23ee2ccf [pattern=UrlPattern{inclusions=[/api/system/migrate_db.*, ...], exclusions=[/api/components/update_key, ...]}]
2025.10.24 03:02:47 INFO  web[][o.s.s.p.DetectPluginChange] Detect plugin changes
2025.10.24 03:02:47 INFO  web[][o.s.s.p.DetectPluginChange] No plugin change detected
2025.10.24 03:02:47 INFO  web[][o.s.s.a.EmbeddedTomcat] HTTP connector enabled on port 9000
2025.10.24 03:02:51 INFO  web[][o.s.s.s.LogServerId] Server ID: 147B411E-AZoT0Ng0Vpb9ZWeZMlXF
2025.10.24 03:02:51 WARN  web[][o.s.s.a.LogOAuthWarning] For security reasons, OAuth authentication should use HTTPS. You should set the property 'Administration > Configuration > Server base URL' to a HTTPS URL.
2025.10.24 03:02:51 INFO  web[][o.s.s.p.UpdateCenterClient] Update center: https://update.sonarsource.org/update-center.properties
2025.10.24 03:02:55 WARN  web[][o.s.a.s.w.WebService$Action] The response example is not set on action saml/validation_init
2025.10.24 03:02:55 WARN  web[][o.s.a.s.w.WebService$Action] The response example is not set on action api/system/liveness
2025.10.24 03:02:55 WARN  web[][o.s.a.s.w.WebService$Action] The response example is not set on action api/plugins/download
2025.10.24 03:02:55 WARN  web[][o.s.a.s.w.WebService$Action] The response example is not set on action api/analysis_cache/get
2025.10.24 03:02:55 WARN  web[][o.s.a.s.w.WebService$Action] The response example is not set on action api/alm_integrations/check_pat
2025.10.24 03:02:55 WARN  web[][o.s.a.s.w.WebService$Action] The response example is not set on action api/push/sonarlint_events
2025.10.24 03:02:55 INFO  web[][o.s.s.a.p.ExpiredSessionsCleaner] Purge of expired session tokens has removed 0 elements
2025.10.24 03:02:55 INFO  web[][o.s.s.a.p.ExpiredSessionsCleaner] Purge of expired SAML message ids has removed 0 elements
2025.10.24 03:02:55 INFO  web[][o.s.s.n.NotificationDaemon] Notification service started (delay 60 sec.)
2025.10.24 03:02:55 INFO  web[][o.s.s.t.TelemetryDaemon] Sharing of SonarQube statistics is enabled.
2025.10.24 03:02:55 INFO  web[][o.s.s.s.GeneratePluginIndex] Generate scanner plugin index
2025.10.24 03:02:55 INFO  web[][o.s.s.s.RegisterPermissionTemplates] Register permission templates
2025.10.24 03:02:55 INFO  web[][o.s.s.s.RenameDeprecatedPropertyKeys] Rename deprecated property keys
2025.10.24 03:02:55 INFO  web[][o.s.s.s.RegisterPlugins] Register plugins
2025.10.24 03:02:55 INFO  web[][o.s.s.p.w.MasterServletFilter] Initializing servlet filter org.sonar.server.platform.web.SonarLintConnectionFilter@260e0a90 [pattern=UrlPattern{inclusions=[/api/*], exclusions=[]}]
2025.10.24 03:02:55 INFO  web[][o.s.s.p.w.MasterServletFilter] Initializing servlet filter org.sonar.server.platform.web.WebServiceFilter@4653ee3a [pattern=UrlPattern{inclusions=[/api/issues/delete_comment.*, ...], exclusions=[/api/authentication/login.*, ...]}]
2025.10.24 03:02:55 INFO  web[][o.s.s.p.w.MasterServletFilter] Initializing servlet filter org.sonar.server.platform.web.WebServiceReroutingFilter@259b9f9f [pattern=UrlPattern{inclusions=[/api/components/bulk_update_key, ...], exclusions=[]}]
2025.10.24 03:02:55 INFO  web[][o.s.s.p.w.MasterServletFilter] Initializing servlet filter org.sonar.server.authentication.DefaultAdminCredentialsVerifierFilter@451dad2c [pattern=UrlPattern{inclusions=[/*], exclusions=[*.css, ...]}]
2025.10.24 03:02:55 INFO  web[][o.s.s.p.w.MasterServletFilter] Initializing servlet filter org.sonar.server.authentication.InitFilter@13116595 [pattern=UrlPattern{inclusions=[/sessions/init/*], exclusions=[]}]
2025.10.24 03:02:55 INFO  web[][o.s.s.p.w.MasterServletFilter] Initializing servlet filter org.sonar.server.authentication.SamlValidationRedirectionFilter@4a6a6bf3 [pattern=UrlPattern{inclusions=[/oauth2/callback/saml], exclusions=[]}]
2025.10.24 03:02:55 INFO  web[][o.s.s.p.w.MasterServletFilter] Initializing servlet filter org.sonar.server.authentication.OAuth2CallbackFilter@33747246 [pattern=UrlPattern{inclusions=[/oauth2/callback/*], exclusions=[]}]
2025.10.24 03:02:55 INFO  web[][o.s.s.p.w.MasterServletFilter] Initializing servlet filter org.sonar.server.authentication.ResetPasswordFilter@1b28ddc9 [pattern=UrlPattern{inclusions=[/*], exclusions=[*.css, ...]}]
2025.10.24 03:02:55 INFO  web[][o.s.s.p.w.MasterServletFilter] Initializing servlet filter org.sonar.server.authentication.ws.LoginAction@eb76e90 [pattern=UrlPattern{inclusions=[/api/authentication/login], exclusions=[]}]
2025.10.24 03:02:55 INFO  web[][o.s.s.p.w.MasterServletFilter] Initializing servlet filter org.sonar.server.authentication.ws.LogoutAction@5e6c4e7a [pattern=UrlPattern{inclusions=[/api/authentication/logout], exclusions=[]}]
2025.10.24 03:02:55 INFO  web[][o.s.s.p.w.MasterServletFilter] Initializing servlet filter org.sonar.server.authentication.ws.ValidateAction@5d888a75 [pattern=UrlPattern{inclusions=[/api/authentication/validate], exclusions=[]}]
2025.10.24 03:02:55 INFO  web[][o.s.s.p.w.MasterServletFilter] Initializing servlet filter org.sonar.server.saml.ws.ValidationInitAction@6400f5ad [pattern=UrlPattern{inclusions=[/saml/validation_init], exclusions=[]}]
2025.10.24 03:02:55 INFO  web[][o.s.s.p.w.MasterServletFilter] Initializing servlet filter org.sonar.server.saml.ws.ValidationAction@3685718f [pattern=UrlPattern{inclusions=[/saml/validation], exclusions=[]}]
2025.10.24 03:02:55 INFO  web[][o.s.s.p.w.MasterServletFilter] Initializing servlet filter org.sonar.server.user.ws.ChangePasswordAction@30d3ef4 [pattern=UrlPattern{inclusions=[/api/users/change_password], exclusions=[]}]
2025.10.24 03:02:55 INFO  web[][o.s.s.p.w.MasterServletFilter] Initializing servlet filter org.sonar.server.plugins.PluginsRiskConsentFilter@1aa1e895 [pattern=UrlPattern{inclusions=[/*], exclusions=[*.css, ...]}]
2025.10.24 03:02:56 INFO  web[][o.s.s.q.ProjectsInWarningDaemon] Counting number of projects in warning is not started as there are no projects in this situation.
2025.10.24 03:02:56 INFO  web[][o.s.s.p.p.PlatformLevelStartup] Running Community Edition
2025.10.24 03:02:56 INFO  web[][o.s.s.p.Platform] Web Server is operational
2025.10.24 03:03:20 ERROR web[AZoUK41DaawC4aBMAAAP][o.s.u.c.UpdateCenterDeserializer] ltsVersion seems wrong as it is not listed in SonarQube versions
2025.10.24 03:03:20 ERROR web[AZoUK41DaawC4aBMAAAP][o.s.u.c.UpdateCenterDeserializer] authoidc.3.0.0.sqVersions should be defined
2025.10.24 03:03:20 ERROR web[AZoUK41DaawC4aBMAAAP][o.s.u.c.UpdateCenterDeserializer] Plugin OpenID Connect Authentication for SonarQube version 3.0.0 should declare compatible SQ versions
2025.10.24 03:03:21 ERROR web[AZoUK41DaawC4aBMAAAP][o.s.u.c.UpdateCenterDeserializer] creedengopython.2.2.0.sqVersions should be defined
2025.10.24 03:03:21 ERROR web[AZoUK41DaawC4aBMAAAP][o.s.u.c.UpdateCenterDeserializer] Plugin creedengo - Python language version 2.2.0 should declare compatible SQ versions
2025.10.24 03:03:21 ERROR web[AZoUK41DaawC4aBMAAAP][o.s.u.c.UpdateCenterDeserializer] jqassistant.3.0.1.sqVersions should be defined
2025.10.24 03:03:21 ERROR web[AZoUK41DaawC4aBMAAAP][o.s.u.c.UpdateCenterDeserializer] Plugin jQAssistant version 3.0.1 should declare compatible SQ versions
2025.10.24 03:03:21 ERROR web[AZoUK41DaawC4aBMAAAP][o.s.u.c.UpdateCenterDeserializer] l10nru.25.1.sqVersions should be defined
2025.10.24 03:03:21 ERROR web[AZoUK41DaawC4aBMAAAP][o.s.u.c.UpdateCenterDeserializer] Plugin Russian Pack version 25.1 should declare compatible SQ versions
2025.10.24 03:03:21 ERROR web[AZoUK41DaawC4aBMAAAP][o.s.u.c.UpdateCenterDeserializer] l10nru.25.7.sqVersions should be defined
2025.10.24 03:03:21 ERROR web[AZoUK41DaawC4aBMAAAP][o.s.u.c.UpdateCenterDeserializer] Plugin Russian Pack version 25.7 should declare compatible SQ versions
2025.10.24 03:03:21 ERROR web[AZoUK41DaawC4aBMAAAP][o.s.u.c.UpdateCenterDeserializer] l10nzh.24.12.sqVersions should be defined
2025.10.24 03:03:21 ERROR web[AZoUK41DaawC4aBMAAAP][o.s.u.c.UpdateCenterDeserializer] Plugin Chinese Pack version 24.12 should declare compatible SQ versions
2025.10.24 03:03:21 ERROR web[AZoUK41DaawC4aBMAAAP][o.s.u.c.UpdateCenterDeserializer] l10nzh.25.1.sqVersions should be defined
2025.10.24 03:03:21 ERROR web[AZoUK41DaawC4aBMAAAP][o.s.u.c.UpdateCenterDeserializer] Plugin Chinese Pack version 25.1 should declare compatible SQ versions
2025.10.24 03:03:21 ERROR web[AZoUK41DaawC4aBMAAAP][o.s.u.c.UpdateCenterDeserializer] l10nzh.25.2.sqVersions should be defined
2025.10.24 03:03:21 ERROR web[AZoUK41DaawC4aBMAAAP][o.s.u.c.UpdateCenterDeserializer] Plugin Chinese Pack version 25.2 should declare compatible SQ versions
2025.10.24 03:03:21 ERROR web[AZoUK41DaawC4aBMAAAP][o.s.u.c.UpdateCenterDeserializer] l10nzh.25.3.sqVersions should be defined
2025.10.24 03:03:21 ERROR web[AZoUK41DaawC4aBMAAAP][o.s.u.c.UpdateCenterDeserializer] Plugin Chinese Pack version 25.3 should declare compatible SQ versions
2025.10.24 03:03:21 ERROR web[AZoUK41DaawC4aBMAAAP][o.s.u.c.UpdateCenterDeserializer] l10nzh.25.4.sqVersions should be defined
2025.10.24 03:03:21 ERROR web[AZoUK41DaawC4aBMAAAP][o.s.u.c.UpdateCenterDeserializer] Plugin Chinese Pack version 25.4 should declare compatible SQ versions
2025.10.24 03:03:21 ERROR web[AZoUK41DaawC4aBMAAAP][o.s.u.c.UpdateCenterDeserializer] l10nzh.25.5.sqVersions should be defined
2025.10.24 03:03:21 ERROR web[AZoUK41DaawC4aBMAAAP][o.s.u.c.UpdateCenterDeserializer] Plugin Chinese Pack version 25.5 should declare compatible SQ versions
2025.10.24 03:03:21 ERROR web[AZoUK41DaawC4aBMAAAP][o.s.u.c.UpdateCenterDeserializer] l10nzh.25.6.sqVersions should be defined
2025.10.24 03:03:21 ERROR web[AZoUK41DaawC4aBMAAAP][o.s.u.c.UpdateCenterDeserializer] Plugin Chinese Pack version 25.6 should declare compatible SQ versions
2025.10.24 03:03:21 ERROR web[AZoUK41DaawC4aBMAAAP][o.s.u.c.UpdateCenterDeserializer] l10nzh.25.7.sqVersions should be defined
2025.10.24 03:03:21 ERROR web[AZoUK41DaawC4aBMAAAP][o.s.u.c.UpdateCenterDeserializer] Plugin Chinese Pack version 25.7 should declare compatible SQ versions
2025.10.24 03:03:21 ERROR web[AZoUK41DaawC4aBMAAAP][o.s.u.c.UpdateCenterDeserializer] l10nzh.25.8.sqVersions should be defined
2025.10.24 03:03:21 ERROR web[AZoUK41DaawC4aBMAAAP][o.s.u.c.UpdateCenterDeserializer] Plugin Chinese Pack version 25.8 should declare compatible SQ versions
2025.10.24 03:03:21 ERROR web[AZoUK41DaawC4aBMAAAP][o.s.u.c.UpdateCenterDeserializer] l10nzh.25.9.sqVersions should be defined
2025.10.24 03:03:21 ERROR web[AZoUK41DaawC4aBMAAAP][o.s.u.c.UpdateCenterDeserializer] Plugin Chinese Pack version 25.9 should declare compatible SQ versions
2025.10.24 03:03:21 ERROR web[AZoUK41DaawC4aBMAAAP][o.s.u.c.UpdateCenterDeserializer] l10nzh.25.10.sqVersions should be defined
2025.10.24 03:03:21 ERROR web[AZoUK41DaawC4aBMAAAP][o.s.u.c.UpdateCenterDeserializer] Plugin Chinese Pack version 25.10 should declare compatible SQ versions
2025.10.24 03:03:21 ERROR web[AZoUK41DaawC4aBMAAAP][o.s.u.c.UpdateCenterDeserializer] l10nzhtw.1.2.sqVersions should be defined
2025.10.24 03:03:21 ERROR web[AZoUK41DaawC4aBMAAAP][o.s.u.c.UpdateCenterDeserializer] Plugin TraditionalChinese Pack version 1.2 should declare compatible SQ versions
2025.10.24 03:03:21 ERROR web[AZoUK41DaawC4aBMAAAP][o.s.u.c.UpdateCenterDeserializer] l10nzhtw.1.3.sqVersions should be defined
2025.10.24 03:03:21 ERROR web[AZoUK41DaawC4aBMAAAP][o.s.u.c.UpdateCenterDeserializer] Plugin TraditionalChinese Pack version 1.3 should declare compatible SQ versions
2025.10.24 03:03:21 ERROR web[AZoUK41DaawC4aBMAAAP][o.s.u.c.UpdateCenterDeserializer] l10nzhtw.1.4.sqVersions should be defined
2025.10.24 03:03:21 ERROR web[AZoUK41DaawC4aBMAAAP][o.s.u.c.UpdateCenterDeserializer] Plugin TraditionalChinese Pack version 1.4 should declare compatible SQ versions
2025.10.24 03:03:21 ERROR web[AZoUK41DaawC4aBMAAAP][o.s.u.c.UpdateCenterDeserializer] l10nzhtw.1.5.sqVersions should be defined
2025.10.24 03:03:21 ERROR web[AZoUK41DaawC4aBMAAAP][o.s.u.c.UpdateCenterDeserializer] Plugin TraditionalChinese Pack version 1.5 should declare compatible SQ versions
2025.10.24 03:03:21 ERROR web[AZoUK41DaawC4aBMAAAP][o.s.u.c.UpdateCenterDeserializer] l10nzhtw.1.6.sqVersions should be defined
2025.10.24 03:03:21 ERROR web[AZoUK41DaawC4aBMAAAP][o.s.u.c.UpdateCenterDeserializer] Plugin TraditionalChinese Pack version 1.6 should declare compatible SQ versions
2025.10.24 03:03:21 ERROR web[AZoUK41DaawC4aBMAAAP][o.s.u.c.UpdateCenterDeserializer] l10nzhtw.1.7.sqVersions should be defined
2025.10.24 03:03:21 ERROR web[AZoUK41DaawC4aBMAAAP][o.s.u.c.UpdateCenterDeserializer] Plugin TraditionalChinese Pack version 1.7 should declare compatible SQ versions
2025.10.24 03:03:21 ERROR web[AZoUK41DaawC4aBMAAAP][o.s.u.c.UpdateCenterDeserializer] magento2php.1.3.0.sqVersions should be defined
2025.10.24 03:03:21 ERROR web[AZoUK41DaawC4aBMAAAP][o.s.u.c.UpdateCenterDeserializer] Plugin PHP Custom Rules for Magento 2 CMS version 1.3.0 should declare compatible SQ versions
2025.10.24 03:03:21 WARN  web[AZoUK41DaawC4aBMAAAP][o.s.u.c.UpdateCenterDeserializer] The plugin magento2php is not compatible with any public SQ versions.
2025.10.24 03:03:21 ERROR web[AZoUK41DaawC4aBMAAAP][o.s.u.c.UpdateCenterDeserializer] openedge.2.30.0.sqVersions should be defined
2025.10.24 03:03:21 ERROR web[AZoUK41DaawC4aBMAAAP][o.s.u.c.UpdateCenterDeserializer] Plugin OpenEdge version 2.30.0 should declare compatible SQ versions
2025.10.24 03:03:21 ERROR web[AZoUK41DaawC4aBMAAAP][o.s.u.c.UpdateCenterDeserializer] scmtfvc.2.5.0.sqVersions should be defined
2025.10.24 03:03:21 ERROR web[AZoUK41DaawC4aBMAAAP][o.s.u.c.UpdateCenterDeserializer] Plugin TFVC version 2.5.0 should declare compatible SQ versions
2025.10.24 03:03:21 INFO  web[AZoUK41DaawC4aBMAAAP][o.s.u.c.UpdateCenter] The plugin 'config' version : 1.2.0.267 has not been found on the update center.
2025.10.24 03:03:21 INFO  web[AZoUK41DaawC4aBMAAAP][o.s.u.c.UpdateCenter] The plugin 'csharp' version : 8.51.0.59060 has not been found on the update center.
2025.10.24 03:03:21 INFO  web[AZoUK41DaawC4aBMAAAP][o.s.u.c.UpdateCenter] The plugin 'flex' version : 2.8.0.3166 has not been found on the update center.
2025.10.24 03:03:21 INFO  web[AZoUK41DaawC4aBMAAAP][o.s.u.c.UpdateCenter] The plugin 'go' version : 1.11.0.3905 has not been found on the update center.
2025.10.24 03:03:21 INFO  web[AZoUK41DaawC4aBMAAAP][o.s.u.c.UpdateCenter] The plugin 'iac' version : 1.11.0.2847 has not been found on the update center.
2025.10.24 03:03:21 INFO  web[AZoUK41DaawC4aBMAAAP][o.s.u.c.UpdateCenter] The plugin 'jacoco' version : 1.3.0.1538 has not been found on the update center.
2025.10.24 03:03:21 INFO  web[AZoUK41DaawC4aBMAAAP][o.s.u.c.UpdateCenter] The plugin 'java' version : 7.16.0.30901 has not been found on the update center.
2025.10.24 03:03:21 INFO  web[AZoUK41DaawC4aBMAAAP][o.s.u.c.UpdateCenter] The plugin 'javascript' version : 9.13.0.20537 has not been found on the update center.
2025.10.24 03:03:21 INFO  web[AZoUK41DaawC4aBMAAAP][o.s.u.c.UpdateCenter] The plugin 'kotlin' version : 2.12.0.1956 has not been found on the update center.
2025.10.24 03:03:21 INFO  web[AZoUK41DaawC4aBMAAAP][o.s.u.c.UpdateCenter] The plugin 'php' version : 3.27.1.9352 has not been found on the update center.
2025.10.24 03:03:21 INFO  web[AZoUK41DaawC4aBMAAAP][o.s.u.c.UpdateCenter] The plugin 'python' version : 3.24.1.11916 has not been found on the update center.
2025.10.24 03:03:21 INFO  web[AZoUK41DaawC4aBMAAAP][o.s.u.c.UpdateCenter] The plugin 'ruby' version : 1.11.0.3905 has not been found on the update center.
2025.10.24 03:03:21 INFO  web[AZoUK41DaawC4aBMAAAP][o.s.u.c.UpdateCenter] The plugin 'sonarscala' version : 1.11.0.3905 has not been found on the update center.
2025.10.24 03:03:21 INFO  web[AZoUK41DaawC4aBMAAAP][o.s.u.c.UpdateCenter] The plugin 'text' version : 2.0.2.1090 has not been found on the update center.
2025.10.24 03:03:21 INFO  web[AZoUK41DaawC4aBMAAAP][o.s.u.c.UpdateCenter] The plugin 'vbnet' version : 8.51.0.59060 has not been found on the update center.
2025.10.24 03:03:21 INFO  web[AZoUK41DaawC4aBMAAAP][o.s.u.c.UpdateCenter] The plugin 'web' version : 3.7.1.3306 has not been found on the update center.
2025.10.24 03:03:21 INFO  web[AZoUK41DaawC4aBMAAAP][o.s.u.c.UpdateCenter] The plugin 'xml' version : 2.7.0.3820 has not been found on the update center.
2025.10.24 03:03:21 INFO  web[AZoUK41DaawC4aBMAAAP][o.s.u.c.UpdateCenter] The plugin 'config' version : 1.2.0.267 has not been found on the update center.
2025.10.24 03:03:21 INFO  web[AZoUK41DaawC4aBMAAAP][o.s.u.c.UpdateCenter] The plugin 'csharp' version : 8.51.0.59060 has not been found on the update center.
2025.10.24 03:03:21 INFO  web[AZoUK41DaawC4aBMAAAP][o.s.u.c.UpdateCenter] The plugin 'flex' version : 2.8.0.3166 has not been found on the update center.
2025.10.24 03:03:21 INFO  web[AZoUK41DaawC4aBMAAAP][o.s.u.c.UpdateCenter] The plugin 'go' version : 1.11.0.3905 has not been found on the update center.
2025.10.24 03:03:21 INFO  web[AZoUK41DaawC4aBMAAAP][o.s.u.c.UpdateCenter] The plugin 'iac' version : 1.11.0.2847 has not been found on the update center.
2025.10.24 03:03:21 INFO  web[AZoUK41DaawC4aBMAAAP][o.s.u.c.UpdateCenter] The plugin 'jacoco' version : 1.3.0.1538 has not been found on the update center.
2025.10.24 03:03:21 INFO  web[AZoUK41DaawC4aBMAAAP][o.s.u.c.UpdateCenter] The plugin 'java' version : 7.16.0.30901 has not been found on the update center.
2025.10.24 03:03:21 INFO  web[AZoUK41DaawC4aBMAAAP][o.s.u.c.UpdateCenter] The plugin 'javascript' version : 9.13.0.20537 has not been found on the update center.
2025.10.24 03:03:21 INFO  web[AZoUK41DaawC4aBMAAAP][o.s.u.c.UpdateCenter] The plugin 'kotlin' version : 2.12.0.1956 has not been found on the update center.
2025.10.24 03:03:21 INFO  web[AZoUK41DaawC4aBMAAAP][o.s.u.c.UpdateCenter] The plugin 'php' version : 3.27.1.9352 has not been found on the update center.
2025.10.24 03:03:21 INFO  web[AZoUK41DaawC4aBMAAAP][o.s.u.c.UpdateCenter] The plugin 'python' version : 3.24.1.11916 has not been found on the update center.
2025.10.24 03:03:21 INFO  web[AZoUK41DaawC4aBMAAAP][o.s.u.c.UpdateCenter] The plugin 'ruby' version : 1.11.0.3905 has not been found on the update center.
2025.10.24 03:03:21 INFO  web[AZoUK41DaawC4aBMAAAP][o.s.u.c.UpdateCenter] The plugin 'sonarscala' version : 1.11.0.3905 has not been found on the update center.
2025.10.24 03:03:21 INFO  web[AZoUK41DaawC4aBMAAAP][o.s.u.c.UpdateCenter] The plugin 'text' version : 2.0.2.1090 has not been found on the update center.
2025.10.24 03:03:21 INFO  web[AZoUK41DaawC4aBMAAAP][o.s.u.c.UpdateCenter] The plugin 'vbnet' version : 8.51.0.59060 has not been found on the update center.
2025.10.24 03:03:21 INFO  web[AZoUK41DaawC4aBMAAAP][o.s.u.c.UpdateCenter] The plugin 'web' version : 3.7.1.3306 has not been found on the update center.
2025.10.24 03:03:21 INFO  web[AZoUK41DaawC4aBMAAAP][o.s.u.c.UpdateCenter] The plugin 'xml' version : 2.7.0.3820 has not been found on the update center.
2025.10.24 03:03:21 INFO  web[AZoUK41DaawC4aBMAAAP][o.s.u.c.UpdateCenter] The plugin 'config' version : 1.2.0.267 has not been found on the update center.
2025.10.24 03:03:21 INFO  web[AZoUK41DaawC4aBMAAAP][o.s.u.c.UpdateCenter] The plugin 'csharp' version : 8.51.0.59060 has not been found on the update center.
2025.10.24 03:03:21 INFO  web[AZoUK41DaawC4aBMAAAP][o.s.u.c.UpdateCenter] The plugin 'flex' version : 2.8.0.3166 has not been found on the update center.
2025.10.24 03:03:21 INFO  web[AZoUK41DaawC4aBMAAAP][o.s.u.c.UpdateCenter] The plugin 'go' version : 1.11.0.3905 has not been found on the update center.
2025.10.24 03:03:21 INFO  web[AZoUK41DaawC4aBMAAAP][o.s.u.c.UpdateCenter] The plugin 'iac' version : 1.11.0.2847 has not been found on the update center.
2025.10.24 03:03:21 INFO  web[AZoUK41DaawC4aBMAAAP][o.s.u.c.UpdateCenter] The plugin 'jacoco' version : 1.3.0.1538 has not been found on the update center.
2025.10.24 03:03:21 INFO  web[AZoUK41DaawC4aBMAAAP][o.s.u.c.UpdateCenter] The plugin 'java' version : 7.16.0.30901 has not been found on the update center.
2025.10.24 03:03:21 INFO  web[AZoUK41DaawC4aBMAAAP][o.s.u.c.UpdateCenter] The plugin 'javascript' version : 9.13.0.20537 has not been found on the update center.
2025.10.24 03:03:21 INFO  web[AZoUK41DaawC4aBMAAAP][o.s.u.c.UpdateCenter] The plugin 'kotlin' version : 2.12.0.1956 has not been found on the update center.
2025.10.24 03:03:21 INFO  web[AZoUK41DaawC4aBMAAAP][o.s.u.c.UpdateCenter] The plugin 'php' version : 3.27.1.9352 has not been found on the update center.
2025.10.24 03:03:21 INFO  web[AZoUK41DaawC4aBMAAAP][o.s.u.c.UpdateCenter] The plugin 'python' version : 3.24.1.11916 has not been found on the update center.
2025.10.24 03:03:21 INFO  web[AZoUK41DaawC4aBMAAAP][o.s.u.c.UpdateCenter] The plugin 'ruby' version : 1.11.0.3905 has not been found on the update center.
2025.10.24 03:03:21 INFO  web[AZoUK41DaawC4aBMAAAP][o.s.u.c.UpdateCenter] The plugin 'sonarscala' version : 1.11.0.3905 has not been found on the update center.
2025.10.24 03:03:21 INFO  web[AZoUK41DaawC4aBMAAAP][o.s.u.c.UpdateCenter] The plugin 'text' version : 2.0.2.1090 has not been found on the update center.
2025.10.24 03:03:21 INFO  web[AZoUK41DaawC4aBMAAAP][o.s.u.c.UpdateCenter] The plugin 'vbnet' version : 8.51.0.59060 has not been found on the update center.
2025.10.24 03:03:21 INFO  web[AZoUK41DaawC4aBMAAAP][o.s.u.c.UpdateCenter] The plugin 'web' version : 3.7.1.3306 has not been found on the update center.
2025.10.24 03:03:21 INFO  web[AZoUK41DaawC4aBMAAAP][o.s.u.c.UpdateCenter] The plugin 'xml' version : 2.7.0.3820 has not been found on the update center.
2025.10.24 03:03:21 INFO  web[AZoUK41DaawC4aBMAAAP][o.s.u.c.UpdateCenter] The plugin 'config' version : 1.2.0.267 has not been found on the update center.
2025.10.24 03:03:21 INFO  web[AZoUK41DaawC4aBMAAAP][o.s.u.c.UpdateCenter] The plugin 'csharp' version : 8.51.0.59060 has not been found on the update center.
2025.10.24 03:03:21 INFO  web[AZoUK41DaawC4aBMAAAP][o.s.u.c.UpdateCenter] The plugin 'flex' version : 2.8.0.3166 has not been found on the update center.
2025.10.24 03:03:21 INFO  web[AZoUK41DaawC4aBMAAAP][o.s.u.c.UpdateCenter] The plugin 'go' version : 1.11.0.3905 has not been found on the update center.
2025.10.24 03:03:21 INFO  web[AZoUK41DaawC4aBMAAAP][o.s.u.c.UpdateCenter] The plugin 'iac' version : 1.11.0.2847 has not been found on the update center.
2025.10.24 03:03:21 INFO  web[AZoUK41DaawC4aBMAAAP][o.s.u.c.UpdateCenter] The plugin 'jacoco' version : 1.3.0.1538 has not been found on the update center.
2025.10.24 03:03:21 INFO  web[AZoUK41DaawC4aBMAAAP][o.s.u.c.UpdateCenter] The plugin 'java' version : 7.16.0.30901 has not been found on the update center.
2025.10.24 03:03:21 INFO  web[AZoUK41DaawC4aBMAAAP][o.s.u.c.UpdateCenter] The plugin 'javascript' version : 9.13.0.20537 has not been found on the update center.
2025.10.24 03:03:21 INFO  web[AZoUK41DaawC4aBMAAAP][o.s.u.c.UpdateCenter] The plugin 'kotlin' version : 2.12.0.1956 has not been found on the update center.
2025.10.24 03:03:21 INFO  web[AZoUK41DaawC4aBMAAAP][o.s.u.c.UpdateCenter] The plugin 'php' version : 3.27.1.9352 has not been found on the update center.
2025.10.24 03:03:21 INFO  web[AZoUK41DaawC4aBMAAAP][o.s.u.c.UpdateCenter] The plugin 'python' version : 3.24.1.11916 has not been found on the update center.
2025.10.24 03:03:21 INFO  web[AZoUK41DaawC4aBMAAAP][o.s.u.c.UpdateCenter] The plugin 'ruby' version : 1.11.0.3905 has not been found on the update center.
2025.10.24 03:03:21 INFO  web[AZoUK41DaawC4aBMAAAP][o.s.u.c.UpdateCenter] The plugin 'sonarscala' version : 1.11.0.3905 has not been found on the update center.
2025.10.24 03:03:21 INFO  web[AZoUK41DaawC4aBMAAAP][o.s.u.c.UpdateCenter] The plugin 'text' version : 2.0.2.1090 has not been found on the update center.
2025.10.24 03:03:21 INFO  web[AZoUK41DaawC4aBMAAAP][o.s.u.c.UpdateCenter] The plugin 'vbnet' version : 8.51.0.59060 has not been found on the update center.
2025.10.24 03:03:21 INFO  web[AZoUK41DaawC4aBMAAAP][o.s.u.c.UpdateCenter] The plugin 'web' version : 3.7.1.3306 has not been found on the update center.
2025.10.24 03:03:21 INFO  web[AZoUK41DaawC4aBMAAAP][o.s.u.c.UpdateCenter] The plugin 'xml' version : 2.7.0.3820 has not been found on the update center.
2025.10.24 03:03:21 INFO  web[AZoUK41DaawC4aBMAAAP][o.s.u.c.UpdateCenter] The plugin 'config' version : 1.2.0.267 has not been found on the update center.
2025.10.24 03:03:21 INFO  web[AZoUK41DaawC4aBMAAAP][o.s.u.c.UpdateCenter] The plugin 'csharp' version : 8.51.0.59060 has not been found on the update center.
2025.10.24 03:03:21 INFO  web[AZoUK41DaawC4aBMAAAP][o.s.u.c.UpdateCenter] The plugin 'flex' version : 2.8.0.3166 has not been found on the update center.
2025.10.24 03:03:21 INFO  web[AZoUK41DaawC4aBMAAAP][o.s.u.c.UpdateCenter] The plugin 'go' version : 1.11.0.3905 has not been found on the update center.
2025.10.24 03:03:21 INFO  web[AZoUK41DaawC4aBMAAAP][o.s.u.c.UpdateCenter] The plugin 'iac' version : 1.11.0.2847 has not been found on the update center.
2025.10.24 03:03:21 INFO  web[AZoUK41DaawC4aBMAAAP][o.s.u.c.UpdateCenter] The plugin 'jacoco' version : 1.3.0.1538 has not been found on the update center.
2025.10.24 03:03:21 INFO  web[AZoUK41DaawC4aBMAAAP][o.s.u.c.UpdateCenter] The plugin 'java' version : 7.16.0.30901 has not been found on the update center.
2025.10.24 03:03:21 INFO  web[AZoUK41DaawC4aBMAAAP][o.s.u.c.UpdateCenter] The plugin 'javascript' version : 9.13.0.20537 has not been found on the update center.
2025.10.24 03:03:21 INFO  web[AZoUK41DaawC4aBMAAAP][o.s.u.c.UpdateCenter] The plugin 'kotlin' version : 2.12.0.1956 has not been found on the update center.
2025.10.24 03:03:21 INFO  web[AZoUK41DaawC4aBMAAAP][o.s.u.c.UpdateCenter] The plugin 'php' version : 3.27.1.9352 has not been found on the update center.
2025.10.24 03:03:21 INFO  web[AZoUK41DaawC4aBMAAAP][o.s.u.c.UpdateCenter] The plugin 'python' version : 3.24.1.11916 has not been found on the update center.
2025.10.24 03:03:21 INFO  web[AZoUK41DaawC4aBMAAAP][o.s.u.c.UpdateCenter] The plugin 'ruby' version : 1.11.0.3905 has not been found on the update center.
2025.10.24 03:03:21 INFO  web[AZoUK41DaawC4aBMAAAP][o.s.u.c.UpdateCenter] The plugin 'sonarscala' version : 1.11.0.3905 has not been found on the update center.
2025.10.24 03:03:21 INFO  web[AZoUK41DaawC4aBMAAAP][o.s.u.c.UpdateCenter] The plugin 'text' version : 2.0.2.1090 has not been found on the update center.
2025.10.24 03:03:21 INFO  web[AZoUK41DaawC4aBMAAAP][o.s.u.c.UpdateCenter] The plugin 'vbnet' version : 8.51.0.59060 has not been found on the update center.
2025.10.24 03:03:21 INFO  web[AZoUK41DaawC4aBMAAAP][o.s.u.c.UpdateCenter] The plugin 'web' version : 3.7.1.3306 has not been found on the update center.
2025.10.24 03:03:21 INFO  web[AZoUK41DaawC4aBMAAAP][o.s.u.c.UpdateCenter] The plugin 'xml' version : 2.7.0.3820 has not been found on the update center.
2025.10.24 03:03:21 INFO  web[AZoUK41DaawC4aBMAAAP][o.s.u.c.UpdateCenter] The plugin 'config' version : 1.2.0.267 has not been found on the update center.
2025.10.24 03:03:21 INFO  web[AZoUK41DaawC4aBMAAAP][o.s.u.c.UpdateCenter] The plugin 'csharp' version : 8.51.0.59060 has not been found on the update center.
2025.10.24 03:03:21 INFO  web[AZoUK41DaawC4aBMAAAP][o.s.u.c.UpdateCenter] The plugin 'flex' version : 2.8.0.3166 has not been found on the update center.
2025.10.24 03:03:21 INFO  web[AZoUK41DaawC4aBMAAAP][o.s.u.c.UpdateCenter] The plugin 'go' version : 1.11.0.3905 has not been found on the update center.
2025.10.24 03:03:21 INFO  web[AZoUK41DaawC4aBMAAAP][o.s.u.c.UpdateCenter] The plugin 'iac' version : 1.11.0.2847 has not been found on the update center.
2025.10.24 03:03:21 INFO  web[AZoUK41DaawC4aBMAAAP][o.s.u.c.UpdateCenter] The plugin 'jacoco' version : 1.3.0.1538 has not been found on the update center.
2025.10.24 03:03:21 INFO  web[AZoUK41DaawC4aBMAAAP][o.s.u.c.UpdateCenter] The plugin 'java' version : 7.16.0.30901 has not been found on the update center.
2025.10.24 03:03:21 INFO  web[AZoUK41DaawC4aBMAAAP][o.s.u.c.UpdateCenter] The plugin 'javascript' version : 9.13.0.20537 has not been found on the update center.
2025.10.24 03:03:21 INFO  web[AZoUK41DaawC4aBMAAAP][o.s.u.c.UpdateCenter] The plugin 'kotlin' version : 2.12.0.1956 has not been found on the update center.
2025.10.24 03:03:21 INFO  web[AZoUK41DaawC4aBMAAAP][o.s.u.c.UpdateCenter] The plugin 'php' version : 3.27.1.9352 has not been found on the update center.
2025.10.24 03:03:21 INFO  web[AZoUK41DaawC4aBMAAAP][o.s.u.c.UpdateCenter] The plugin 'python' version : 3.24.1.11916 has not been found on the update center.
2025.10.24 03:03:21 INFO  web[AZoUK41DaawC4aBMAAAP][o.s.u.c.UpdateCenter] The plugin 'ruby' version : 1.11.0.3905 has not been found on the update center.
2025.10.24 03:03:21 INFO  web[AZoUK41DaawC4aBMAAAP][o.s.u.c.UpdateCenter] The plugin 'sonarscala' version : 1.11.0.3905 has not been found on the update center.
2025.10.24 03:03:21 INFO  web[AZoUK41DaawC4aBMAAAP][o.s.u.c.UpdateCenter] The plugin 'text' version : 2.0.2.1090 has not been found on the update center.
2025.10.24 03:03:21 INFO  web[AZoUK41DaawC4aBMAAAP][o.s.u.c.UpdateCenter] The plugin 'vbnet' version : 8.51.0.59060 has not been found on the update center.
2025.10.24 03:03:21 INFO  web[AZoUK41DaawC4aBMAAAP][o.s.u.c.UpdateCenter] The plugin 'web' version : 3.7.1.3306 has not been found on the update center.
2025.10.24 03:03:21 INFO  web[AZoUK41DaawC4aBMAAAP][o.s.u.c.UpdateCenter] The plugin 'xml' version : 2.7.0.3820 has not been found on the update center.
2025.10.24 03:03:21 INFO  web[AZoUK41DaawC4aBMAAAP][o.s.u.c.UpdateCenter] The plugin 'config' version : 1.2.0.267 has not been found on the update center.
2025.10.24 03:03:21 INFO  web[AZoUK41DaawC4aBMAAAP][o.s.u.c.UpdateCenter] The plugin 'csharp' version : 8.51.0.59060 has not been found on the update center.
2025.10.24 03:03:21 INFO  web[AZoUK41DaawC4aBMAAAP][o.s.u.c.UpdateCenter] The plugin 'flex' version : 2.8.0.3166 has not been found on the update center.
2025.10.24 03:03:21 INFO  web[AZoUK41DaawC4aBMAAAP][o.s.u.c.UpdateCenter] The plugin 'go' version : 1.11.0.3905 has not been found on the update center.
2025.10.24 03:03:21 INFO  web[AZoUK41DaawC4aBMAAAP][o.s.u.c.UpdateCenter] The plugin 'iac' version : 1.11.0.2847 has not been found on the update center.
2025.10.24 03:03:21 INFO  web[AZoUK41DaawC4aBMAAAP][o.s.u.c.UpdateCenter] The plugin 'jacoco' version : 1.3.0.1538 has not been found on the update center.
2025.10.24 03:03:21 INFO  web[AZoUK41DaawC4aBMAAAP][o.s.u.c.UpdateCenter] The plugin 'java' version : 7.16.0.30901 has not been found on the update center.
2025.10.24 03:03:21 INFO  web[AZoUK41DaawC4aBMAAAP][o.s.u.c.UpdateCenter] The plugin 'javascript' version : 9.13.0.20537 has not been found on the update center.
2025.10.24 03:03:21 INFO  web[AZoUK41DaawC4aBMAAAP][o.s.u.c.UpdateCenter] The plugin 'kotlin' version : 2.12.0.1956 has not been found on the update center.
2025.10.24 03:03:21 INFO  web[AZoUK41DaawC4aBMAAAP][o.s.u.c.UpdateCenter] The plugin 'php' version : 3.27.1.9352 has not been found on the update center.
2025.10.24 03:03:21 INFO  web[AZoUK41DaawC4aBMAAAP][o.s.u.c.UpdateCenter] The plugin 'python' version : 3.24.1.11916 has not been found on the update center.
2025.10.24 03:03:21 INFO  web[AZoUK41DaawC4aBMAAAP][o.s.u.c.UpdateCenter] The plugin 'ruby' version : 1.11.0.3905 has not been found on the update center.
2025.10.24 03:03:21 INFO  web[AZoUK41DaawC4aBMAAAP][o.s.u.c.UpdateCenter] The plugin 'sonarscala' version : 1.11.0.3905 has not been found on the update center.
2025.10.24 03:03:21 INFO  web[AZoUK41DaawC4aBMAAAP][o.s.u.c.UpdateCenter] The plugin 'text' version : 2.0.2.1090 has not been found on the update center.
2025.10.24 03:03:21 INFO  web[AZoUK41DaawC4aBMAAAP][o.s.u.c.UpdateCenter] The plugin 'vbnet' version : 8.51.0.59060 has not been found on the update center.
2025.10.24 03:03:21 INFO  web[AZoUK41DaawC4aBMAAAP][o.s.u.c.UpdateCenter] The plugin 'web' version : 3.7.1.3306 has not been found on the update center.
2025.10.24 03:03:21 INFO  web[AZoUK41DaawC4aBMAAAP][o.s.u.c.UpdateCenter] The plugin 'xml' version : 2.7.0.3820 has not been found on the update center.
2025.10.24 03:03:21 INFO  web[AZoUK41DaawC4aBMAAAP][o.s.u.c.UpdateCenter] The plugin 'config' version : 1.2.0.267 has not been found on the update center.
2025.10.24 03:03:21 INFO  web[AZoUK41DaawC4aBMAAAP][o.s.u.c.UpdateCenter] The plugin 'csharp' version : 8.51.0.59060 has not been found on the update center.
2025.10.24 03:03:21 INFO  web[AZoUK41DaawC4aBMAAAP][o.s.u.c.UpdateCenter] The plugin 'flex' version : 2.8.0.3166 has not been found on the update center.
2025.10.24 03:03:21 INFO  web[AZoUK41DaawC4aBMAAAP][o.s.u.c.UpdateCenter] The plugin 'go' version : 1.11.0.3905 has not been found on the update center.
2025.10.24 03:03:21 INFO  web[AZoUK41DaawC4aBMAAAP][o.s.u.c.UpdateCenter] The plugin 'iac' version : 1.11.0.2847 has not been found on the update center.
2025.10.24 03:03:21 INFO  web[AZoUK41DaawC4aBMAAAP][o.s.u.c.UpdateCenter] The plugin 'jacoco' version : 1.3.0.1538 has not been found on the update center.
2025.10.24 03:03:21 INFO  web[AZoUK41DaawC4aBMAAAP][o.s.u.c.UpdateCenter] The plugin 'java' version : 7.16.0.30901 has not been found on the update center.
2025.10.24 03:03:21 INFO  web[AZoUK41DaawC4aBMAAAP][o.s.u.c.UpdateCenter] The plugin 'javascript' version : 9.13.0.20537 has not been found on the update center.
2025.10.24 03:03:21 INFO  web[AZoUK41DaawC4aBMAAAP][o.s.u.c.UpdateCenter] The plugin 'kotlin' version : 2.12.0.1956 has not been found on the update center.
2025.10.24 03:03:21 INFO  web[AZoUK41DaawC4aBMAAAP][o.s.u.c.UpdateCenter] The plugin 'php' version : 3.27.1.9352 has not been found on the update center.
2025.10.24 03:03:21 INFO  web[AZoUK41DaawC4aBMAAAP][o.s.u.c.UpdateCenter] The plugin 'python' version : 3.24.1.11916 has not been found on the update center.
2025.10.24 03:03:21 INFO  web[AZoUK41DaawC4aBMAAAP][o.s.u.c.UpdateCenter] The plugin 'ruby' version : 1.11.0.3905 has not been found on the update center.
2025.10.24 03:03:21 INFO  web[AZoUK41DaawC4aBMAAAP][o.s.u.c.UpdateCenter] The plugin 'sonarscala' version : 1.11.0.3905 has not been found on the update center.
2025.10.24 03:03:21 INFO  web[AZoUK41DaawC4aBMAAAP][o.s.u.c.UpdateCenter] The plugin 'text' version : 2.0.2.1090 has not been found on the update center.
2025.10.24 03:03:21 INFO  web[AZoUK41DaawC4aBMAAAP][o.s.u.c.UpdateCenter] The plugin 'vbnet' version : 8.51.0.59060 has not been found on the update center.
2025.10.24 03:03:21 INFO  web[AZoUK41DaawC4aBMAAAP][o.s.u.c.UpdateCenter] The plugin 'web' version : 3.7.1.3306 has not been found on the update center.
2025.10.24 03:03:21 INFO  web[AZoUK41DaawC4aBMAAAP][o.s.u.c.UpdateCenter] The plugin 'xml' version : 2.7.0.3820 has not been found on the update center.
2025.10.24 03:03:21 INFO  web[AZoUK41DaawC4aBMAAAP][o.s.u.c.UpdateCenter] The plugin 'config' version : 1.2.0.267 has not been found on the update center.
2025.10.24 03:03:21 INFO  web[AZoUK41DaawC4aBMAAAP][o.s.u.c.UpdateCenter] The plugin 'csharp' version : 8.51.0.59060 has not been found on the update center.
2025.10.24 03:03:21 INFO  web[AZoUK41DaawC4aBMAAAP][o.s.u.c.UpdateCenter] The plugin 'flex' version : 2.8.0.3166 has not been found on the update center.
2025.10.24 03:03:21 INFO  web[AZoUK41DaawC4aBMAAAP][o.s.u.c.UpdateCenter] The plugin 'go' version : 1.11.0.3905 has not been found on the update center.
2025.10.24 03:03:21 INFO  web[AZoUK41DaawC4aBMAAAP][o.s.u.c.UpdateCenter] The plugin 'iac' version : 1.11.0.2847 has not been found on the update center.
2025.10.24 03:03:21 INFO  web[AZoUK41DaawC4aBMAAAP][o.s.u.c.UpdateCenter] The plugin 'jacoco' version : 1.3.0.1538 has not been found on the update center.
2025.10.24 03:03:21 INFO  web[AZoUK41DaawC4aBMAAAP][o.s.u.c.UpdateCenter] The plugin 'java' version : 7.16.0.30901 has not been found on the update center.
2025.10.24 03:03:21 INFO  web[AZoUK41DaawC4aBMAAAP][o.s.u.c.UpdateCenter] The plugin 'javascript' version : 9.13.0.20537 has not been found on the update center.
2025.10.24 03:03:21 INFO  web[AZoUK41DaawC4aBMAAAP][o.s.u.c.UpdateCenter] The plugin 'kotlin' version : 2.12.0.1956 has not been found on the update center.
2025.10.24 03:03:21 INFO  web[AZoUK41DaawC4aBMAAAP][o.s.u.c.UpdateCenter] The plugin 'php' version : 3.27.1.9352 has not been found on the update center.
2025.10.24 03:03:21 INFO  web[AZoUK41DaawC4aBMAAAP][o.s.u.c.UpdateCenter] The plugin 'python' version : 3.24.1.11916 has not been found on the update center.
2025.10.24 03:03:21 INFO  web[AZoUK41DaawC4aBMAAAP][o.s.u.c.UpdateCenter] The plugin 'ruby' version : 1.11.0.3905 has not been found on the update center.
2025.10.24 03:03:21 INFO  web[AZoUK41DaawC4aBMAAAP][o.s.u.c.UpdateCenter] The plugin 'sonarscala' version : 1.11.0.3905 has not been found on the update center.
2025.10.24 03:03:21 INFO  web[AZoUK41DaawC4aBMAAAP][o.s.u.c.UpdateCenter] The plugin 'text' version : 2.0.2.1090 has not been found on the update center.
2025.10.24 03:03:21 INFO  web[AZoUK41DaawC4aBMAAAP][o.s.u.c.UpdateCenter] The plugin 'vbnet' version : 8.51.0.59060 has not been found on the update center.
2025.10.24 03:03:21 INFO  web[AZoUK41DaawC4aBMAAAP][o.s.u.c.UpdateCenter] The plugin 'web' version : 3.7.1.3306 has not been found on the update center.
2025.10.24 03:03:21 INFO  web[AZoUK41DaawC4aBMAAAP][o.s.u.c.UpdateCenter] The plugin 'xml' version : 2.7.0.3820 has not been found on the update center.
2025.10.24 03:03:21 INFO  web[AZoUK41DaawC4aBMAAAP][o.s.u.c.UpdateCenter] The plugin 'config' version : 1.2.0.267 has not been found on the update center.
2025.10.24 03:03:21 INFO  web[AZoUK41DaawC4aBMAAAP][o.s.u.c.UpdateCenter] The plugin 'csharp' version : 8.51.0.59060 has not been found on the update center.
2025.10.24 03:03:21 INFO  web[AZoUK41DaawC4aBMAAAP][o.s.u.c.UpdateCenter] The plugin 'flex' version : 2.8.0.3166 has not been found on the update center.
2025.10.24 03:03:21 INFO  web[AZoUK41DaawC4aBMAAAP][o.s.u.c.UpdateCenter] The plugin 'go' version : 1.11.0.3905 has not been found on the update center.
2025.10.24 03:03:21 INFO  web[AZoUK41DaawC4aBMAAAP][o.s.u.c.UpdateCenter] The plugin 'iac' version : 1.11.0.2847 has not been found on the update center.
2025.10.24 03:03:21 INFO  web[AZoUK41DaawC4aBMAAAP][o.s.u.c.UpdateCenter] The plugin 'jacoco' version : 1.3.0.1538 has not been found on the update center.
2025.10.24 03:03:21 INFO  web[AZoUK41DaawC4aBMAAAP][o.s.u.c.UpdateCenter] The plugin 'java' version : 7.16.0.30901 has not been found on the update center.
2025.10.24 03:03:21 INFO  web[AZoUK41DaawC4aBMAAAP][o.s.u.c.UpdateCenter] The plugin 'javascript' version : 9.13.0.20537 has not been found on the update center.
2025.10.24 03:03:21 INFO  web[AZoUK41DaawC4aBMAAAP][o.s.u.c.UpdateCenter] The plugin 'kotlin' version : 2.12.0.1956 has not been found on the update center.
2025.10.24 03:03:21 INFO  web[AZoUK41DaawC4aBMAAAP][o.s.u.c.UpdateCenter] The plugin 'php' version : 3.27.1.9352 has not been found on the update center.
2025.10.24 03:03:21 INFO  web[AZoUK41DaawC4aBMAAAP][o.s.u.c.UpdateCenter] The plugin 'python' version : 3.24.1.11916 has not been found on the update center.
2025.10.24 03:03:21 INFO  web[AZoUK41DaawC4aBMAAAP][o.s.u.c.UpdateCenter] The plugin 'ruby' version : 1.11.0.3905 has not been found on the update center.
2025.10.24 03:03:21 INFO  web[AZoUK41DaawC4aBMAAAP][o.s.u.c.UpdateCenter] The plugin 'sonarscala' version : 1.11.0.3905 has not been found on the update center.
2025.10.24 03:03:21 INFO  web[AZoUK41DaawC4aBMAAAP][o.s.u.c.UpdateCenter] The plugin 'text' version : 2.0.2.1090 has not been found on the update center.
2025.10.24 03:03:21 INFO  web[AZoUK41DaawC4aBMAAAP][o.s.u.c.UpdateCenter] The plugin 'vbnet' version : 8.51.0.59060 has not been found on the update center.
2025.10.24 03:03:21 INFO  web[AZoUK41DaawC4aBMAAAP][o.s.u.c.UpdateCenter] The plugin 'web' version : 3.7.1.3306 has not been found on the update center.
2025.10.24 03:03:21 INFO  web[AZoUK41DaawC4aBMAAAP][o.s.u.c.UpdateCenter] The plugin 'xml' version : 2.7.0.3820 has not been found on the update center.
2025.10.24 03:03:21 INFO  web[AZoUK41DaawC4aBMAAAP][o.s.u.c.UpdateCenter] The plugin 'config' version : 1.2.0.267 has not been found on the update center.
2025.10.24 03:03:21 INFO  web[AZoUK41DaawC4aBMAAAP][o.s.u.c.UpdateCenter] The plugin 'csharp' version : 8.51.0.59060 has not been found on the update center.
2025.10.24 03:03:21 INFO  web[AZoUK41DaawC4aBMAAAP][o.s.u.c.UpdateCenter] The plugin 'flex' version : 2.8.0.3166 has not been found on the update center.
2025.10.24 03:03:21 INFO  web[AZoUK41DaawC4aBMAAAP][o.s.u.c.UpdateCenter] The plugin 'go' version : 1.11.0.3905 has not been found on the update center.
2025.10.24 03:03:21 INFO  web[AZoUK41DaawC4aBMAAAP][o.s.u.c.UpdateCenter] The plugin 'iac' version : 1.11.0.2847 has not been found on the update center.
2025.10.24 03:03:21 INFO  web[AZoUK41DaawC4aBMAAAP][o.s.u.c.UpdateCenter] The plugin 'jacoco' version : 1.3.0.1538 has not been found on the update center.
2025.10.24 03:03:21 INFO  web[AZoUK41DaawC4aBMAAAP][o.s.u.c.UpdateCenter] The plugin 'java' version : 7.16.0.30901 has not been found on the update center.
2025.10.24 03:03:21 INFO  web[AZoUK41DaawC4aBMAAAP][o.s.u.c.UpdateCenter] The plugin 'javascript' version : 9.13.0.20537 has not been found on the update center.
2025.10.24 03:03:21 INFO  web[AZoUK41DaawC4aBMAAAP][o.s.u.c.UpdateCenter] The plugin 'kotlin' version : 2.12.0.1956 has not been found on the update center.
2025.10.24 03:03:21 INFO  web[AZoUK41DaawC4aBMAAAP][o.s.u.c.UpdateCenter] The plugin 'php' version : 3.27.1.9352 has not been found on the update center.
2025.10.24 03:03:21 INFO  web[AZoUK41DaawC4aBMAAAP][o.s.u.c.UpdateCenter] The plugin 'python' version : 3.24.1.11916 has not been found on the update center.
2025.10.24 03:03:21 INFO  web[AZoUK41DaawC4aBMAAAP][o.s.u.c.UpdateCenter] The plugin 'ruby' version : 1.11.0.3905 has not been found on the update center.
2025.10.24 03:03:21 INFO  web[AZoUK41DaawC4aBMAAAP][o.s.u.c.UpdateCenter] The plugin 'sonarscala' version : 1.11.0.3905 has not been found on the update center.
2025.10.24 03:03:21 INFO  web[AZoUK41DaawC4aBMAAAP][o.s.u.c.UpdateCenter] The plugin 'text' version : 2.0.2.1090 has not been found on the update center.
2025.10.24 03:03:21 INFO  web[AZoUK41DaawC4aBMAAAP][o.s.u.c.UpdateCenter] The plugin 'vbnet' version : 8.51.0.59060 has not been found on the update center.
2025.10.24 03:03:21 INFO  web[AZoUK41DaawC4aBMAAAP][o.s.u.c.UpdateCenter] The plugin 'web' version : 3.7.1.3306 has not been found on the update center.
2025.10.24 03:03:21 INFO  web[AZoUK41DaawC4aBMAAAP][o.s.u.c.UpdateCenter] The plugin 'xml' version : 2.7.0.3820 has not been found on the update center.
2025.10.24 03:03:21 INFO  web[AZoUK41DaawC4aBMAAAP][o.s.u.c.UpdateCenter] The plugin 'config' version : 1.2.0.267 has not been found on the update center.
2025.10.24 03:03:21 INFO  web[AZoUK41DaawC4aBMAAAP][o.s.u.c.UpdateCenter] The plugin 'csharp' version : 8.51.0.59060 has not been found on the update center.
2025.10.24 03:03:21 INFO  web[AZoUK41DaawC4aBMAAAP][o.s.u.c.UpdateCenter] The plugin 'flex' version : 2.8.0.3166 has not been found on the update center.
2025.10.24 03:03:21 INFO  web[AZoUK41DaawC4aBMAAAP][o.s.u.c.UpdateCenter] The plugin 'go' version : 1.11.0.3905 has not been found on the update center.
2025.10.24 03:03:21 INFO  web[AZoUK41DaawC4aBMAAAP][o.s.u.c.UpdateCenter] The plugin 'iac' version : 1.11.0.2847 has not been found on the update center.
2025.10.24 03:03:21 INFO  web[AZoUK41DaawC4aBMAAAP][o.s.u.c.UpdateCenter] The plugin 'jacoco' version : 1.3.0.1538 has not been found on the update center.
2025.10.24 03:03:21 INFO  web[AZoUK41DaawC4aBMAAAP][o.s.u.c.UpdateCenter] The plugin 'java' version : 7.16.0.30901 has not been found on the update center.
2025.10.24 03:03:21 INFO  web[AZoUK41DaawC4aBMAAAP][o.s.u.c.UpdateCenter] The plugin 'javascript' version : 9.13.0.20537 has not been found on the update center.
2025.10.24 03:03:21 INFO  web[AZoUK41DaawC4aBMAAAP][o.s.u.c.UpdateCenter] The plugin 'kotlin' version : 2.12.0.1956 has not been found on the update center.
2025.10.24 03:03:21 INFO  web[AZoUK41DaawC4aBMAAAP][o.s.u.c.UpdateCenter] The plugin 'php' version : 3.27.1.9352 has not been found on the update center.
2025.10.24 03:03:21 INFO  web[AZoUK41DaawC4aBMAAAP][o.s.u.c.UpdateCenter] The plugin 'python' version : 3.24.1.11916 has not been found on the update center.
2025.10.24 03:03:21 INFO  web[AZoUK41DaawC4aBMAAAP][o.s.u.c.UpdateCenter] The plugin 'ruby' version : 1.11.0.3905 has not been found on the update center.
2025.10.24 03:03:21 INFO  web[AZoUK41DaawC4aBMAAAP][o.s.u.c.UpdateCenter] The plugin 'sonarscala' version : 1.11.0.3905 has not been found on the update center.
2025.10.24 03:03:21 INFO  web[AZoUK41DaawC4aBMAAAP][o.s.u.c.UpdateCenter] The plugin 'text' version : 2.0.2.1090 has not been found on the update center.
2025.10.24 03:03:21 INFO  web[AZoUK41DaawC4aBMAAAP][o.s.u.c.UpdateCenter] The plugin 'vbnet' version : 8.51.0.59060 has not been found on the update center.
2025.10.24 03:03:21 INFO  web[AZoUK41DaawC4aBMAAAP][o.s.u.c.UpdateCenter] The plugin 'web' version : 3.7.1.3306 has not been found on the update center.
2025.10.24 03:03:21 INFO  web[AZoUK41DaawC4aBMAAAP][o.s.u.c.UpdateCenter] The plugin 'xml' version : 2.7.0.3820 has not been found on the update center.
2025.10.24 03:03:21 INFO  web[AZoUK41DaawC4aBMAAAP][o.s.u.c.UpdateCenter] The plugin 'config' version : 1.2.0.267 has not been found on the update center.
2025.10.24 03:03:21 INFO  web[AZoUK41DaawC4aBMAAAP][o.s.u.c.UpdateCenter] The plugin 'csharp' version : 8.51.0.59060 has not been found on the update center.
2025.10.24 03:03:21 INFO  web[AZoUK41DaawC4aBMAAAP][o.s.u.c.UpdateCenter] The plugin 'flex' version : 2.8.0.3166 has not been found on the update center.
2025.10.24 03:03:21 INFO  web[AZoUK41DaawC4aBMAAAP][o.s.u.c.UpdateCenter] The plugin 'go' version : 1.11.0.3905 has not been found on the update center.
2025.10.24 03:03:21 INFO  web[AZoUK41DaawC4aBMAAAP][o.s.u.c.UpdateCenter] The plugin 'iac' version : 1.11.0.2847 has not been found on the update center.
2025.10.24 03:03:21 INFO  web[AZoUK41DaawC4aBMAAAP][o.s.u.c.UpdateCenter] The plugin 'jacoco' version : 1.3.0.1538 has not been found on the update center.
2025.10.24 03:03:21 INFO  web[AZoUK41DaawC4aBMAAAP][o.s.u.c.UpdateCenter] The plugin 'java' version : 7.16.0.30901 has not been found on the update center.
2025.10.24 03:03:21 INFO  web[AZoUK41DaawC4aBMAAAP][o.s.u.c.UpdateCenter] The plugin 'javascript' version : 9.13.0.20537 has not been found on the update center.
2025.10.24 03:03:21 INFO  web[AZoUK41DaawC4aBMAAAP][o.s.u.c.UpdateCenter] The plugin 'kotlin' version : 2.12.0.1956 has not been found on the update center.
2025.10.24 03:03:21 INFO  web[AZoUK41DaawC4aBMAAAP][o.s.u.c.UpdateCenter] The plugin 'php' version : 3.27.1.9352 has not been found on the update center.
2025.10.24 03:03:21 INFO  web[AZoUK41DaawC4aBMAAAP][o.s.u.c.UpdateCenter] The plugin 'python' version : 3.24.1.11916 has not been found on the update center.
2025.10.24 03:03:21 INFO  web[AZoUK41DaawC4aBMAAAP][o.s.u.c.UpdateCenter] The plugin 'ruby' version : 1.11.0.3905 has not been found on the update center.
2025.10.24 03:03:21 INFO  web[AZoUK41DaawC4aBMAAAP][o.s.u.c.UpdateCenter] The plugin 'sonarscala' version : 1.11.0.3905 has not been found on the update center.
2025.10.24 03:03:21 INFO  web[AZoUK41DaawC4aBMAAAP][o.s.u.c.UpdateCenter] The plugin 'text' version : 2.0.2.1090 has not been found on the update center.
2025.10.24 03:03:21 INFO  web[AZoUK41DaawC4aBMAAAP][o.s.u.c.UpdateCenter] The plugin 'vbnet' version : 8.51.0.59060 has not been found on the update center.
2025.10.24 03:03:21 INFO  web[AZoUK41DaawC4aBMAAAP][o.s.u.c.UpdateCenter] The plugin 'web' version : 3.7.1.3306 has not been found on the update center.
2025.10.24 03:03:21 INFO  web[AZoUK41DaawC4aBMAAAP][o.s.u.c.UpdateCenter] The plugin 'xml' version : 2.7.0.3820 has not been found on the update center.
2025.10.24 03:03:21 INFO  web[AZoUK41DaawC4aBMAAAP][o.s.u.c.UpdateCenter] The plugin 'config' version : 1.2.0.267 has not been found on the update center.
2025.10.24 03:03:21 INFO  web[AZoUK41DaawC4aBMAAAP][o.s.u.c.UpdateCenter] The plugin 'csharp' version : 8.51.0.59060 has not been found on the update center.
2025.10.24 03:03:21 INFO  web[AZoUK41DaawC4aBMAAAP][o.s.u.c.UpdateCenter] The plugin 'flex' version : 2.8.0.3166 has not been found on the update center.
2025.10.24 03:03:21 INFO  web[AZoUK41DaawC4aBMAAAP][o.s.u.c.UpdateCenter] The plugin 'go' version : 1.11.0.3905 has not been found on the update center.
2025.10.24 03:03:21 INFO  web[AZoUK41DaawC4aBMAAAP][o.s.u.c.UpdateCenter] The plugin 'iac' version : 1.11.0.2847 has not been found on the update center.
2025.10.24 03:03:21 INFO  web[AZoUK41DaawC4aBMAAAP][o.s.u.c.UpdateCenter] The plugin 'jacoco' version : 1.3.0.1538 has not been found on the update center.
2025.10.24 03:03:21 INFO  web[AZoUK41DaawC4aBMAAAP][o.s.u.c.UpdateCenter] The plugin 'java' version : 7.16.0.30901 has not been found on the update center.
2025.10.24 03:03:21 INFO  web[AZoUK41DaawC4aBMAAAP][o.s.u.c.UpdateCenter] The plugin 'javascript' version : 9.13.0.20537 has not been found on the update center.
2025.10.24 03:03:21 INFO  web[AZoUK41DaawC4aBMAAAP][o.s.u.c.UpdateCenter] The plugin 'kotlin' version : 2.12.0.1956 has not been found on the update center.
2025.10.24 03:03:21 INFO  web[AZoUK41DaawC4aBMAAAP][o.s.u.c.UpdateCenter] The plugin 'php' version : 3.27.1.9352 has not been found on the update center.
2025.10.24 03:03:21 INFO  web[AZoUK41DaawC4aBMAAAP][o.s.u.c.UpdateCenter] The plugin 'python' version : 3.24.1.11916 has not been found on the update center.
2025.10.24 03:03:21 INFO  web[AZoUK41DaawC4aBMAAAP][o.s.u.c.UpdateCenter] The plugin 'ruby' version : 1.11.0.3905 has not been found on the update center.
2025.10.24 03:03:21 INFO  web[AZoUK41DaawC4aBMAAAP][o.s.u.c.UpdateCenter] The plugin 'sonarscala' version : 1.11.0.3905 has not been found on the update center.
2025.10.24 03:03:21 INFO  web[AZoUK41DaawC4aBMAAAP][o.s.u.c.UpdateCenter] The plugin 'text' version : 2.0.2.1090 has not been found on the update center.
2025.10.24 03:03:21 INFO  web[AZoUK41DaawC4aBMAAAP][o.s.u.c.UpdateCenter] The plugin 'vbnet' version : 8.51.0.59060 has not been found on the update center.
2025.10.24 03:03:21 INFO  web[AZoUK41DaawC4aBMAAAP][o.s.u.c.UpdateCenter] The plugin 'web' version : 3.7.1.3306 has not been found on the update center.
2025.10.24 03:03:21 INFO  web[AZoUK41DaawC4aBMAAAP][o.s.u.c.UpdateCenter] The plugin 'xml' version : 2.7.0.3820 has not been found on the update center.
2025.10.24 03:05:05 INFO  web[][o.s.p.ProcessEntryPoint] Gracefully stopping process
2025.10.24 03:05:05 INFO  web[][o.s.s.n.NotificationDaemon] Notification service stopped
2025.10.24 03:05:05 INFO  web[][c.z.h.HikariDataSource] HikariPool-1 - Shutdown initiated...
2025.10.24 03:05:05 INFO  web[][c.z.h.HikariDataSource] HikariPool-1 - Shutdown completed.
2025.10.24 03:05:05 INFO  web[][o.s.s.p.d.EmbeddedDatabase] Embedded database stopped
2025.10.24 03:05:05 WARN  web[][o.a.c.l.WebappClassLoaderBase] The web application [ROOT] appears to have started a thread named [OkHttp downloads.sonarsource.com] but has failed to stop it. This is very likely to create a memory leak. Stack trace of thread:\n java.base@17.0.16/sun.nio.ch.Net.poll(Native Method)\n java.base@17.0.16/sun.nio.ch.NioSocketImpl.park(Unknown Source)\n java.base@17.0.16/sun.nio.ch.NioSocketImpl.park(Unknown Source)\n java.base@17.0.16/sun.nio.ch.NioSocketImpl.implRead(Unknown Source)\n java.base@17.0.16/sun.nio.ch.NioSocketImpl.read(Unknown Source)\n java.base@17.0.16/sun.nio.ch.NioSocketImpl$1.read(Unknown Source)\n java.base@17.0.16/java.net.Socket$SocketInputStream.read(Unknown Source)\n java.base@17.0.16/sun.security.ssl.SSLSocketInputRecord.read(Unknown Source)\n java.base@17.0.16/sun.security.ssl.SSLSocketInputRecord.readHeader(Unknown Source)\n java.base@17.0.16/sun.security.ssl.SSLSocketInputRecord.bytesInCompletePacket(Unknown Source)\n java.base@17.0.16/sun.security.ssl.SSLSocketImpl.readApplicationRecord(Unknown Source)\n java.base@17.0.16/sun.security.ssl.SSLSocketImpl$AppInputStream.read(Unknown Source)\n app//okio.InputStreamSource.read(JvmOkio.kt:93)\n app//okio.AsyncTimeout$source$1.read(AsyncTimeout.kt:128)\n app//okio.RealBufferedSource.request(RealBufferedSource.kt:209)\n app//okio.RealBufferedSource.require(RealBufferedSource.kt:202)\n app//okhttp3.internal.http2.Http2Reader.nextFrame(Http2Reader.kt:89)\n app//okhttp3.internal.http2.Http2Connection$ReaderRunnable.invoke(Http2Connection.kt:618)\n app//okhttp3.internal.http2.Http2Connection$ReaderRunnable.invoke(Http2Connection.kt:609)\n app//okhttp3.internal.concurrent.TaskQueue$execute$1.runOnce(TaskQueue.kt:98)\n app//okhttp3.internal.concurrent.TaskRunner.runTask(TaskRunner.kt:116)\n app//okhttp3.internal.concurrent.TaskRunner.access$runTask(TaskRunner.kt:42)\n app//okhttp3.internal.concurrent.TaskRunner$runnable$1.run(TaskRunner.kt:65)\n java.base@17.0.16/java.util.concurrent.ThreadPoolExecutor.runWorker(Unknown Source)\n java.base@17.0.16/java.util.concurrent.ThreadPoolExecutor$Worker.run(Unknown Source)\n java.base@17.0.16/java.lang.Thread.run(Unknown Source)
2025.10.24 03:05:05 WARN  web[][o.a.c.l.WebappClassLoaderBase] The web application [ROOT] appears to have started a thread named [OkHttp TaskRunner] but has failed to stop it. This is very likely to create a memory leak. Stack trace of thread:\n java.base@17.0.16/java.lang.Object.wait(Native Method)\n java.base@17.0.16/java.lang.Object.wait(Unknown Source)\n app//okhttp3.internal.concurrent.TaskRunner$RealBackend.coordinatorWait(TaskRunner.kt:294)\n app//okhttp3.internal.concurrent.TaskRunner.awaitTaskToRun(TaskRunner.kt:218)\n app//okhttp3.internal.concurrent.TaskRunner$runnable$1.run(TaskRunner.kt:59)\n java.base@17.0.16/java.util.concurrent.ThreadPoolExecutor.runWorker(Unknown Source)\n java.base@17.0.16/java.util.concurrent.ThreadPoolExecutor$Worker.run(Unknown Source)\n java.base@17.0.16/java.lang.Thread.run(Unknown Source)
2025.10.24 03:05:05 INFO  web[][o.s.s.app.WebServer] Web Server stopped
2025.10.24 03:05:39 INFO  web[][o.s.p.ProcessEntryPoint] Starting Web Server
2025.10.24 03:05:41 INFO  web[][o.s.s.p.LogServerVersion] SonarQube Server / 9.9.8.100196 / a6b73d92af974da59414bc4a00dde2882016ea70
2025.10.24 03:05:43 INFO  web[][o.s.s.p.d.EmbeddedDatabase] Starting embedded database on port 9092 with url jdbc:h2:tcp://127.0.0.1:9092/sonar;NON_KEYWORDS=VALUE
2025.10.24 03:05:43 INFO  web[][o.s.s.p.d.EmbeddedDatabase] Embedded database started. Data stored in: /opt/sonarqube/data
2025.10.24 03:05:43 INFO  web[][o.sonar.db.Database] Create JDBC data source for jdbc:h2:tcp://127.0.0.1:9092/sonar;NON_KEYWORDS=VALUE
2025.10.24 03:05:43 INFO  web[][c.z.h.HikariDataSource] HikariPool-1 - Starting...
2025.10.24 03:05:43 INFO  web[][c.z.h.p.HikariPool] HikariPool-1 - Added connection conn2: url=jdbc:h2:tcp://127.0.0.1:9092/sonar user=
2025.10.24 03:05:43 INFO  web[][c.z.h.HikariDataSource] HikariPool-1 - Start completed.
2025.10.24 03:05:43 WARN  web[][o.s.db.dialect.H2] H2 database should be used for evaluation purpose only.
2025.10.24 03:05:46 INFO  web[][o.s.s.p.ServerFileSystemImpl] SonarQube home: /opt/sonarqube
2025.10.24 03:05:46 INFO  web[][o.s.s.u.SystemPasscodeImpl] System authentication by passcode is disabled
2025.10.24 03:05:46 WARN  web[][o.s.c.a.AnnotationConfigApplicationContext] Exception encountered during context initialization - cancelling refresh attempt: org.springframework.beans.factory.BeanCreationException: Error creating bean with name 'jdk.internal.loader.ClassLoaders$AppClassLoader@6ee6f53-org.sonar.server.plugins.ServerPluginManager': Initialization of bean failed; nested exception is Plugin SonarQube CNES Report [cnesreport] requires at least Sonar Plugin API version 10.7.0.2191 (current: 9.14.0.375)
2025.10.24 03:05:46 ERROR web[][o.s.s.p.PlatformImpl] Web server startup failed
org.springframework.beans.factory.BeanCreationException: Error creating bean with name 'jdk.internal.loader.ClassLoaders$AppClassLoader@6ee6f53-org.sonar.server.plugins.ServerPluginManager': Initialization of bean failed; nested exception is Plugin SonarQube CNES Report [cnesreport] requires at least Sonar Plugin API version 10.7.0.2191 (current: 9.14.0.375)
	at org.springframework.beans.factory.support.AbstractAutowireCapableBeanFactory.doCreateBean(AbstractAutowireCapableBeanFactory.java:628)
	at org.springframework.beans.factory.support.AbstractAutowireCapableBeanFactory.createBean(AbstractAutowireCapableBeanFactory.java:542)
	at org.springframework.beans.factory.support.AbstractBeanFactory.lambda$doGetBean$0(AbstractBeanFactory.java:335)
	at org.springframework.beans.factory.support.DefaultSingletonBeanRegistry.getSingleton(DefaultSingletonBeanRegistry.java:234)
	at org.springframework.beans.factory.support.AbstractBeanFactory.doGetBean(AbstractBeanFactory.java:333)
	at org.springframework.beans.factory.support.AbstractBeanFactory.getBean(AbstractBeanFactory.java:208)
	at org.springframework.beans.factory.support.DefaultListableBeanFactory.preInstantiateSingletons(DefaultListableBeanFactory.java:955)
	at org.springframework.context.support.AbstractApplicationContext.finishBeanFactoryInitialization(AbstractApplicationContext.java:920)
	at org.springframework.context.support.AbstractApplicationContext.refresh(AbstractApplicationContext.java:583)
	at org.sonar.core.platform.SpringComponentContainer.startComponents(SpringComponentContainer.java:187)
	at org.sonar.server.platform.platformlevel.PlatformLevel.start(PlatformLevel.java:80)
	at org.sonar.server.platform.platformlevel.PlatformLevel2.start(PlatformLevel2.java:103)
	at org.sonar.server.platform.PlatformImpl.start(PlatformImpl.java:196)
	at org.sonar.server.platform.PlatformImpl.startLevel2Container(PlatformImpl.java:169)
	at org.sonar.server.platform.PlatformImpl.init(PlatformImpl.java:77)
	at org.sonar.server.platform.web.PlatformServletContextListener.contextInitialized(PlatformServletContextListener.java:43)
	at org.apache.catalina.core.StandardContext.listenerStart(StandardContext.java:4005)
	at org.apache.catalina.core.StandardContext.startInternal(StandardContext.java:4446)
	at org.apache.catalina.util.LifecycleBase.start(LifecycleBase.java:164)
	at org.apache.catalina.core.ContainerBase$StartChild.call(ContainerBase.java:1203)
	at org.apache.catalina.core.ContainerBase$StartChild.call(ContainerBase.java:1193)
	at java.base/java.util.concurrent.FutureTask.run(Unknown Source)
	at org.apache.tomcat.util.threads.InlineExecutorService.execute(InlineExecutorService.java:75)
	at java.base/java.util.concurrent.AbstractExecutorService.submit(Unknown Source)
	at org.apache.catalina.core.ContainerBase.startInternal(ContainerBase.java:749)
	at org.apache.catalina.core.StandardHost.startInternal(StandardHost.java:721)
	at org.apache.catalina.util.LifecycleBase.start(LifecycleBase.java:164)
	at org.apache.catalina.core.ContainerBase$StartChild.call(ContainerBase.java:1203)
	at org.apache.catalina.core.ContainerBase$StartChild.call(ContainerBase.java:1193)
	at java.base/java.util.concurrent.FutureTask.run(Unknown Source)
	at org.apache.tomcat.util.threads.InlineExecutorService.execute(InlineExecutorService.java:75)
	at java.base/java.util.concurrent.AbstractExecutorService.submit(Unknown Source)
	at org.apache.catalina.core.ContainerBase.startInternal(ContainerBase.java:749)
	at org.apache.catalina.core.StandardEngine.startInternal(StandardEngine.java:211)
	at org.apache.catalina.util.LifecycleBase.start(LifecycleBase.java:164)
	at org.apache.catalina.core.StandardService.startInternal(StandardService.java:415)
	at org.apache.catalina.util.LifecycleBase.start(LifecycleBase.java:164)
	at org.apache.catalina.core.StandardServer.startInternal(StandardServer.java:874)
	at org.apache.catalina.util.LifecycleBase.start(LifecycleBase.java:164)
	at org.apache.catalina.startup.Tomcat.start(Tomcat.java:438)
	at org.sonar.server.app.EmbeddedTomcat.start(EmbeddedTomcat.java:72)
	at org.sonar.server.app.WebServer.start(WebServer.java:55)
	at org.sonar.process.ProcessEntryPoint.launch(ProcessEntryPoint.java:97)
	at org.sonar.process.ProcessEntryPoint.launch(ProcessEntryPoint.java:81)
	at org.sonar.server.app.WebServer.main(WebServer.java:104)
Caused by: org.sonar.api.utils.MessageException: Plugin SonarQube CNES Report [cnesreport] requires at least Sonar Plugin API version 10.7.0.2191 (current: 9.14.0.375)
2025.10.24 03:05:46 INFO  web[][c.z.h.HikariDataSource] HikariPool-1 - Shutdown initiated...
2025.10.24 03:05:46 INFO  web[][c.z.h.HikariDataSource] HikariPool-1 - Shutdown completed.
2025.10.24 03:05:46 INFO  web[][o.s.s.p.d.EmbeddedDatabase] Embedded database stopped
2025.10.24 03:05:47 INFO  web[][o.s.s.a.EmbeddedTomcat] HTTP connector enabled on port 9000
2025.10.24 03:05:47 INFO  web[][o.s.p.ProcessEntryPoint] Hard stopping process
2025.10.24 03:07:54 INFO  web[][o.s.p.ProcessEntryPoint] Starting Web Server
2025.10.24 03:07:56 INFO  web[][o.s.s.p.LogServerVersion] SonarQube Server / 9.9.8.100196 / a6b73d92af974da59414bc4a00dde2882016ea70
2025.10.24 03:07:57 INFO  web[][o.s.s.p.d.EmbeddedDatabase] Starting embedded database on port 9092 with url jdbc:h2:tcp://127.0.0.1:9092/sonar;NON_KEYWORDS=VALUE
2025.10.24 03:07:57 INFO  web[][o.s.s.p.d.EmbeddedDatabase] Embedded database started. Data stored in: /opt/sonarqube/data
2025.10.24 03:07:57 INFO  web[][o.sonar.db.Database] Create JDBC data source for jdbc:h2:tcp://127.0.0.1:9092/sonar;NON_KEYWORDS=VALUE
2025.10.24 03:07:57 INFO  web[][c.z.h.HikariDataSource] HikariPool-1 - Starting...
2025.10.24 03:07:57 INFO  web[][c.z.h.p.HikariPool] HikariPool-1 - Added connection conn2: url=jdbc:h2:tcp://127.0.0.1:9092/sonar user=
2025.10.24 03:07:57 INFO  web[][c.z.h.HikariDataSource] HikariPool-1 - Start completed.
2025.10.24 03:07:57 WARN  web[][o.s.db.dialect.H2] H2 database should be used for evaluation purpose only.
2025.10.24 03:07:59 INFO  web[][o.s.s.p.ServerFileSystemImpl] SonarQube home: /opt/sonarqube
2025.10.24 03:07:59 INFO  web[][o.s.s.u.SystemPasscodeImpl] System authentication by passcode is disabled
2025.10.24 03:08:00 WARN  web[][o.s.c.a.AnnotationConfigApplicationContext] Exception encountered during context initialization - cancelling refresh attempt: org.springframework.beans.factory.BeanCreationException: Error creating bean with name 'jdk.internal.loader.ClassLoaders$AppClassLoader@77d67cf3-org.sonar.server.plugins.ServerPluginManager': Initialization of bean failed; nested exception is Plugin SonarQube CNES Report [cnesreport] requires at least Sonar Plugin API version 10.7.0.2191 (current: 9.14.0.375)
2025.10.24 03:08:00 ERROR web[][o.s.s.p.PlatformImpl] Web server startup failed
org.springframework.beans.factory.BeanCreationException: Error creating bean with name 'jdk.internal.loader.ClassLoaders$AppClassLoader@77d67cf3-org.sonar.server.plugins.ServerPluginManager': Initialization of bean failed; nested exception is Plugin SonarQube CNES Report [cnesreport] requires at least Sonar Plugin API version 10.7.0.2191 (current: 9.14.0.375)
	at org.springframework.beans.factory.support.AbstractAutowireCapableBeanFactory.doCreateBean(AbstractAutowireCapableBeanFactory.java:628)
	at org.springframework.beans.factory.support.AbstractAutowireCapableBeanFactory.createBean(AbstractAutowireCapableBeanFactory.java:542)
	at org.springframework.beans.factory.support.AbstractBeanFactory.lambda$doGetBean$0(AbstractBeanFactory.java:335)
	at org.springframework.beans.factory.support.DefaultSingletonBeanRegistry.getSingleton(DefaultSingletonBeanRegistry.java:234)
	at org.springframework.beans.factory.support.AbstractBeanFactory.doGetBean(AbstractBeanFactory.java:333)
	at org.springframework.beans.factory.support.AbstractBeanFactory.getBean(AbstractBeanFactory.java:208)
	at org.springframework.beans.factory.support.DefaultListableBeanFactory.preInstantiateSingletons(DefaultListableBeanFactory.java:955)
	at org.springframework.context.support.AbstractApplicationContext.finishBeanFactoryInitialization(AbstractApplicationContext.java:920)
	at org.springframework.context.support.AbstractApplicationContext.refresh(AbstractApplicationContext.java:583)
	at org.sonar.core.platform.SpringComponentContainer.startComponents(SpringComponentContainer.java:187)
	at org.sonar.server.platform.platformlevel.PlatformLevel.start(PlatformLevel.java:80)
	at org.sonar.server.platform.platformlevel.PlatformLevel2.start(PlatformLevel2.java:103)
	at org.sonar.server.platform.PlatformImpl.start(PlatformImpl.java:196)
	at org.sonar.server.platform.PlatformImpl.startLevel2Container(PlatformImpl.java:169)
	at org.sonar.server.platform.PlatformImpl.init(PlatformImpl.java:77)
	at org.sonar.server.platform.web.PlatformServletContextListener.contextInitialized(PlatformServletContextListener.java:43)
	at org.apache.catalina.core.StandardContext.listenerStart(StandardContext.java:4005)
	at org.apache.catalina.core.StandardContext.startInternal(StandardContext.java:4446)
	at org.apache.catalina.util.LifecycleBase.start(LifecycleBase.java:164)
	at org.apache.catalina.core.ContainerBase$StartChild.call(ContainerBase.java:1203)
	at org.apache.catalina.core.ContainerBase$StartChild.call(ContainerBase.java:1193)
	at java.base/java.util.concurrent.FutureTask.run(Unknown Source)
	at org.apache.tomcat.util.threads.InlineExecutorService.execute(InlineExecutorService.java:75)
	at java.base/java.util.concurrent.AbstractExecutorService.submit(Unknown Source)
	at org.apache.catalina.core.ContainerBase.startInternal(ContainerBase.java:749)
	at org.apache.catalina.core.StandardHost.startInternal(StandardHost.java:721)
	at org.apache.catalina.util.LifecycleBase.start(LifecycleBase.java:164)
	at org.apache.catalina.core.ContainerBase$StartChild.call(ContainerBase.java:1203)
	at org.apache.catalina.core.ContainerBase$StartChild.call(ContainerBase.java:1193)
	at java.base/java.util.concurrent.FutureTask.run(Unknown Source)
	at org.apache.tomcat.util.threads.InlineExecutorService.execute(InlineExecutorService.java:75)
	at java.base/java.util.concurrent.AbstractExecutorService.submit(Unknown Source)
	at org.apache.catalina.core.ContainerBase.startInternal(ContainerBase.java:749)
	at org.apache.catalina.core.StandardEngine.startInternal(StandardEngine.java:211)
	at org.apache.catalina.util.LifecycleBase.start(LifecycleBase.java:164)
	at org.apache.catalina.core.StandardService.startInternal(StandardService.java:415)
	at org.apache.catalina.util.LifecycleBase.start(LifecycleBase.java:164)
	at org.apache.catalina.core.StandardServer.startInternal(StandardServer.java:874)
	at org.apache.catalina.util.LifecycleBase.start(LifecycleBase.java:164)
	at org.apache.catalina.startup.Tomcat.start(Tomcat.java:438)
	at org.sonar.server.app.EmbeddedTomcat.start(EmbeddedTomcat.java:72)
	at org.sonar.server.app.WebServer.start(WebServer.java:55)
	at org.sonar.process.ProcessEntryPoint.launch(ProcessEntryPoint.java:97)
	at org.sonar.process.ProcessEntryPoint.launch(ProcessEntryPoint.java:81)
	at org.sonar.server.app.WebServer.main(WebServer.java:104)
Caused by: org.sonar.api.utils.MessageException: Plugin SonarQube CNES Report [cnesreport] requires at least Sonar Plugin API version 10.7.0.2191 (current: 9.14.0.375)
2025.10.24 03:08:00 INFO  web[][c.z.h.HikariDataSource] HikariPool-1 - Shutdown initiated...
2025.10.24 03:08:00 INFO  web[][c.z.h.HikariDataSource] HikariPool-1 - Shutdown completed.
2025.10.24 03:08:00 INFO  web[][o.s.s.p.d.EmbeddedDatabase] Embedded database stopped
2025.10.24 03:08:01 INFO  web[][o.s.s.a.EmbeddedTomcat] HTTP connector enabled on port 9000
2025.10.24 03:08:01 INFO  web[][o.s.p.ProcessEntryPoint] Hard stopping process
2025.10.24 03:09:03 INFO  web[][o.s.p.ProcessEntryPoint] Starting Web Server
2025.10.24 03:09:05 INFO  web[][o.s.s.p.LogServerVersion] SonarQube Server / 9.9.8.100196 / a6b73d92af974da59414bc4a00dde2882016ea70
2025.10.24 03:09:05 INFO  web[][o.s.s.p.d.EmbeddedDatabase] Starting embedded database on port 9092 with url jdbc:h2:tcp://127.0.0.1:9092/sonar;NON_KEYWORDS=VALUE
2025.10.24 03:09:06 INFO  web[][o.s.s.p.d.EmbeddedDatabase] Embedded database started. Data stored in: /opt/sonarqube/data
2025.10.24 03:09:06 INFO  web[][o.sonar.db.Database] Create JDBC data source for jdbc:h2:tcp://127.0.0.1:9092/sonar;NON_KEYWORDS=VALUE
2025.10.24 03:09:06 INFO  web[][c.z.h.HikariDataSource] HikariPool-1 - Starting...
2025.10.24 03:09:06 INFO  web[][c.z.h.p.HikariPool] HikariPool-1 - Added connection conn2: url=jdbc:h2:tcp://127.0.0.1:9092/sonar user=
2025.10.24 03:09:06 INFO  web[][c.z.h.HikariDataSource] HikariPool-1 - Start completed.
2025.10.24 03:09:06 WARN  web[][o.s.db.dialect.H2] H2 database should be used for evaluation purpose only.
2025.10.24 03:09:08 INFO  web[][o.s.s.p.ServerFileSystemImpl] SonarQube home: /opt/sonarqube
2025.10.24 03:09:08 INFO  web[][o.s.s.u.SystemPasscodeImpl] System authentication by passcode is disabled
2025.10.24 03:09:08 WARN  web[][o.s.c.a.AnnotationConfigApplicationContext] Exception encountered during context initialization - cancelling refresh attempt: org.springframework.beans.factory.BeanCreationException: Error creating bean with name 'jdk.internal.loader.ClassLoaders$AppClassLoader@77d67cf3-org.sonar.server.plugins.ServerPluginManager': Initialization of bean failed; nested exception is Plugin SonarQube CNES Report [cnesreport] requires at least Sonar Plugin API version 10.7.0.2191 (current: 9.14.0.375)
2025.10.24 03:09:08 ERROR web[][o.s.s.p.PlatformImpl] Web server startup failed
org.springframework.beans.factory.BeanCreationException: Error creating bean with name 'jdk.internal.loader.ClassLoaders$AppClassLoader@77d67cf3-org.sonar.server.plugins.ServerPluginManager': Initialization of bean failed; nested exception is Plugin SonarQube CNES Report [cnesreport] requires at least Sonar Plugin API version 10.7.0.2191 (current: 9.14.0.375)
	at org.springframework.beans.factory.support.AbstractAutowireCapableBeanFactory.doCreateBean(AbstractAutowireCapableBeanFactory.java:628)
	at org.springframework.beans.factory.support.AbstractAutowireCapableBeanFactory.createBean(AbstractAutowireCapableBeanFactory.java:542)
	at org.springframework.beans.factory.support.AbstractBeanFactory.lambda$doGetBean$0(AbstractBeanFactory.java:335)
	at org.springframework.beans.factory.support.DefaultSingletonBeanRegistry.getSingleton(DefaultSingletonBeanRegistry.java:234)
	at org.springframework.beans.factory.support.AbstractBeanFactory.doGetBean(AbstractBeanFactory.java:333)
	at org.springframework.beans.factory.support.AbstractBeanFactory.getBean(AbstractBeanFactory.java:208)
	at org.springframework.beans.factory.support.DefaultListableBeanFactory.preInstantiateSingletons(DefaultListableBeanFactory.java:955)
	at org.springframework.context.support.AbstractApplicationContext.finishBeanFactoryInitialization(AbstractApplicationContext.java:920)
	at org.springframework.context.support.AbstractApplicationContext.refresh(AbstractApplicationContext.java:583)
	at org.sonar.core.platform.SpringComponentContainer.startComponents(SpringComponentContainer.java:187)
	at org.sonar.server.platform.platformlevel.PlatformLevel.start(PlatformLevel.java:80)
	at org.sonar.server.platform.platformlevel.PlatformLevel2.start(PlatformLevel2.java:103)
	at org.sonar.server.platform.PlatformImpl.start(PlatformImpl.java:196)
	at org.sonar.server.platform.PlatformImpl.startLevel2Container(PlatformImpl.java:169)
	at org.sonar.server.platform.PlatformImpl.init(PlatformImpl.java:77)
	at org.sonar.server.platform.web.PlatformServletContextListener.contextInitialized(PlatformServletContextListener.java:43)
	at org.apache.catalina.core.StandardContext.listenerStart(StandardContext.java:4005)
	at org.apache.catalina.core.StandardContext.startInternal(StandardContext.java:4446)
	at org.apache.catalina.util.LifecycleBase.start(LifecycleBase.java:164)
	at org.apache.catalina.core.ContainerBase$StartChild.call(ContainerBase.java:1203)
	at org.apache.catalina.core.ContainerBase$StartChild.call(ContainerBase.java:1193)
	at java.base/java.util.concurrent.FutureTask.run(Unknown Source)
	at org.apache.tomcat.util.threads.InlineExecutorService.execute(InlineExecutorService.java:75)
	at java.base/java.util.concurrent.AbstractExecutorService.submit(Unknown Source)
	at org.apache.catalina.core.ContainerBase.startInternal(ContainerBase.java:749)
	at org.apache.catalina.core.StandardHost.startInternal(StandardHost.java:721)
	at org.apache.catalina.util.LifecycleBase.start(LifecycleBase.java:164)
	at org.apache.catalina.core.ContainerBase$StartChild.call(ContainerBase.java:1203)
	at org.apache.catalina.core.ContainerBase$StartChild.call(ContainerBase.java:1193)
	at java.base/java.util.concurrent.FutureTask.run(Unknown Source)
	at org.apache.tomcat.util.threads.InlineExecutorService.execute(InlineExecutorService.java:75)
	at java.base/java.util.concurrent.AbstractExecutorService.submit(Unknown Source)
	at org.apache.catalina.core.ContainerBase.startInternal(ContainerBase.java:749)
	at org.apache.catalina.core.StandardEngine.startInternal(StandardEngine.java:211)
	at org.apache.catalina.util.LifecycleBase.start(LifecycleBase.java:164)
	at org.apache.catalina.core.StandardService.startInternal(StandardService.java:415)
	at org.apache.catalina.util.LifecycleBase.start(LifecycleBase.java:164)
	at org.apache.catalina.core.StandardServer.startInternal(StandardServer.java:874)
	at org.apache.catalina.util.LifecycleBase.start(LifecycleBase.java:164)
	at org.apache.catalina.startup.Tomcat.start(Tomcat.java:438)
	at org.sonar.server.app.EmbeddedTomcat.start(EmbeddedTomcat.java:72)
	at org.sonar.server.app.WebServer.start(WebServer.java:55)
	at org.sonar.process.ProcessEntryPoint.launch(ProcessEntryPoint.java:97)
	at org.sonar.process.ProcessEntryPoint.launch(ProcessEntryPoint.java:81)
	at org.sonar.server.app.WebServer.main(WebServer.java:104)
Caused by: org.sonar.api.utils.MessageException: Plugin SonarQube CNES Report [cnesreport] requires at least Sonar Plugin API version 10.7.0.2191 (current: 9.14.0.375)
2025.10.24 03:09:08 INFO  web[][c.z.h.HikariDataSource] HikariPool-1 - Shutdown initiated...
2025.10.24 03:09:09 INFO  web[][c.z.h.HikariDataSource] HikariPool-1 - Shutdown completed.
2025.10.24 03:09:09 INFO  web[][o.s.s.p.d.EmbeddedDatabase] Embedded database stopped
2025.10.24 03:09:09 INFO  web[][o.s.s.a.EmbeddedTomcat] HTTP connector enabled on port 9000
2025.10.24 03:09:09 INFO  web[][o.s.p.ProcessEntryPoint] Hard stopping process
2025.10.24 03:10:57 INFO  web[][o.s.p.ProcessEntryPoint] Starting Web Server
2025.10.24 03:10:59 INFO  web[][o.s.s.p.LogServerVersion] SonarQube Server / 9.9.8.100196 / a6b73d92af974da59414bc4a00dde2882016ea70
2025.10.24 03:10:59 INFO  web[][o.s.s.p.d.EmbeddedDatabase] Starting embedded database on port 9092 with url jdbc:h2:tcp://127.0.0.1:9092/sonar;NON_KEYWORDS=VALUE
2025.10.24 03:10:59 INFO  web[][o.s.s.p.d.EmbeddedDatabase] Embedded database started. Data stored in: /opt/sonarqube/data
2025.10.24 03:10:59 INFO  web[][o.sonar.db.Database] Create JDBC data source for jdbc:h2:tcp://127.0.0.1:9092/sonar;NON_KEYWORDS=VALUE
2025.10.24 03:10:59 INFO  web[][c.z.h.HikariDataSource] HikariPool-1 - Starting...
2025.10.24 03:11:00 INFO  web[][c.z.h.p.HikariPool] HikariPool-1 - Added connection conn2: url=jdbc:h2:tcp://127.0.0.1:9092/sonar user=
2025.10.24 03:11:00 INFO  web[][c.z.h.HikariDataSource] HikariPool-1 - Start completed.
2025.10.24 03:11:00 WARN  web[][o.s.db.dialect.H2] H2 database should be used for evaluation purpose only.
2025.10.24 03:11:01 INFO  web[][o.s.s.p.ServerFileSystemImpl] SonarQube home: /opt/sonarqube
2025.10.24 03:11:01 INFO  web[][o.s.s.u.SystemPasscodeImpl] System authentication by passcode is disabled
2025.10.24 03:11:02 WARN  web[][o.s.c.a.AnnotationConfigApplicationContext] Exception encountered during context initialization - cancelling refresh attempt: org.springframework.beans.factory.BeanCreationException: Error creating bean with name 'jdk.internal.loader.ClassLoaders$AppClassLoader@77d67cf3-org.sonar.server.plugins.ServerPluginManager': Initialization of bean failed; nested exception is Plugin SonarQube CNES Report [cnesreport] requires at least Sonar Plugin API version 10.7.0.2191 (current: 9.14.0.375)
2025.10.24 03:11:02 ERROR web[][o.s.s.p.PlatformImpl] Web server startup failed
org.springframework.beans.factory.BeanCreationException: Error creating bean with name 'jdk.internal.loader.ClassLoaders$AppClassLoader@77d67cf3-org.sonar.server.plugins.ServerPluginManager': Initialization of bean failed; nested exception is Plugin SonarQube CNES Report [cnesreport] requires at least Sonar Plugin API version 10.7.0.2191 (current: 9.14.0.375)
	at org.springframework.beans.factory.support.AbstractAutowireCapableBeanFactory.doCreateBean(AbstractAutowireCapableBeanFactory.java:628)
	at org.springframework.beans.factory.support.AbstractAutowireCapableBeanFactory.createBean(AbstractAutowireCapableBeanFactory.java:542)
	at org.springframework.beans.factory.support.AbstractBeanFactory.lambda$doGetBean$0(AbstractBeanFactory.java:335)
	at org.springframework.beans.factory.support.DefaultSingletonBeanRegistry.getSingleton(DefaultSingletonBeanRegistry.java:234)
	at org.springframework.beans.factory.support.AbstractBeanFactory.doGetBean(AbstractBeanFactory.java:333)
	at org.springframework.beans.factory.support.AbstractBeanFactory.getBean(AbstractBeanFactory.java:208)
	at org.springframework.beans.factory.support.DefaultListableBeanFactory.preInstantiateSingletons(DefaultListableBeanFactory.java:955)
	at org.springframework.context.support.AbstractApplicationContext.finishBeanFactoryInitialization(AbstractApplicationContext.java:920)
	at org.springframework.context.support.AbstractApplicationContext.refresh(AbstractApplicationContext.java:583)
	at org.sonar.core.platform.SpringComponentContainer.startComponents(SpringComponentContainer.java:187)
	at org.sonar.server.platform.platformlevel.PlatformLevel.start(PlatformLevel.java:80)
	at org.sonar.server.platform.platformlevel.PlatformLevel2.start(PlatformLevel2.java:103)
	at org.sonar.server.platform.PlatformImpl.start(PlatformImpl.java:196)
	at org.sonar.server.platform.PlatformImpl.startLevel2Container(PlatformImpl.java:169)
	at org.sonar.server.platform.PlatformImpl.init(PlatformImpl.java:77)
	at org.sonar.server.platform.web.PlatformServletContextListener.contextInitialized(PlatformServletContextListener.java:43)
	at org.apache.catalina.core.StandardContext.listenerStart(StandardContext.java:4005)
	at org.apache.catalina.core.StandardContext.startInternal(StandardContext.java:4446)
	at org.apache.catalina.util.LifecycleBase.start(LifecycleBase.java:164)
	at org.apache.catalina.core.ContainerBase$StartChild.call(ContainerBase.java:1203)
	at org.apache.catalina.core.ContainerBase$StartChild.call(ContainerBase.java:1193)
	at java.base/java.util.concurrent.FutureTask.run(Unknown Source)
	at org.apache.tomcat.util.threads.InlineExecutorService.execute(InlineExecutorService.java:75)
	at java.base/java.util.concurrent.AbstractExecutorService.submit(Unknown Source)
	at org.apache.catalina.core.ContainerBase.startInternal(ContainerBase.java:749)
	at org.apache.catalina.core.StandardHost.startInternal(StandardHost.java:721)
	at org.apache.catalina.util.LifecycleBase.start(LifecycleBase.java:164)
	at org.apache.catalina.core.ContainerBase$StartChild.call(ContainerBase.java:1203)
	at org.apache.catalina.core.ContainerBase$StartChild.call(ContainerBase.java:1193)
	at java.base/java.util.concurrent.FutureTask.run(Unknown Source)
	at org.apache.tomcat.util.threads.InlineExecutorService.execute(InlineExecutorService.java:75)
	at java.base/java.util.concurrent.AbstractExecutorService.submit(Unknown Source)
	at org.apache.catalina.core.ContainerBase.startInternal(ContainerBase.java:749)
	at org.apache.catalina.core.StandardEngine.startInternal(StandardEngine.java:211)
	at org.apache.catalina.util.LifecycleBase.start(LifecycleBase.java:164)
	at org.apache.catalina.core.StandardService.startInternal(StandardService.java:415)
	at org.apache.catalina.util.LifecycleBase.start(LifecycleBase.java:164)
	at org.apache.catalina.core.StandardServer.startInternal(StandardServer.java:874)
	at org.apache.catalina.util.LifecycleBase.start(LifecycleBase.java:164)
	at org.apache.catalina.startup.Tomcat.start(Tomcat.java:438)
	at org.sonar.server.app.EmbeddedTomcat.start(EmbeddedTomcat.java:72)
	at org.sonar.server.app.WebServer.start(WebServer.java:55)
	at org.sonar.process.ProcessEntryPoint.launch(ProcessEntryPoint.java:97)
	at org.sonar.process.ProcessEntryPoint.launch(ProcessEntryPoint.java:81)
	at org.sonar.server.app.WebServer.main(WebServer.java:104)
Caused by: org.sonar.api.utils.MessageException: Plugin SonarQube CNES Report [cnesreport] requires at least Sonar Plugin API version 10.7.0.2191 (current: 9.14.0.375)
2025.10.24 03:11:02 INFO  web[][c.z.h.HikariDataSource] HikariPool-1 - Shutdown initiated...
2025.10.24 03:11:02 INFO  web[][c.z.h.HikariDataSource] HikariPool-1 - Shutdown completed.
2025.10.24 03:11:02 INFO  web[][o.s.s.p.d.EmbeddedDatabase] Embedded database stopped
2025.10.24 03:11:03 INFO  web[][o.s.s.a.EmbeddedTomcat] HTTP connector enabled on port 9000
2025.10.24 03:11:03 INFO  web[][o.s.p.ProcessEntryPoint] Hard stopping process
